
> ci-policy-app@0.0.0 lint
> eslint .

[BABEL] Note: The code generator has deoptimised the styling of c:\AI\Git\training\HomeHealth\Policies_and_Procedures_V2\.wtpreview\evidence\src\policy\data\achcSurveyProjection.generated.ts as it exceeds the max of 500KB.
[BABEL] Note: The code generator has deoptimised the styling of c:\AI\Git\training\HomeHealth\Policies_and_Procedures_V2\.wtpreview\evidence\src\policy\data\workflows.generated.ts as it exceeds the max of 500KB.
[BABEL] Note: The code generator has deoptimised the styling of c:\AI\Git\training\HomeHealth\Policies_and_Procedures_V2\.wtpreview\evidence\src\policy\data\allPoliciesContent.generated.ts as it exceeds the max of 500KB.
[BABEL] Note: The code generator has deoptimised the styling of c:\AI\Git\training\HomeHealth\Policies_and_Procedures_V2\.wtpreview\gemini\src\policy\data\achcSurveyProjection.generated.ts as it exceeds the max of 500KB.
[BABEL] Note: The code generator has deoptimised the styling of c:\AI\Git\training\HomeHealth\Policies_and_Procedures_V2\.wtpreview\gemini\src\policy\data\workflows.generated.ts as it exceeds the max of 500KB.
[BABEL] Note: The code generator has deoptimised the styling of c:\AI\Git\training\HomeHealth\Policies_and_Procedures_V2\.wtpreview\gemini\src\policy\journey\data\advancedTraining\qapi.data.ts as it exceeds the max of 500KB.
[BABEL] Note: The code generator has deoptimised the styling of c:\AI\Git\training\HomeHealth\Policies_and_Procedures_V2\.wtpreview\gemini\src\policy\journey\data\ACHC_Annual_Assembled.ts as it exceeds the max of 500KB.
[BABEL] Note: The code generator has deoptimised the styling of c:\AI\Git\training\HomeHealth\Policies_and_Procedures_V2\.wtpreview\gemini\src\policy\data\allPoliciesContent.generated.ts as it exceeds the max of 500KB.
[BABEL] Note: The code generator has deoptimised the styling of c:\AI\Git\training\HomeHealth\Policies_and_Procedures_V2\.wtpreview\gemini\src\policy\journey\data\contentV2.generated.ts as it exceeds the max of 500KB.
[BABEL] Note: The code generator has deoptimised the styling of c:\AI\Git\training\HomeHealth\Policies_and_Procedures_V2\.wtpreview\preiframe\src\policy\data\achcSurveyProjection.generated.ts as it exceeds the max of 500KB.
[BABEL] Note: The code generator has deoptimised the styling of c:\AI\Git\training\HomeHealth\Policies_and_Procedures_V2\.wtpreview\preiframe\src\policy\data\workflows.generated.ts as it exceeds the max of 500KB.
[BABEL] Note: The code generator has deoptimised the styling of c:\AI\Git\training\HomeHealth\Policies_and_Procedures_V2\.wtpreview\preiframe\src\policy\journey\data\advancedTraining\qapi.data.ts as it exceeds the max of 500KB.
[BABEL] Note: The code generator has deoptimised the styling of c:\AI\Git\training\HomeHealth\Policies_and_Procedures_V2\.wtpreview\preiframe\src\policy\journey\data\ACHC_Annual_Assembled.ts as it exceeds the max of 500KB.
[BABEL] Note: The code generator has deoptimised the styling of c:\AI\Git\training\HomeHealth\Policies_and_Procedures_V2\.wtpreview\preiframe\src\policy\journey\data\contentV2.generated.ts as it exceeds the max of 500KB.
[BABEL] Note: The code generator has deoptimised the styling of c:\AI\Git\training\HomeHealth\Policies_and_Procedures_V2\.wtpreview\preiframe\src\policy\data\allPoliciesContent.generated.ts as it exceeds the max of 500KB.
[BABEL] Note: The code generator has deoptimised the styling of c:\AI\Git\training\HomeHealth\Policies_and_Procedures_V2\src\policy\data\achcSurveyProjection.generated.ts as it exceeds the max of 500KB.
[BABEL] Note: The code generator has deoptimised the styling of c:\AI\Git\training\HomeHealth\Policies_and_Procedures_V2\src\policy\data\workflows.generated.ts as it exceeds the max of 500KB.
[BABEL] Note: The code generator has deoptimised the styling of c:\AI\Git\training\HomeHealth\Policies_and_Procedures_V2\src\policy\journey\data\advancedTraining\qapi.data.ts as it exceeds the max of 500KB.
[BABEL] Note: The code generator has deoptimised the styling of c:\AI\Git\training\HomeHealth\Policies_and_Procedures_V2\src\policy\journey\data\ACHC_Annual_Assembled.ts as it exceeds the max of 500KB.
[BABEL] Note: The code generator has deoptimised the styling of c:\AI\Git\training\HomeHealth\Policies_and_Procedures_V2\src\policy\data\allPoliciesContent.generated.ts as it exceeds the max of 500KB.
[BABEL] Note: The code generator has deoptimised the styling of c:\AI\Git\training\HomeHealth\Policies_and_Procedures_V2\src\policy\journey\data\contentV2.generated.ts as it exceeds the max of 500KB.
[0m[0m
[0m[4mc:\AI\Git\training\HomeHealth\Policies_and_Procedures_V2\.wtpreview\evidence\infra\demo-auth-cdk\lambda\logout.ts[24m[0m
[0m  [2m2:10[22m  [31merror[39m  'json' is defined but never used. Allowed unused vars must match /^_/u  [2m@typescript-eslint/no-unused-vars[22m[0m
[0m[0m
[0m[4mc:\AI\Git\training\HomeHealth\Policies_and_Procedures_V2\.wtpreview\evidence\scripts\pushToHubstaff.ts[24m[0m
[0m  [2m311:52[22m  [31merror[39m  Unnecessary escape character: \-  [2mno-useless-escape[22m[0m
[0m[0m
[0m[4mc:\AI\Git\training\HomeHealth\Policies_and_Procedures_V2\.wtpreview\evidence\scripts\validateAwsCesMapping.ts[24m[0m
[0m  [2m38:9[22m  [31merror[39m  'migrationPlan' is assigned a value but never used. Allowed unused vars must match /^_/u  [2m@typescript-eslint/no-unused-vars[22m[0m
[0m[0m
[0m[4mc:\AI\Git\training\HomeHealth\Policies_and_Procedures_V2\.wtpreview\evidence\server\googleEvidence.ts[24m[0m
[0m  [2m77:25[22m  [31merror[39m  Unexpected control character(s) in regular expression: \x00, \x1f  [2mno-control-regex[22m[0m
[0m[0m
[0m[4mc:\AI\Git\training\HomeHealth\Policies_and_Procedures_V2\.wtpreview\evidence\server\ia\harness\AgentAuditLogger.ts[24m[0m
[0m  [2m37:27[22m  [31merror[39m  Unnecessary escape character: \-  [2mno-useless-escape[22m[0m
[0m[0m
[0m[4mc:\AI\Git\training\HomeHealth\Policies_and_Procedures_V2\.wtpreview\evidence\server\ia\harness\PhiEgressGuard.ts[24m[0m
[0m  [2m16:22[22m  [31merror[39m  Irregular whitespace not allowed                         [2mno-irregular-whitespace[22m[0m
[0m  [2m16:23[22m  [31merror[39m  Unexpected joined character sequence in character class  [2mno-misleading-character-class[22m[0m
[0m  [2m16:26[22m  [31merror[39m  Irregular whitespace not allowed                         [2mno-irregular-whitespace[22m[0m
[0m  [2m39:66[22m  [31merror[39m  Unnecessary escape character: \-                         [2mno-useless-escape[22m[0m
[0m[0m
[0m[4mc:\AI\Git\training\HomeHealth\Policies_and_Procedures_V2\.wtpreview\evidence\server\ia\responder.ts[24m[0m
[0m  [2m430:68[22m  [31merror[39m  Empty block statement  [2mno-empty[22m[0m
[0m  [2m434:64[22m  [31merror[39m  Empty block statement  [2mno-empty[22m[0m
[0m[0m
[0m[4mc:\AI\Git\training\HomeHealth\Policies_and_Procedures_V2\.wtpreview\evidence\server\ia\session\envelope.ts[24m[0m
[0m  [2m15:56[22m  [31merror[39m  'IncidentType' is defined but never used. Allowed unused vars must match /^_/u  [2m@typescript-eslint/no-unused-vars[22m[0m
[0m[0m
[0m[4mc:\AI\Git\training\HomeHealth\Policies_and_Procedures_V2\.wtpreview\evidence\server\ia\session\manager.ts[24m[0m
[0m  [2m13:10[22m  [31merror[39m  'randomUUID' is defined but never used. Allowed unused vars must match /^_/u      [2m@typescript-eslint/no-unused-vars[22m[0m
[0m  [2m72:52[22m  [31merror[39m  'latestInput' is defined but never used. Allowed unused args must match /^_/u     [2m@typescript-eslint/no-unused-vars[22m[0m
[0m  [2m92:3[22m   [31merror[39m  'classification' is defined but never used. Allowed unused args must match /^_/u  [2m@typescript-eslint/no-unused-vars[22m[0m
[0m[0m
[0m[4mc:\AI\Git\training\HomeHealth\Policies_and_Procedures_V2\.wtpreview\evidence\server\routes\calendar.ts[24m[0m
[0m  [2m26:3[22m  [31merror[39m  'validateEvidenceRef' is defined but never used. Allowed unused vars must match /^_/u  [2m@typescript-eslint/no-unused-vars[22m[0m
[0m[0m
[0m[4mc:\AI\Git\training\HomeHealth\Policies_and_Procedures_V2\.wtpreview\evidence\src\policy\brad\useBradWorkflow.ts[24m[0m
[0m  [2m59:6[22m  [33mwarning[39m  React Hook useMemo has a missing dependency: 'runtime'. Either include it or remove the dependency array  [2mreact-hooks/exhaustive-deps[22m[0m
[0m[0m
[0m[4mc:\AI\Git\training\HomeHealth\Policies_and_Procedures_V2\.wtpreview\evidence\src\policy\ces\cesMasterControlAudit.test.ts[24m[0m
[0m  [2m30:39[22m  [31merror[39m  Unexpected any. Specify a different type  [2m@typescript-eslint/no-explicit-any[22m[0m
[0m  [2m30:74[22m  [31merror[39m  Unexpected any. Specify a different type  [2m@typescript-eslint/no-explicit-any[22m[0m
[0m  [2m71:42[22m  [31merror[39m  Unexpected any. Specify a different type  [2m@typescript-eslint/no-explicit-any[22m[0m
[0m[0m
[0m[4mc:\AI\Git\training\HomeHealth\Policies_and_Procedures_V2\.wtpreview\evidence\src\policy\ces\cesViewProjections.ts[24m[0m
[0m   [2m43:29[22m   [31merror[39m  Unexpected any. Specify a different type  [2m@typescript-eslint/no-explicit-any[22m[0m
[0m  [2m109:27[22m   [31merror[39m  Unexpected any. Specify a different type  [2m@typescript-eslint/no-explicit-any[22m[0m
[0m  [2m528:38[22m   [31merror[39m  Unexpected any. Specify a different type  [2m@typescript-eslint/no-explicit-any[22m[0m
[0m  [2m554:80[22m   [31merror[39m  Unexpected any. Specify a different type  [2m@typescript-eslint/no-explicit-any[22m[0m
[0m  [2m554:129[22m  [31merror[39m  Unexpected any. Specify a different type  [2m@typescript-eslint/no-explicit-any[22m[0m
[0m  [2m585:43[22m   [31merror[39m  Unexpected any. Specify a different type  [2m@typescript-eslint/no-explicit-any[22m[0m
[0m  [2m587:59[22m   [31merror[39m  Unexpected any. Specify a different type  [2m@typescript-eslint/no-explicit-any[22m[0m
[0m  [2m601:43[22m   [31merror[39m  Unexpected any. Specify a different type  [2m@typescript-eslint/no-explicit-any[22m[0m
[0m  [2m603:39[22m   [31merror[39m  Unexpected any. Specify a different type  [2m@typescript-eslint/no-explicit-any[22m[0m
[0m  [2m604:38[22m   [31merror[39m  Unexpected any. Specify a different type  [2m@typescript-eslint/no-explicit-any[22m[0m
[0m  [2m615:37[22m   [31merror[39m  Unexpected any. Specify a different type  [2m@typescript-eslint/no-explicit-any[22m[0m
[0m  [2m617:38[22m   [31merror[39m  Unexpected any. Specify a different type  [2m@typescript-eslint/no-explicit-any[22m[0m
[0m  [2m618:36[22m   [31merror[39m  Unexpected any. Specify a different type  [2m@typescript-eslint/no-explicit-any[22m[0m
[0m  [2m619:37[22m   [31merror[39m  Unexpected any. Specify a different type  [2m@typescript-eslint/no-explicit-any[22m[0m
[0m  [2m635:37[22m   [31merror[39m  Unexpected any. Specify a different type  [2m@typescript-eslint/no-explicit-any[22m[0m
[0m  [2m665:30[22m   [31merror[39m  Unexpected any. Specify a different type  [2m@typescript-eslint/no-explicit-any[22m[0m
[0m  [2m672:37[22m   [31merror[39m  Unexpected any. Specify a different type  [2m@typescript-eslint/no-explicit-any[22m[0m
[0m  [2m674:38[22m   [31merror[39m  Unexpected any. Specify a different type  [2m@typescript-eslint/no-explicit-any[22m[0m
[0m  [2m675:36[22m   [31merror[39m  Unexpected any. Specify a different type  [2m@typescript-eslint/no-explicit-any[22m[0m
[0m  [2m678:29[22m   [31merror[39m  Unexpected any. Specify a different type  [2m@typescript-eslint/no-explicit-any[22m[0m
[0m[0m
[0m[4mc:\AI\Git\training\HomeHealth\Policies_and_Procedures_V2\.wtpreview\evidence\src\policy\ces\data\V3_CES_SeedData.ts[24m[0m
[0m  [2m1:1[22m  [33mwarning[39m  Do not use "@ts-nocheck" because it alters compilation errors  [2m@typescript-eslint/ban-ts-comment[22m[0m
[0m[0m
[0m[4mc:\AI\Git\training\HomeHealth\Policies_and_Procedures_V2\.wtpreview\evidence\src\policy\ces\data\V3_CES_SnapshotBuilder.ts[24m[0m
[0m  [2m1:1[22m  [33mwarning[39m  Do not use "@ts-nocheck" because it alters compilation errors  [2m@typescript-eslint/ban-ts-comment[22m[0m
[0m[0m
[0m[4mc:\AI\Git\training\HomeHealth\Policies_and_Procedures_V2\.wtpreview\evidence\src\policy\ecign\useEcignInstance.ts[24m[0m
[0m  [2m211:6[22m  [33mwarning[39m  React Hook useEffect has missing dependencies: 'args.signerRequirements' and 'args.signerSlots'. Either include them or remove the dependency array  [2mreact-hooks/exhaustive-deps[22m[0m
[0m[0m
[0m[4mc:\AI\Git\training\HomeHealth\Policies_and_Procedures_V2\.wtpreview\evidence\src\policy\pm\taskProjection.ts[24m[0m
[0m  [2m65:5[22m  [33mwarning[39m  React Hook useMemo has a missing dependency: 'sprintWindow'. Either include it or remove the dependency array  [2mreact-hooks/exhaustive-deps[22m[0m
[0m[0m
[0m[4mc:\AI\Git\training\HomeHealth\Policies_and_Procedures_V2\.wtpreview\evidence\src\policy\security\features\useFeatureAccess.ts[24m[0m
[0m  [2m62:7[22m  [33mwarning[39m  React Hook useMemo has unnecessary dependencies: 'assignmentsRev' and 'usersRev'. Either exclude them or remove the dependency array  [2mreact-hooks/exhaustive-deps[22m[0m
[0m[0m
[0m[4mc:\AI\Git\training\HomeHealth\Policies_and_Procedures_V2\.wtpreview\evidence\src\policy\services\policyLinkService.ts[24m[0m
[0m  [2m18:25[22m  [31merror[39m  'getCorpusPolicy' is defined but never used. Allowed unused vars must match /^_/u  [2m@typescript-eslint/no-unused-vars[22m[0m
[0m[0m
[0m[4mc:\AI\Git\training\HomeHealth\Policies_and_Procedures_V2\.wtpreview\evidence\src\policy\stores\regulatoryExecutionStore.ts[24m[0m
[0m   [2m931:40[22m  [31merror[39m  Unexpected any. Specify a different type  [2m@typescript-eslint/no-explicit-any[22m[0m
[0m   [2m932:40[22m  [31merror[39m  Unexpected any. Specify a different type  [2m@typescript-eslint/no-explicit-any[22m[0m
[0m   [2m933:42[22m  [31merror[39m  Unexpected any. Specify a different type  [2m@typescript-eslint/no-explicit-any[22m[0m
[0m   [2m934:44[22m  [31merror[39m  Unexpected any. Specify a different type  [2m@typescript-eslint/no-explicit-any[22m[0m
[0m  [2m2325:45[22m  [31merror[39m  Unexpected any. Specify a different type  [2m@typescript-eslint/no-explicit-any[22m[0m
[0m[0m
[0m[4mc:\AI\Git\training\HomeHealth\Policies_and_Procedures_V2\.wtpreview\evidence\src\policy\workflows\swimlanes\buildWorkflowSwimlaneCardsForCes.ts[24m[0m
[0m   [2m21:12[22m   [31merror[39m  Unexpected any. Specify a different type  [2m@typescript-eslint/no-explicit-any[22m[0m
[0m   [2m24:72[22m   [31merror[39m  Unexpected any. Specify a different type  [2m@typescript-eslint/no-explicit-any[22m[0m
[0m   [2m24:91[22m   [31merror[39m  Unexpected any. Specify a different type  [2m@typescript-eslint/no-explicit-any[22m[0m
[0m   [2m82:40[22m   [31merror[39m  Unexpected any. Specify a different type  [2m@typescript-eslint/no-explicit-any[22m[0m
[0m   [2m82:48[22m   [31merror[39m  Unexpected any. Specify a different type  [2m@typescript-eslint/no-explicit-any[22m[0m
[0m   [2m83:35[22m   [31merror[39m  Unexpected any. Specify a different type  [2m@typescript-eslint/no-explicit-any[22m[0m
[0m  [2m109:126[22m  [31merror[39m  Unexpected any. Specify a different type  [2m@typescript-eslint/no-explicit-any[22m[0m
[0m[0m
[0m[4mc:\AI\Git\training\HomeHealth\Policies_and_Procedures_V2\.wtpreview\evidence\src\policy\workflows\swimlanes\formInstanceResolver.ts[24m[0m
[0m  [2m1:10[22m  [31merror[39m  'resolveCanonicalFormId' is defined but never used. Allowed unused vars must match /^_/u  [2m@typescript-eslint/no-unused-vars[22m[0m
[0m[0m
[0m[4mc:\AI\Git\training\HomeHealth\Policies_and_Procedures_V2\.wtpreview\evidence\src\policy\workflows\swimlanes\useSwimlaneModalPosition.ts[24m[0m
[0m  [2m41:7[22m  [33mwarning[39m  Error: Calling setState synchronously within an effect can trigger cascading renders[0m
[0m[0m
[0mEffects are intended to synchronize state between React and external systems such as manually updating the DOM, state management libraries, or other platform APIs. In general, the body of an effect should do one or both of the following:[0m
[0m* Update external systems with the latest state from React.[0m
[0m* Subscribe for updates from some external system, calling setState in a callback function when external state changes.[0m
[0m[0m
[0mCalling setState synchronously within an effect body causes cascading renders that can hurt performance, and is not recommended. (https://react.dev/learn/you-might-not-need-an-effect).[0m
[0m[0m
[0mc:\AI\Git\training\HomeHealth\Policies_and_Procedures_V2\.wtpreview\evidence\src\policy\workflows\swimlanes\useSwimlaneModalPosition.ts:41:7[0m
[0m  39 |     if (!active) {[0m
[0m  40 |       lockedRectRef.current = null;[0m
[0m> 41 |       setWorkspaceRect(null);[0m
[0m     |       ^^^^^^^^^^^^^^^^ Avoid calling setState() directly within an effect[0m
[0m  42 |       return undefined;[0m
[0m  43 |     }[0m
[0m  44 |  [2mreact-hooks/set-state-in-effect[22m[0m
[0m[0m
[0m[4mc:\AI\Git\training\HomeHealth\Policies_and_Procedures_V2\.wtpreview\evidence\src\services\mockBradEngine.ts[24m[0m
[0m  [2m622:115[22m  [31merror[39m  Unexpected any. Specify a different type  [2m@typescript-eslint/no-explicit-any[22m[0m
[0m[0m
[0m[4mc:\AI\Git\training\HomeHealth\Policies_and_Procedures_V2\.wtpreview\evidence\src\v6\routing\navigationManifest.ts[24m[0m
[0m  [2m7:30[22m  [31merror[39m  Unexpected any. Specify a different type  [2m@typescript-eslint/no-explicit-any[22m[0m
[0m[0m
[0m[4mc:\AI\Git\training\HomeHealth\Policies_and_Procedures_V2\.wtpreview\evidence\src\v6\screens\RepresentativeScreens.tsx[24m[0m
[0m   [2m872:14[22m   [31merror[39m    Unexpected any. Specify a different type                                                                                                                                                                                                                                                                                                                                                                                                                                                                                                                                                                                                                                                                                                                                                                                                                                                                                                                                                                                                                                                                                                                                      [2m@typescript-eslint/no-explicit-any[22m[0m
[0m  [2m1057:29[22m   [31merror[39m    Unexpected any. Specify a different type                                                                                                                                                                                                                                                                                                                                                                                                                                                                                                                                                                                                                                                                                                                                                                                                                                                                                                                                                                                                                                                                                                                                      [2m@typescript-eslint/no-explicit-any[22m[0m
[0m  [2m1066:75[22m   [31merror[39m    Unexpected any. Specify a different type                                                                                                                                                                                                                                                                                                                                                                                                                                                                                                                                                                                                                                                                                                                                                                                                                                                                                                                                                                                                                                                                                                                                      [2m@typescript-eslint/no-explicit-any[22m[0m
[0m  [2m1074:68[22m   [31merror[39m    Unexpected any. Specify a different type                                                                                                                                                                                                                                                                                                                                                                                                                                                                                                                                                                                                                                                                                                                                                                                                                                                                                                                                                                                                                                                                                                                                      [2m@typescript-eslint/no-explicit-any[22m[0m
[0m  [2m1505:20[22m   [31merror[39m    Unexpected any. Specify a different type                                                                                                                                                                                                                                                                                                                                                                                                                                                                                                                                                                                                                                                                                                                                                                                                                                                                                                                                                                                                                                                                                                                                      [2m@typescript-eslint/no-explicit-any[22m[0m
[0m  [2m1506:17[22m   [31merror[39m    Unexpected any. Specify a different type                                                                                                                                                                                                                                                                                                                                                                                                                                                                                                                                                                                                                                                                                                                                                                                                                                                                                                                                                                                                                                                                                                                                      [2m@typescript-eslint/no-explicit-any[22m[0m
[0m  [2m1514:20[22m   [31merror[39m    Unexpected any. Specify a different type                                                                                                                                                                                                                                                                                                                                                                                                                                                                                                                                                                                                                                                                                                                                                                                                                                                                                                                                                                                                                                                                                                                                      [2m@typescript-eslint/no-explicit-any[22m[0m
[0m  [2m1515:17[22m   [31merror[39m    Unexpected any. Specify a different type                                                                                                                                                                                                                                                                                                                                                                                                                                                                                                                                                                                                                                                                                                                                                                                                                                                                                                                                                                                                                                                                                                                                      [2m@typescript-eslint/no-explicit-any[22m[0m
[0m  [2m1901:67[22m   [31merror[39m    Unexpected any. Specify a different type                                                                                                                                                                                                                                                                                                                                                                                                                                                                                                                                                                                                                                                                                                                                                                                                                                                                                                                                                                                                                                                                                                                                      [2m@typescript-eslint/no-explicit-any[22m[0m
[0m  [2m2414:15[22m   [31merror[39m    Unexpected any. Specify a different type                                                                                                                                                                                                                                                                                                                                                                                                                                                                                                                                                                                                                                                                                                                                                                                                                                                                                                                                                                                                                                                                                                                                      [2m@typescript-eslint/no-explicit-any[22m[0m
[0m  [2m2418:29[22m   [31merror[39m    Unexpected any. Specify a different type                                                                                                                                                                                                                                                                                                                                                                                                                                                                                                                                                                                                                                                                                                                                                                                                                                                                                                                                                                                                                                                                                                                                      [2m@typescript-eslint/no-explicit-any[22m[0m
[0m  [2m2419:52[22m   [31merror[39m    Unexpected any. Specify a different type                                                                                                                                                                                                                                                                                                                                                                                                                                                                                                                                                                                                                                                                                                                                                                                                                                                                                                                                                                                                                                                                                                                                      [2m@typescript-eslint/no-explicit-any[22m[0m
[0m  [2m2424:32[22m   [31merror[39m    Unexpected any. Specify a different type                                                                                                                                                                                                                                                                                                                                                                                                                                                                                                                                                                                                                                                                                                                                                                                                                                                                                                                                                                                                                                                                                                                                      [2m@typescript-eslint/no-explicit-any[22m[0m
[0m  [2m2424:60[22m   [31merror[39m    Unexpected any. Specify a different type                                                                                                                                                                                                                                                                                                                                                                                                                                                                                                                                                                                                                                                                                                                                                                                                                                                                                                                                                                                                                                                                                                                                      [2m@typescript-eslint/no-explicit-any[22m[0m
[0m  [2m2428:51[22m   [31merror[39m    Unexpected any. Specify a different type                                                                                                                                                                                                                                                                                                                                                                                                                                                                                                                                                                                                                                                                                                                                                                                                                                                                                                                                                                                                                                                                                                                                      [2m@typescript-eslint/no-explicit-any[22m[0m
[0m  [2m2433:19[22m   [31merror[39m    Empty block statement                                                                                                                                                                                                                                                                                                                                                                                                                                                                                                                                                                                                                                                                                                                                                                                                                                                                                                                                                                                                                                                                                                                                                         [2mno-empty[22m[0m
[0m  [2m2439:63[22m   [31merror[39m    Unexpected any. Specify a different type                                                                                                                                                                                                                                                                                                                                                                                                                                                                                                                                                                                                                                                                                                                                                                                                                                                                                                                                                                                                                                                                                                                                      [2m@typescript-eslint/no-explicit-any[22m[0m
[0m  [2m2441:54[22m   [31merror[39m    Unexpected any. Specify a different type                                                                                                                                                                                                                                                                                                                                                                                                                                                                                                                                                                                                                                                                                                                                                                                                                                                                                                                                                                                                                                                                                                                                      [2m@typescript-eslint/no-explicit-any[22m[0m
[0m  [2m2442:80[22m   [31merror[39m    Unexpected any. Specify a different type                                                                                                                                                                                                                                                                                                                                                                                                                                                                                                                                                                                                                                                                                                                                                                                                                                                                                                                                                                                                                                                                                                                                      [2m@typescript-eslint/no-explicit-any[22m[0m
[0m  [2m2443:45[22m   [31merror[39m    Unexpected any. Specify a different type                                                                                                                                                                                                                                                                                                                                                                                                                                                                                                                                                                                                                                                                                                                                                                                                                                                                                                                                                                                                                                                                                                                                      [2m@typescript-eslint/no-explicit-any[22m[0m
[0m  [2m2448:27[22m   [31merror[39m    Unexpected any. Specify a different type                                                                                                                                                                                                                                                                                                                                                                                                                                                                                                                                                                                                                                                                                                                                                                                                                                                                                                                                                                                                                                                                                                                                      [2m@typescript-eslint/no-explicit-any[22m[0m
[0m  [2m2448:55[22m   [31merror[39m    Unexpected any. Specify a different type                                                                                                                                                                                                                                                                                                                                                                                                                                                                                                                                                                                                                                                                                                                                                                                                                                                                                                                                                                                                                                                                                                                                      [2m@typescript-eslint/no-explicit-any[22m[0m
[0m  [2m2448:72[22m   [31merror[39m    Unexpected any. Specify a different type                                                                                                                                                                                                                                                                                                                                                                                                                                                                                                                                                                                                                                                                                                                                                                                                                                                                                                                                                                                                                                                                                                                                      [2m@typescript-eslint/no-explicit-any[22m[0m
[0m  [2m2449:21[22m   [31merror[39m    Unexpected any. Specify a different type                                                                                                                                                                                                                                                                                                                                                                                                                                                                                                                                                                                                                                                                                                                                                                                                                                                                                                                                                                                                                                                                                                                                      [2m@typescript-eslint/no-explicit-any[22m[0m
[0m  [2m2451:65[22m   [31merror[39m    Unexpected any. Specify a different type                                                                                                                                                                                                                                                                                                                                                                                                                                                                                                                                                                                                                                                                                                                                                                                                                                                                                                                                                                                                                                                                                                                                      [2m@typescript-eslint/no-explicit-any[22m[0m
[0m  [2m2455:25[22m   [31merror[39m    Unexpected any. Specify a different type                                                                                                                                                                                                                                                                                                                                                                                                                                                                                                                                                                                                                                                                                                                                                                                                                                                                                                                                                                                                                                                                                                                                      [2m@typescript-eslint/no-explicit-any[22m[0m
[0m  [2m2456:22[22m   [31merror[39m    Unexpected any. Specify a different type                                                                                                                                                                                                                                                                                                                                                                                                                                                                                                                                                                                                                                                                                                                                                                                                                                                                                                                                                                                                                                                                                                                                      [2m@typescript-eslint/no-explicit-any[22m[0m
[0m  [2m2460:38[22m   [31merror[39m    Unexpected any. Specify a different type                                                                                                                                                                                                                                                                                                                                                                                                                                                                                                                                                                                                                                                                                                                                                                                                                                                                                                                                                                                                                                                                                                                                      [2m@typescript-eslint/no-explicit-any[22m[0m
[0m  [2m2472:15[22m   [31merror[39m    Empty block statement                                                                                                                                                                                                                                                                                                                                                                                                                                                                                                                                                                                                                                                                                                                                                                                                                                                                                                                                                                                                                                                                                                                                                         [2mno-empty[22m[0m
[0m  [2m2477:59[22m   [31merror[39m    Unexpected any. Specify a different type                                                                                                                                                                                                                                                                                                                                                                                                                                                                                                                                                                                                                                                                                                                                                                                                                                                                                                                                                                                                                                                                                                                                      [2m@typescript-eslint/no-explicit-any[22m[0m
[0m  [2m2563:5[22m    [33mwarning[39m  Error: Calling setState synchronously within an effect can trigger cascading renders[0m
[0m[0m
[0mEffects are intended to synchronize state between React and external systems such as manually updating the DOM, state management libraries, or other platform APIs. In general, the body of an effect should do one or both of the following:[0m
[0m* Update external systems with the latest state from React.[0m
[0m* Subscribe for updates from some external system, calling setState in a callback function when external state changes.[0m
[0m[0m
[0mCalling setState synchronously within an effect body causes cascading renders that can hurt performance, and is not recommended. (https://react.dev/learn/you-might-not-need-an-effect).[0m
[0m[0m
[0mc:\AI\Git\training\HomeHealth\Policies_and_Procedures_V2\.wtpreview\evidence\src\v6\screens\RepresentativeScreens.tsx:2563:5[0m
[0m  2561 |[0m
[0m  2562 |   useEffect(() => {[0m
[0m> 2563 |     setAgendaMode(isCesCalendar ? 'Month' : 'Week');[0m
[0m       |     ^^^^^^^^^^^^^ Avoid calling setState() directly within an effect[0m
[0m  2564 |     if (!requestedEventId) setSelectedEvent(null);[0m
[0m  2565 |     setActiveEventKey(null);[0m
[0m  2566 |     setActiveEventAnchor(null);  [2mreact-hooks/set-state-in-effect[22m[0m
[0m  [2m2572:6[22m    [33mwarning[39m  React Hook useEffect has a missing dependency: 'events'. Either include it or remove the dependency array                                                                                                                                                                                                                                                                                                                                                                                                                                                                                                                                                                                                                                                                                                                                                                                                                                                                                                                                                                                                                                                                     [2mreact-hooks/exhaustive-deps[22m[0m
[0m  [2m2580:5[22m    [33mwarning[39m  Error: Calling setState synchronously within an effect can trigger cascading renders[0m
[0m[0m
[0mEffects are intended to synchronize state between React and external systems such as manually updating the DOM, state management libraries, or other platform APIs. In general, the body of an effect should do one or both of the following:[0m
[0m* Update external systems with the latest state from React.[0m
[0m* Subscribe for updates from some external system, calling setState in a callback function when external state changes.[0m
[0m[0m
[0mCalling setState synchronously within an effect body causes cascading renders that can hurt performance, and is not recommended. (https://react.dev/learn/you-might-not-need-an-effect).[0m
[0m[0m
[0mc:\AI\Git\training\HomeHealth\Policies_and_Procedures_V2\.wtpreview\evidence\src\v6\screens\RepresentativeScreens.tsx:2580:5[0m
[0m  2578 |     if (!targetEvent) return;[0m
[0m  2579 |[0m
[0m> 2580 |     setAgendaMode('Month');[0m
[0m       |     ^^^^^^^^^^^^^ Avoid calling setState() directly within an effect[0m
[0m  2581 |     setCesMonth(getEventMonth(targetEvent));[0m
[0m  2582 |     setSelectedEvent(targetEvent);[0m
[0m  2583 |     setActiveEventKey(null);                    [2mreact-hooks/set-state-in-effect[22m[0m
[0m  [2m2970:41[22m   [31merror[39m    Unexpected any. Specify a different type                                                                                                                                                                                                                                                                                                                                                                                                                                                                                                                                                                                                                                                                                                                                                                                                                                                                                                                                                                                                                                                                                                                                      [2m@typescript-eslint/no-explicit-any[22m[0m
[0m  [2m3004:92[22m   [31merror[39m    Unexpected any. Specify a different type                                                                                                                                                                                                                                                                                                                                                                                                                                                                                                                                                                                                                                                                                                                                                                                                                                                                                                                                                                                                                                                                                                                                      [2m@typescript-eslint/no-explicit-any[22m[0m
[0m  [2m3005:15[22m   [31merror[39m    Unexpected any. Specify a different type                                                                                                                                                                                                                                                                                                                                                                                                                                                                                                                                                                                                                                                                                                                                                                                                                                                                                                                                                                                                                                                                                                                                      [2m@typescript-eslint/no-explicit-any[22m[0m
[0m  [2m3006:40[22m   [31merror[39m    Unexpected any. Specify a different type                                                                                                                                                                                                                                                                                                                                                                                                                                                                                                                                                                                                                                                                                                                                                                                                                                                                                                                                                                                                                                                                                                                                      [2m@typescript-eslint/no-explicit-any[22m[0m
[0m  [2m3007:44[22m   [31merror[39m    Unexpected any. Specify a different type                                                                                                                                                                                                                                                                                                                                                                                                                                                                                                                                                                                                                                                                                                                                                                                                                                                                                                                                                                                                                                                                                                                                      [2m@typescript-eslint/no-explicit-any[22m[0m
[0m  [2m3038:89[22m   [31merror[39m    Unexpected any. Specify a different type                                                                                                                                                                                                                                                                                                                                                                                                                                                                                                                                                                                                                                                                                                                                                                                                                                                                                                                                                                                                                                                                                                                                      [2m@typescript-eslint/no-explicit-any[22m[0m
[0m  [2m3042:50[22m   [31merror[39m    Unexpected any. Specify a different type                                                                                                                                                                                                                                                                                                                                                                                                                                                                                                                                                                                                                                                                                                                                                                                                                                                                                                                                                                                                                                                                                                                                      [2m@typescript-eslint/no-explicit-any[22m[0m
[0m  [2m3099:30[22m   [31merror[39m    Unexpected any. Specify a different type                                                                                                                                                                                                                                                                                                                                                                                                                                                                                                                                                                                                                                                                                                                                                                                                                                                                                                                                                                                                                                                                                                                                      [2m@typescript-eslint/no-explicit-any[22m[0m
[0m  [2m3099:69[22m   [31merror[39m    Unexpected any. Specify a different type                                                                                                                                                                                                                                                                                                                                                                                                                                                                                                                                                                                                                                                                                                                                                                                                                                                                                                                                                                                                                                                                                                                                      [2m@typescript-eslint/no-explicit-any[22m[0m
[0m  [2m3099:108[22m  [31merror[39m    Unexpected any. Specify a different type                                                                                                                                                                                                                                                                                                                                                                                                                                                                                                                                                                                                                                                                                                                                                                                                                                                                                                                                                                                                                                                                                                                                      [2m@typescript-eslint/no-explicit-any[22m[0m
[0m  [2m3101:23[22m   [31merror[39m    Unexpected any. Specify a different type                                                                                                                                                                                                                                                                                                                                                                                                                                                                                                                                                                                                                                                                                                                                                                                                                                                                                                                                                                                                                                                                                                                                      [2m@typescript-eslint/no-explicit-any[22m[0m
[0m  [2m3101:73[22m   [31merror[39m    Unexpected any. Specify a different type                                                                                                                                                                                                                                                                                                                                                                                                                                                                                                                                                                                                                                                                                                                                                                                                                                                                                                                                                                                                                                                                                                                                      [2m@typescript-eslint/no-explicit-any[22m[0m
[0m  [2m3103:43[22m   [31merror[39m    Unexpected any. Specify a different type                                                                                                                                                                                                                                                                                                                                                                                                                                                                                                                                                                                                                                                                                                                                                                                                                                                                                                                                                                                                                                                                                                                                      [2m@typescript-eslint/no-explicit-any[22m[0m
[0m  [2m3104:46[22m   [31merror[39m    Unexpected any. Specify a different type                                                                                                                                                                                                                                                                                                                                                                                                                                                                                                                                                                                                                                                                                                                                                                                                                                                                                                                                                                                                                                                                                                                                      [2m@typescript-eslint/no-explicit-any[22m[0m
[0m  [2m3108:14[22m   [31merror[39m    Unexpected any. Specify a different type                                                                                                                                                                                                                                                                                                                                                                                                                                                                                                                                                                                                                                                                                                                                                                                                                                                                                                                                                                                                                                                                                                                                      [2m@typescript-eslint/no-explicit-any[22m[0m
[0m  [2m3112:56[22m   [31merror[39m    Unexpected any. Specify a different type                                                                                                                                                                                                                                                                                                                                                                                                                                                                                                                                                                                                                                                                                                                                                                                                                                                                                                                                                                                                                                                                                                                                      [2m@typescript-eslint/no-explicit-any[22m[0m
[0m  [2m3254:123[22m  [31merror[39m    Unexpected any. Specify a different type                                                                                                                                                                                                                                                                                                                                                                                                                                                                                                                                                                                                                                                                                                                                                                                                                                                                                                                                                                                                                                                                                                                                      [2m@typescript-eslint/no-explicit-any[22m[0m
[0m  [2m3255:27[22m   [31merror[39m    Unexpected any. Specify a different type                                                                                                                                                                                                                                                                                                                                                                                                                                                                                                                                                                                                                                                                                                                                                                                                                                                                                                                                                                                                                                                                                                                                      [2m@typescript-eslint/no-explicit-any[22m[0m
[0m  [2m3265:67[22m   [31merror[39m    Unexpected any. Specify a different type                                                                                                                                                                                                                                                                                                                                                                                                                                                                                                                                                                                                                                                                                                                                                                                                                                                                                                                                                                                                                                                                                                                                      [2m@typescript-eslint/no-explicit-any[22m[0m
[0m  [2m3274:35[22m   [31merror[39m    Unexpected any. Specify a different type                                                                                                                                                                                                                                                                                                                                                                                                                                                                                                                                                                                                                                                                                                                                                                                                                                                                                                                                                                                                                                                                                                                                      [2m@typescript-eslint/no-explicit-any[22m[0m
[0m  [2m3275:35[22m   [31merror[39m    Unexpected any. Specify a different type                                                                                                                                                                                                                                                                                                                                                                                                                                                                                                                                                                                                                                                                                                                                                                                                                                                                                                                                                                                                                                                                                                                                      [2m@typescript-eslint/no-explicit-any[22m[0m
[0m  [2m3283:32[22m   [31merror[39m    Unexpected any. Specify a different type                                                                                                                                                                                                                                                                                                                                                                                                                                                                                                                                                                                                                                                                                                                                                                                                                                                                                                                                                                                                                                                                                                                                      [2m@typescript-eslint/no-explicit-any[22m[0m
[0m  [2m3283:75[22m   [31merror[39m    Unexpected any. Specify a different type                                                                                                                                                                                                                                                                                                                                                                                                                                                                                                                                                                                                                                                                                                                                                                                                                                                                                                                                                                                                                                                                                                                                      [2m@typescript-eslint/no-explicit-any[22m[0m
[0m  [2m3292:48[22m   [31merror[39m    Unexpected any. Specify a different type                                                                                                                                                                                                                                                                                                                                                                                                                                                                                                                                                                                                                                                                                                                                                                                                                                                                                                                                                                                                                                                                                                                                      [2m@typescript-eslint/no-explicit-any[22m[0m
[0m  [2m3514:39[22m   [31merror[39m    React Hook "useState" is called conditionally. React Hooks must be called in the exact same order in every component render                                                                                                                                                                                                                                                                                                                                                                                                                                                                                                                                                                                                                                                                                                                                                                                                                                                                                                                                                                                                                                                   [2mreact-hooks/rules-of-hooks[22m[0m
[0m  [2m3514:63[22m   [31merror[39m    Unexpected any. Specify a different type                                                                                                                                                                                                                                                                                                                                                                                                                                                                                                                                                                                                                                                                                                                                                                                                                                                                                                                                                                                                                                                                                                                                      [2m@typescript-eslint/no-explicit-any[22m[0m
[0m  [2m3515:42[22m   [31merror[39m    Unexpected any. Specify a different type                                                                                                                                                                                                                                                                                                                                                                                                                                                                                                                                                                                                                                                                                                                                                                                                                                                                                                                                                                                                                                                                                                                                      [2m@typescript-eslint/no-explicit-any[22m[0m
[0m[0m
[0m[4mc:\AI\Git\training\HomeHealth\Policies_and_Procedures_V2\.wtpreview\evidence\src\v6\screens\pageviews\EventsBoardScreen.tsx[24m[0m
[0m  [2m141:73[22m  [31merror[39m  Unexpected any. Specify a different type  [2m@typescript-eslint/no-explicit-any[22m[0m
[0m  [2m142:67[22m  [31merror[39m  Unexpected any. Specify a different type  [2m@typescript-eslint/no-explicit-any[22m[0m
[0m[0m
[0m[4mc:\AI\Git\training\HomeHealth\Policies_and_Procedures_V2\.wtpreview\evidence\src\v6\screens\pageviews\GovernanceScreen.tsx[24m[0m
[0m  [2m49:82[22m  [31merror[39m  Unexpected any. Specify a different type  [2m@typescript-eslint/no-explicit-any[22m[0m
[0m[0m
[0m[4mc:\AI\Git\training\HomeHealth\Policies_and_Procedures_V2\.wtpreview\evidence\src\v6\screens\pageviews\JourneyOverviewScreen.tsx[24m[0m
[0m  [2m102:15[22m  [31merror[39m  Unexpected any. Specify a different type  [2m@typescript-eslint/no-explicit-any[22m[0m
[0m  [2m105:48[22m  [31merror[39m  Unexpected any. Specify a different type  [2m@typescript-eslint/no-explicit-any[22m[0m
[0m  [2m108:27[22m  [31merror[39m  Unexpected any. Specify a different type  [2m@typescript-eslint/no-explicit-any[22m[0m
[0m  [2m121:30[22m  [31merror[39m  Unexpected any. Specify a different type  [2m@typescript-eslint/no-explicit-any[22m[0m
[0m  [2m134:6[22m   [31merror[39m  Unexpected any. Specify a different type  [2m@typescript-eslint/no-explicit-any[22m[0m
[0m[0m
[0m[4mc:\AI\Git\training\HomeHealth\Policies_and_Procedures_V2\.wtpreview\evidence\src\v6\screens\pageviews\MasterControlsScreen.tsx[24m[0m
[0m  [2m104:34[22m  [31merror[39m  Unexpected any. Specify a different type  [2m@typescript-eslint/no-explicit-any[22m[0m
[0m  [2m104:60[22m  [31merror[39m  Unexpected any. Specify a different type  [2m@typescript-eslint/no-explicit-any[22m[0m
[0m[0m
[0m[4mc:\AI\Git\training\HomeHealth\Policies_and_Procedures_V2\.wtpreview\evidence\src\v6\screens\pageviews\OnboardingV2ActivateScreen.tsx[24m[0m
[0m  [2m13:59[22m  [31merror[39m  Unexpected any. Specify a different type  [2m@typescript-eslint/no-explicit-any[22m[0m
[0m[0m
[0m[4mc:\AI\Git\training\HomeHealth\Policies_and_Procedures_V2\.wtpreview\evidence\src\v6\screens\pageviews\OnboardingV2AuditScreen.tsx[24m[0m
[0m  [2m16:54[22m   [31merror[39m  Unexpected any. Specify a different type  [2m@typescript-eslint/no-explicit-any[22m[0m
[0m  [2m18:42[22m   [31merror[39m  Unexpected any. Specify a different type  [2m@typescript-eslint/no-explicit-any[22m[0m
[0m  [2m19:68[22m   [31merror[39m  Unexpected any. Specify a different type  [2m@typescript-eslint/no-explicit-any[22m[0m
[0m  [2m36:56[22m   [31merror[39m  Unexpected any. Specify a different type  [2m@typescript-eslint/no-explicit-any[22m[0m
[0m  [2m37:15[22m   [31merror[39m  Unexpected any. Specify a different type  [2m@typescript-eslint/no-explicit-any[22m[0m
[0m  [2m38:35[22m   [31merror[39m  Unexpected any. Specify a different type  [2m@typescript-eslint/no-explicit-any[22m[0m
[0m  [2m39:43[22m   [31merror[39m  Unexpected any. Specify a different type  [2m@typescript-eslint/no-explicit-any[22m[0m
[0m  [2m40:39[22m   [31merror[39m  Unexpected any. Specify a different type  [2m@typescript-eslint/no-explicit-any[22m[0m
[0m  [2m41:27[22m   [31merror[39m  Unexpected any. Specify a different type  [2m@typescript-eslint/no-explicit-any[22m[0m
[0m  [2m41:59[22m   [31merror[39m  Unexpected any. Specify a different type  [2m@typescript-eslint/no-explicit-any[22m[0m
[0m  [2m41:112[22m  [31merror[39m  Unexpected any. Specify a different type  [2m@typescript-eslint/no-explicit-any[22m[0m
[0m  [2m43:28[22m   [31merror[39m  Unexpected any. Specify a different type  [2m@typescript-eslint/no-explicit-any[22m[0m
[0m  [2m44:27[22m   [31merror[39m  Unexpected any. Specify a different type  [2m@typescript-eslint/no-explicit-any[22m[0m
[0m  [2m44:83[22m   [31merror[39m  Unexpected any. Specify a different type  [2m@typescript-eslint/no-explicit-any[22m[0m
[0m  [2m89:59[22m   [31merror[39m  Unexpected any. Specify a different type  [2m@typescript-eslint/no-explicit-any[22m[0m
[0m[0m
[0m[4mc:\AI\Git\training\HomeHealth\Policies_and_Procedures_V2\.wtpreview\evidence\src\v6\screens\pageviews\OnboardingV2BatchScreen.tsx[24m[0m
[0m   [2m36:54[22m  [31merror[39m  Unexpected any. Specify a different type  [2m@typescript-eslint/no-explicit-any[22m[0m
[0m   [2m46:60[22m  [31merror[39m  Unexpected any. Specify a different type  [2m@typescript-eslint/no-explicit-any[22m[0m
[0m   [2m46:89[22m  [31merror[39m  Unexpected any. Specify a different type  [2m@typescript-eslint/no-explicit-any[22m[0m
[0m   [2m48:17[22m  [31merror[39m  Unexpected any. Specify a different type  [2m@typescript-eslint/no-explicit-any[22m[0m
[0m   [2m49:44[22m  [31merror[39m  Unexpected any. Specify a different type  [2m@typescript-eslint/no-explicit-any[22m[0m
[0m   [2m49:73[22m  [31merror[39m  Unexpected any. Specify a different type  [2m@typescript-eslint/no-explicit-any[22m[0m
[0m   [2m51:37[22m  [31merror[39m  Unexpected any. Specify a different type  [2m@typescript-eslint/no-explicit-any[22m[0m
[0m   [2m67:89[22m  [31merror[39m  Unexpected any. Specify a different type  [2m@typescript-eslint/no-explicit-any[22m[0m
[0m  [2m137:42[22m  [31merror[39m  Unexpected any. Specify a different type  [2m@typescript-eslint/no-explicit-any[22m[0m
[0m  [2m138:45[22m  [31merror[39m  Unexpected any. Specify a different type  [2m@typescript-eslint/no-explicit-any[22m[0m
[0m  [2m145:32[22m  [31merror[39m  Unexpected any. Specify a different type  [2m@typescript-eslint/no-explicit-any[22m[0m
[0m  [2m168:44[22m  [31merror[39m  Unexpected any. Specify a different type  [2m@typescript-eslint/no-explicit-any[22m[0m
[0m  [2m169:60[22m  [31merror[39m  Unexpected any. Specify a different type  [2m@typescript-eslint/no-explicit-any[22m[0m
[0m  [2m169:90[22m  [31merror[39m  Unexpected any. Specify a different type  [2m@typescript-eslint/no-explicit-any[22m[0m
[0m[0m
[0m[4mc:\AI\Git\training\HomeHealth\Policies_and_Procedures_V2\.wtpreview\evidence\src\v6\screens\pageviews\OnboardingV2BatchesScreen.tsx[24m[0m
[0m  [2m18:41[22m  [31merror[39m  Unexpected any. Specify a different type  [2m@typescript-eslint/no-explicit-any[22m[0m
[0m  [2m38:94[22m  [31merror[39m  Unexpected any. Specify a different type  [2m@typescript-eslint/no-explicit-any[22m[0m
[0m  [2m39:39[22m  [31merror[39m  Unexpected any. Specify a different type  [2m@typescript-eslint/no-explicit-any[22m[0m
[0m  [2m40:43[22m  [31merror[39m  Unexpected any. Specify a different type  [2m@typescript-eslint/no-explicit-any[22m[0m
[0m[0m
[0m[4mc:\AI\Git\training\HomeHealth\Policies_and_Procedures_V2\.wtpreview\evidence\src\v6\screens\pageviews\OnboardingV2DashboardScreen.tsx[24m[0m
[0m  [2m20:44[22m   [31merror[39m  Unexpected any. Specify a different type  [2m@typescript-eslint/no-explicit-any[22m[0m
[0m  [2m21:53[22m   [31merror[39m  Unexpected any. Specify a different type  [2m@typescript-eslint/no-explicit-any[22m[0m
[0m  [2m22:46[22m   [31merror[39m  Unexpected any. Specify a different type  [2m@typescript-eslint/no-explicit-any[22m[0m
[0m  [2m43:61[22m   [31merror[39m  Unexpected any. Specify a different type  [2m@typescript-eslint/no-explicit-any[22m[0m
[0m  [2m44:117[22m  [31merror[39m  Unexpected any. Specify a different type  [2m@typescript-eslint/no-explicit-any[22m[0m
[0m[0m
[0m[4mc:\AI\Git\training\HomeHealth\Policies_and_Procedures_V2\.wtpreview\evidence\src\v6\screens\pageviews\OnboardingV2GovernanceScreen.tsx[24m[0m
[0m  [2m18:51[22m   [31merror[39m  Unexpected any. Specify a different type  [2m@typescript-eslint/no-explicit-any[22m[0m
[0m  [2m35:100[22m  [31merror[39m  Unexpected any. Specify a different type  [2m@typescript-eslint/no-explicit-any[22m[0m
[0m[0m
[0m[4mc:\AI\Git\training\HomeHealth\Policies_and_Procedures_V2\.wtpreview\evidence\src\v6\screens\pageviews\PolicyLifecycleScreen.tsx[24m[0m
[0m  [2m43:79[22m  [31merror[39m  Unexpected any. Specify a different type  [2m@typescript-eslint/no-explicit-any[22m[0m
[0m[0m
[0m[4mc:\AI\Git\training\HomeHealth\Policies_and_Procedures_V2\.wtpreview\evidence\src\v6\screens\pageviews\WorkflowDetailAndSwimlaneScreen.tsx[24m[0m
[0m   [2m70:28[22m  [31merror[39m  Unexpected any. Specify a different type  [2m@typescript-eslint/no-explicit-any[22m[0m
[0m   [2m73:27[22m  [31merror[39m  Unexpected any. Specify a different type  [2m@typescript-eslint/no-explicit-any[22m[0m
[0m   [2m84:17[22m  [31merror[39m  Unexpected any. Specify a different type  [2m@typescript-eslint/no-explicit-any[22m[0m
[0m   [2m87:33[22m  [31merror[39m  Unexpected any. Specify a different type  [2m@typescript-eslint/no-explicit-any[22m[0m
[0m   [2m92:52[22m  [31merror[39m  Unexpected any. Specify a different type  [2m@typescript-eslint/no-explicit-any[22m[0m
[0m   [2m92:81[22m  [31merror[39m  Unexpected any. Specify a different type  [2m@typescript-eslint/no-explicit-any[22m[0m
[0m  [2m245:75[22m  [31merror[39m  Unexpected any. Specify a different type  [2m@typescript-eslint/no-explicit-any[22m[0m
[0m  [2m246:75[22m  [31merror[39m  Unexpected any. Specify a different type  [2m@typescript-eslint/no-explicit-any[22m[0m
[0m  [2m247:75[22m  [31merror[39m  Unexpected any. Specify a different type  [2m@typescript-eslint/no-explicit-any[22m[0m
[0m  [2m306:36[22m  [31merror[39m  Unexpected any. Specify a different type  [2m@typescript-eslint/no-explicit-any[22m[0m
[0m  [2m308:57[22m  [31merror[39m  Unexpected any. Specify a different type  [2m@typescript-eslint/no-explicit-any[22m[0m
[0m[0m
[0m[4mc:\AI\Git\training\HomeHealth\Policies_and_Procedures_V2\.wtpreview\evidence\src\v6\screens\pageviews\WorkflowsScreen.tsx[24m[0m
[0m   [2m31:45[22m  [31merror[39m  Unexpected any. Specify a different type  [2m@typescript-eslint/no-explicit-any[22m[0m
[0m   [2m32:56[22m  [31merror[39m  Unexpected any. Specify a different type  [2m@typescript-eslint/no-explicit-any[22m[0m
[0m   [2m53:87[22m  [31merror[39m  Unexpected any. Specify a different type  [2m@typescript-eslint/no-explicit-any[22m[0m
[0m   [2m89:13[22m  [31merror[39m  Unexpected any. Specify a different type  [2m@typescript-eslint/no-explicit-any[22m[0m
[0m  [2m148:21[22m  [31merror[39m  Unexpected any. Specify a different type  [2m@typescript-eslint/no-explicit-any[22m[0m
[0m[0m
[0m[4mc:\AI\Git\training\HomeHealth\Policies_and_Procedures_V2\.wtpreview\evidence\src\v6\shell\Sidebar.tsx[24m[0m
[0m  [2m10:39[22m  [31merror[39m  Unexpected any. Specify a different type  [2m@typescript-eslint/no-explicit-any[22m[0m
[0m  [2m10:72[22m  [31merror[39m  Unexpected any. Specify a different type  [2m@typescript-eslint/no-explicit-any[22m[0m
[0m  [2m10:85[22m  [31merror[39m  Unexpected any. Specify a different type  [2m@typescript-eslint/no-explicit-any[22m[0m
[0m[0m
[0m[4mc:\AI\Git\training\HomeHealth\Policies_and_Procedures_V2\.wtpreview\evidence\tmp_classify.ts[24m[0m
[0m  [2m27:34[22m  [31merror[39m  Unexpected any. Specify a different type  [2m@typescript-eslint/no-explicit-any[22m[0m
[0m[0m
[0m[4mc:\AI\Git\training\HomeHealth\Policies_and_Procedures_V2\.wtpreview\gemini\infra\demo-auth-cdk\lambda\logout.ts[24m[0m
[0m  [2m2:10[22m  [31merror[39m  'json' is defined but never used. Allowed unused vars must match /^_/u  [2m@typescript-eslint/no-unused-vars[22m[0m
[0m[0m
[0m[4mc:\AI\Git\training\HomeHealth\Policies_and_Procedures_V2\.wtpreview\gemini\scripts\pushToHubstaff.ts[24m[0m
[0m  [2m311:52[22m  [31merror[39m  Unnecessary escape character: \-  [2mno-useless-escape[22m[0m
[0m[0m
[0m[4mc:\AI\Git\training\HomeHealth\Policies_and_Procedures_V2\.wtpreview\gemini\scripts\validateAwsCesMapping.ts[24m[0m
[0m  [2m38:9[22m  [31merror[39m  'migrationPlan' is assigned a value but never used. Allowed unused vars must match /^_/u  [2m@typescript-eslint/no-unused-vars[22m[0m
[0m[0m
[0m[4mc:\AI\Git\training\HomeHealth\Policies_and_Procedures_V2\.wtpreview\gemini\server\googleEvidence.ts[24m[0m
[0m  [2m77:25[22m  [31merror[39m  Unexpected control character(s) in regular expression: \x00, \x1f  [2mno-control-regex[22m[0m
[0m[0m
[0m[4mc:\AI\Git\training\HomeHealth\Policies_and_Procedures_V2\.wtpreview\gemini\server\ia\harness\AgentAuditLogger.ts[24m[0m
[0m  [2m37:27[22m  [31merror[39m  Unnecessary escape character: \-  [2mno-useless-escape[22m[0m
[0m[0m
[0m[4mc:\AI\Git\training\HomeHealth\Policies_and_Procedures_V2\.wtpreview\gemini\server\ia\harness\PhiEgressGuard.ts[24m[0m
[0m  [2m16:22[22m  [31merror[39m  Irregular whitespace not allowed                         [2mno-irregular-whitespace[22m[0m
[0m  [2m16:23[22m  [31merror[39m  Unexpected joined character sequence in character class  [2mno-misleading-character-class[22m[0m
[0m  [2m16:26[22m  [31merror[39m  Irregular whitespace not allowed                         [2mno-irregular-whitespace[22m[0m
[0m  [2m39:66[22m  [31merror[39m  Unnecessary escape character: \-                         [2mno-useless-escape[22m[0m
[0m[0m
[0m[4mc:\AI\Git\training\HomeHealth\Policies_and_Procedures_V2\.wtpreview\gemini\server\ia\responder.ts[24m[0m
[0m  [2m430:68[22m  [31merror[39m  Empty block statement  [2mno-empty[22m[0m
[0m  [2m434:64[22m  [31merror[39m  Empty block statement  [2mno-empty[22m[0m
[0m[0m
[0m[4mc:\AI\Git\training\HomeHealth\Policies_and_Procedures_V2\.wtpreview\gemini\server\ia\session\envelope.ts[24m[0m
[0m  [2m15:56[22m  [31merror[39m  'IncidentType' is defined but never used. Allowed unused vars must match /^_/u  [2m@typescript-eslint/no-unused-vars[22m[0m
[0m[0m
[0m[4mc:\AI\Git\training\HomeHealth\Policies_and_Procedures_V2\.wtpreview\gemini\server\ia\session\manager.ts[24m[0m
[0m  [2m13:10[22m  [31merror[39m  'randomUUID' is defined but never used. Allowed unused vars must match /^_/u      [2m@typescript-eslint/no-unused-vars[22m[0m
[0m  [2m72:52[22m  [31merror[39m  'latestInput' is defined but never used. Allowed unused args must match /^_/u     [2m@typescript-eslint/no-unused-vars[22m[0m
[0m  [2m92:3[22m   [31merror[39m  'classification' is defined but never used. Allowed unused args must match /^_/u  [2m@typescript-eslint/no-unused-vars[22m[0m
[0m[0m
[0m[4mc:\AI\Git\training\HomeHealth\Policies_and_Procedures_V2\.wtpreview\gemini\server\routes\calendar.ts[24m[0m
[0m  [2m26:3[22m  [31merror[39m  'validateEvidenceRef' is defined but never used. Allowed unused vars must match /^_/u  [2m@typescript-eslint/no-unused-vars[22m[0m
[0m[0m
[0m[4mc:\AI\Git\training\HomeHealth\Policies_and_Procedures_V2\.wtpreview\gemini\src\policy\brad\useBradWorkflow.ts[24m[0m
[0m  [2m59:6[22m  [33mwarning[39m  React Hook useMemo has a missing dependency: 'runtime'. Either include it or remove the dependency array  [2mreact-hooks/exhaustive-deps[22m[0m
[0m[0m
[0m[4mc:\AI\Git\training\HomeHealth\Policies_and_Procedures_V2\.wtpreview\gemini\src\policy\ces\cesMasterControlAudit.test.ts[24m[0m
[0m  [2m30:39[22m  [31merror[39m  Unexpected any. Specify a different type  [2m@typescript-eslint/no-explicit-any[22m[0m
[0m  [2m30:74[22m  [31merror[39m  Unexpected any. Specify a different type  [2m@typescript-eslint/no-explicit-any[22m[0m
[0m  [2m71:42[22m  [31merror[39m  Unexpected any. Specify a different type  [2m@typescript-eslint/no-explicit-any[22m[0m
[0m[0m
[0m[4mc:\AI\Git\training\HomeHealth\Policies_and_Procedures_V2\.wtpreview\gemini\src\policy\ces\cesViewProjections.ts[24m[0m
[0m   [2m43:29[22m   [31merror[39m  Unexpected any. Specify a different type  [2m@typescript-eslint/no-explicit-any[22m[0m
[0m  [2m109:27[22m   [31merror[39m  Unexpected any. Specify a different type  [2m@typescript-eslint/no-explicit-any[22m[0m
[0m  [2m528:38[22m   [31merror[39m  Unexpected any. Specify a different type  [2m@typescript-eslint/no-explicit-any[22m[0m
[0m  [2m554:80[22m   [31merror[39m  Unexpected any. Specify a different type  [2m@typescript-eslint/no-explicit-any[22m[0m
[0m  [2m554:129[22m  [31merror[39m  Unexpected any. Specify a different type  [2m@typescript-eslint/no-explicit-any[22m[0m
[0m  [2m585:43[22m   [31merror[39m  Unexpected any. Specify a different type  [2m@typescript-eslint/no-explicit-any[22m[0m
[0m  [2m587:59[22m   [31merror[39m  Unexpected any. Specify a different type  [2m@typescript-eslint/no-explicit-any[22m[0m
[0m  [2m601:43[22m   [31merror[39m  Unexpected any. Specify a different type  [2m@typescript-eslint/no-explicit-any[22m[0m
[0m  [2m603:39[22m   [31merror[39m  Unexpected any. Specify a different type  [2m@typescript-eslint/no-explicit-any[22m[0m
[0m  [2m604:38[22m   [31merror[39m  Unexpected any. Specify a different type  [2m@typescript-eslint/no-explicit-any[22m[0m
[0m  [2m615:37[22m   [31merror[39m  Unexpected any. Specify a different type  [2m@typescript-eslint/no-explicit-any[22m[0m
[0m  [2m617:38[22m   [31merror[39m  Unexpected any. Specify a different type  [2m@typescript-eslint/no-explicit-any[22m[0m
[0m  [2m618:36[22m   [31merror[39m  Unexpected any. Specify a different type  [2m@typescript-eslint/no-explicit-any[22m[0m
[0m  [2m619:37[22m   [31merror[39m  Unexpected any. Specify a different type  [2m@typescript-eslint/no-explicit-any[22m[0m
[0m  [2m635:37[22m   [31merror[39m  Unexpected any. Specify a different type  [2m@typescript-eslint/no-explicit-any[22m[0m
[0m  [2m665:30[22m   [31merror[39m  Unexpected any. Specify a different type  [2m@typescript-eslint/no-explicit-any[22m[0m
[0m  [2m672:37[22m   [31merror[39m  Unexpected any. Specify a different type  [2m@typescript-eslint/no-explicit-any[22m[0m
[0m  [2m674:38[22m   [31merror[39m  Unexpected any. Specify a different type  [2m@typescript-eslint/no-explicit-any[22m[0m
[0m  [2m675:36[22m   [31merror[39m  Unexpected any. Specify a different type  [2m@typescript-eslint/no-explicit-any[22m[0m
[0m  [2m678:29[22m   [31merror[39m  Unexpected any. Specify a different type  [2m@typescript-eslint/no-explicit-any[22m[0m
[0m[0m
[0m[4mc:\AI\Git\training\HomeHealth\Policies_and_Procedures_V2\.wtpreview\gemini\src\policy\ces\data\V3_CES_SeedData.ts[24m[0m
[0m  [2m1:1[22m  [33mwarning[39m  Do not use "@ts-nocheck" because it alters compilation errors  [2m@typescript-eslint/ban-ts-comment[22m[0m
[0m[0m
[0m[4mc:\AI\Git\training\HomeHealth\Policies_and_Procedures_V2\.wtpreview\gemini\src\policy\ces\data\V3_CES_SnapshotBuilder.ts[24m[0m
[0m  [2m1:1[22m  [33mwarning[39m  Do not use "@ts-nocheck" because it alters compilation errors  [2m@typescript-eslint/ban-ts-comment[22m[0m
[0m[0m
[0m[4mc:\AI\Git\training\HomeHealth\Policies_and_Procedures_V2\.wtpreview\gemini\src\policy\ecign\useEcignInstance.ts[24m[0m
[0m  [2m211:6[22m  [33mwarning[39m  React Hook useEffect has missing dependencies: 'args.signerRequirements' and 'args.signerSlots'. Either include them or remove the dependency array  [2mreact-hooks/exhaustive-deps[22m[0m
[0m[0m
[0m[4mc:\AI\Git\training\HomeHealth\Policies_and_Procedures_V2\.wtpreview\gemini\src\policy\journey\data\ACHC_Annual_Assembled.ts[24m[0m
[0m  [2m3126:374[22m  [31merror[39m  Unnecessary escape character: \'          [2mno-useless-escape[22m[0m
[0m  [2m3297:148[22m  [31merror[39m  Unexpected any. Specify a different type  [2m@typescript-eslint/no-explicit-any[22m[0m
[0m[0m
[0m[4mc:\AI\Git\training\HomeHealth\Policies_and_Procedures_V2\.wtpreview\gemini\src\policy\journey\data\contentV2Adapter.ts[24m[0m
[0m   [2m26:16[22m  [31merror[39m  Unexpected any. Specify a different type  [2m@typescript-eslint/no-explicit-any[22m[0m
[0m  [2m167:37[22m  [31merror[39m  Unexpected any. Specify a different type  [2m@typescript-eslint/no-explicit-any[22m[0m
[0m  [2m174:32[22m  [31merror[39m  Unexpected any. Specify a different type  [2m@typescript-eslint/no-explicit-any[22m[0m
[0m  [2m179:35[22m  [31merror[39m  Unexpected any. Specify a different type  [2m@typescript-eslint/no-explicit-any[22m[0m
[0m  [2m182:20[22m  [31merror[39m  Unexpected any. Specify a different type  [2m@typescript-eslint/no-explicit-any[22m[0m
[0m  [2m339:45[22m  [31merror[39m  Unexpected any. Specify a different type  [2m@typescript-eslint/no-explicit-any[22m[0m
[0m  [2m505:18[22m  [31merror[39m  Unexpected any. Specify a different type  [2m@typescript-eslint/no-explicit-any[22m[0m
[0m  [2m506:30[22m  [31merror[39m  Unexpected any. Specify a different type  [2m@typescript-eslint/no-explicit-any[22m[0m
[0m[0m
[0m[4mc:\AI\Git\training\HomeHealth\Policies_and_Procedures_V2\.wtpreview\gemini\src\policy\journey\data\lessonModel.ts[24m[0m
[0m  [2m32:11[22m  [31merror[39m  Unexpected any. Specify a different type  [2m@typescript-eslint/no-explicit-any[22m[0m
[0m[0m
[0m[4mc:\AI\Git\training\HomeHealth\Policies_and_Procedures_V2\.wtpreview\gemini\src\policy\pm\taskProjection.ts[24m[0m
[0m  [2m65:5[22m  [33mwarning[39m  React Hook useMemo has a missing dependency: 'sprintWindow'. Either include it or remove the dependency array  [2mreact-hooks/exhaustive-deps[22m[0m
[0m[0m
[0m[4mc:\AI\Git\training\HomeHealth\Policies_and_Procedures_V2\.wtpreview\gemini\src\policy\security\features\useFeatureAccess.ts[24m[0m
[0m  [2m62:7[22m  [33mwarning[39m  React Hook useMemo has unnecessary dependencies: 'assignmentsRev' and 'usersRev'. Either exclude them or remove the dependency array  [2mreact-hooks/exhaustive-deps[22m[0m
[0m[0m
[0m[4mc:\AI\Git\training\HomeHealth\Policies_and_Procedures_V2\.wtpreview\gemini\src\policy\services\policyLinkService.ts[24m[0m
[0m  [2m18:25[22m  [31merror[39m  'getCorpusPolicy' is defined but never used. Allowed unused vars must match /^_/u  [2m@typescript-eslint/no-unused-vars[22m[0m
[0m[0m
[0m[4mc:\AI\Git\training\HomeHealth\Policies_and_Procedures_V2\.wtpreview\gemini\src\policy\stores\regulatoryExecutionStore.ts[24m[0m
[0m    [2m46:18[22m  [31merror[39m  Unexpected any. Specify a different type  [2m@typescript-eslint/no-explicit-any[22m[0m
[0m   [2m948:40[22m  [31merror[39m  Unexpected any. Specify a different type  [2m@typescript-eslint/no-explicit-any[22m[0m
[0m   [2m949:40[22m  [31merror[39m  Unexpected any. Specify a different type  [2m@typescript-eslint/no-explicit-any[22m[0m
[0m   [2m950:42[22m  [31merror[39m  Unexpected any. Specify a different type  [2m@typescript-eslint/no-explicit-any[22m[0m
[0m   [2m951:44[22m  [31merror[39m  Unexpected any. Specify a different type  [2m@typescript-eslint/no-explicit-any[22m[0m
[0m  [2m2342:45[22m  [31merror[39m  Unexpected any. Specify a different type  [2m@typescript-eslint/no-explicit-any[22m[0m
[0m[0m
[0m[4mc:\AI\Git\training\HomeHealth\Policies_and_Procedures_V2\.wtpreview\gemini\src\policy\workflows\swimlanes\buildSwimlaneFromWorkflow.ts[24m[0m
[0m  [2m29:65[22m  [31merror[39m  Unexpected any. Specify a different type  [2m@typescript-eslint/no-explicit-any[22m[0m
[0m[0m
[0m[4mc:\AI\Git\training\HomeHealth\Policies_and_Procedures_V2\.wtpreview\gemini\src\policy\workflows\swimlanes\buildWorkflowSwimlaneCardsForCes.ts[24m[0m
[0m   [2m21:12[22m   [31merror[39m  Unexpected any. Specify a different type  [2m@typescript-eslint/no-explicit-any[22m[0m
[0m   [2m24:72[22m   [31merror[39m  Unexpected any. Specify a different type  [2m@typescript-eslint/no-explicit-any[22m[0m
[0m   [2m24:91[22m   [31merror[39m  Unexpected any. Specify a different type  [2m@typescript-eslint/no-explicit-any[22m[0m
[0m   [2m82:40[22m   [31merror[39m  Unexpected any. Specify a different type  [2m@typescript-eslint/no-explicit-any[22m[0m
[0m   [2m82:48[22m   [31merror[39m  Unexpected any. Specify a different type  [2m@typescript-eslint/no-explicit-any[22m[0m
[0m   [2m83:35[22m   [31merror[39m  Unexpected any. Specify a different type  [2m@typescript-eslint/no-explicit-any[22m[0m
[0m  [2m109:126[22m  [31merror[39m  Unexpected any. Specify a different type  [2m@typescript-eslint/no-explicit-any[22m[0m
[0m[0m
[0m[4mc:\AI\Git\training\HomeHealth\Policies_and_Procedures_V2\.wtpreview\gemini\src\policy\workflows\swimlanes\useSwimlaneModalPosition.ts[24m[0m
[0m  [2m41:7[22m  [33mwarning[39m  Error: Calling setState synchronously within an effect can trigger cascading renders[0m
[0m[0m
[0mEffects are intended to synchronize state between React and external systems such as manually updating the DOM, state management libraries, or other platform APIs. In general, the body of an effect should do one or both of the following:[0m
[0m* Update external systems with the latest state from React.[0m
[0m* Subscribe for updates from some external system, calling setState in a callback function when external state changes.[0m
[0m[0m
[0mCalling setState synchronously within an effect body causes cascading renders that can hurt performance, and is not recommended. (https://react.dev/learn/you-might-not-need-an-effect).[0m
[0m[0m
[0mc:\AI\Git\training\HomeHealth\Policies_and_Procedures_V2\.wtpreview\gemini\src\policy\workflows\swimlanes\useSwimlaneModalPosition.ts:41:7[0m
[0m  39 |     if (!active) {[0m
[0m  40 |       lockedRectRef.current = null;[0m
[0m> 41 |       setWorkspaceRect(null);[0m
[0m     |       ^^^^^^^^^^^^^^^^ Avoid calling setState() directly within an effect[0m
[0m  42 |       return undefined;[0m
[0m  43 |     }[0m
[0m  44 |  [2mreact-hooks/set-state-in-effect[22m[0m
[0m[0m
[0m[4mc:\AI\Git\training\HomeHealth\Policies_and_Procedures_V2\.wtpreview\gemini\src\services\mockBradEngine.ts[24m[0m
[0m  [2m622:115[22m  [31merror[39m  Unexpected any. Specify a different type  [2m@typescript-eslint/no-explicit-any[22m[0m
[0m[0m
[0m[4mc:\AI\Git\training\HomeHealth\Policies_and_Procedures_V2\.wtpreview\gemini\src\v6\routing\navigationManifest.ts[24m[0m
[0m  [2m7:30[22m  [31merror[39m  Unexpected any. Specify a different type  [2m@typescript-eslint/no-explicit-any[22m[0m
[0m[0m
[0m[4mc:\AI\Git\training\HomeHealth\Policies_and_Procedures_V2\.wtpreview\gemini\src\v6\screens\RepresentativeScreens.tsx[24m[0m
[0m   [2m872:14[22m   [31merror[39m    Unexpected any. Specify a different type                                                                                                                                                                                                                                                                                                                                                                                                                                                                                                                                                                                                                                                                                                                                                                                                                                                                                                                                                                                                                                                                                                                                    [2m@typescript-eslint/no-explicit-any[22m[0m
[0m  [2m1057:29[22m   [31merror[39m    Unexpected any. Specify a different type                                                                                                                                                                                                                                                                                                                                                                                                                                                                                                                                                                                                                                                                                                                                                                                                                                                                                                                                                                                                                                                                                                                                    [2m@typescript-eslint/no-explicit-any[22m[0m
[0m  [2m1066:75[22m   [31merror[39m    Unexpected any. Specify a different type                                                                                                                                                                                                                                                                                                                                                                                                                                                                                                                                                                                                                                                                                                                                                                                                                                                                                                                                                                                                                                                                                                                                    [2m@typescript-eslint/no-explicit-any[22m[0m
[0m  [2m1074:68[22m   [31merror[39m    Unexpected any. Specify a different type                                                                                                                                                                                                                                                                                                                                                                                                                                                                                                                                                                                                                                                                                                                                                                                                                                                                                                                                                                                                                                                                                                                                    [2m@typescript-eslint/no-explicit-any[22m[0m
[0m  [2m1505:20[22m   [31merror[39m    Unexpected any. Specify a different type                                                                                                                                                                                                                                                                                                                                                                                                                                                                                                                                                                                                                                                                                                                                                                                                                                                                                                                                                                                                                                                                                                                                    [2m@typescript-eslint/no-explicit-any[22m[0m
[0m  [2m1506:17[22m   [31merror[39m    Unexpected any. Specify a different type                                                                                                                                                                                                                                                                                                                                                                                                                                                                                                                                                                                                                                                                                                                                                                                                                                                                                                                                                                                                                                                                                                                                    [2m@typescript-eslint/no-explicit-any[22m[0m
[0m  [2m1514:20[22m   [31merror[39m    Unexpected any. Specify a different type                                                                                                                                                                                                                                                                                                                                                                                                                                                                                                                                                                                                                                                                                                                                                                                                                                                                                                                                                                                                                                                                                                                                    [2m@typescript-eslint/no-explicit-any[22m[0m
[0m  [2m1515:17[22m   [31merror[39m    Unexpected any. Specify a different type                                                                                                                                                                                                                                                                                                                                                                                                                                                                                                                                                                                                                                                                                                                                                                                                                                                                                                                                                                                                                                                                                                                                    [2m@typescript-eslint/no-explicit-any[22m[0m
[0m  [2m1901:67[22m   [31merror[39m    Unexpected any. Specify a different type                                                                                                                                                                                                                                                                                                                                                                                                                                                                                                                                                                                                                                                                                                                                                                                                                                                                                                                                                                                                                                                                                                                                    [2m@typescript-eslint/no-explicit-any[22m[0m
[0m  [2m2414:15[22m   [31merror[39m    Unexpected any. Specify a different type                                                                                                                                                                                                                                                                                                                                                                                                                                                                                                                                                                                                                                                                                                                                                                                                                                                                                                                                                                                                                                                                                                                                    [2m@typescript-eslint/no-explicit-any[22m[0m
[0m  [2m2418:29[22m   [31merror[39m    Unexpected any. Specify a different type                                                                                                                                                                                                                                                                                                                                                                                                                                                                                                                                                                                                                                                                                                                                                                                                                                                                                                                                                                                                                                                                                                                                    [2m@typescript-eslint/no-explicit-any[22m[0m
[0m  [2m2419:52[22m   [31merror[39m    Unexpected any. Specify a different type                                                                                                                                                                                                                                                                                                                                                                                                                                                                                                                                                                                                                                                                                                                                                                                                                                                                                                                                                                                                                                                                                                                                    [2m@typescript-eslint/no-explicit-any[22m[0m
[0m  [2m2424:32[22m   [31merror[39m    Unexpected any. Specify a different type                                                                                                                                                                                                                                                                                                                                                                                                                                                                                                                                                                                                                                                                                                                                                                                                                                                                                                                                                                                                                                                                                                                                    [2m@typescript-eslint/no-explicit-any[22m[0m
[0m  [2m2424:60[22m   [31merror[39m    Unexpected any. Specify a different type                                                                                                                                                                                                                                                                                                                                                                                                                                                                                                                                                                                                                                                                                                                                                                                                                                                                                                                                                                                                                                                                                                                                    [2m@typescript-eslint/no-explicit-any[22m[0m
[0m  [2m2428:51[22m   [31merror[39m    Unexpected any. Specify a different type                                                                                                                                                                                                                                                                                                                                                                                                                                                                                                                                                                                                                                                                                                                                                                                                                                                                                                                                                                                                                                                                                                                                    [2m@typescript-eslint/no-explicit-any[22m[0m
[0m  [2m2433:19[22m   [31merror[39m    Empty block statement                                                                                                                                                                                                                                                                                                                                                                                                                                                                                                                                                                                                                                                                                                                                                                                                                                                                                                                                                                                                                                                                                                                                                       [2mno-empty[22m[0m
[0m  [2m2439:63[22m   [31merror[39m    Unexpected any. Specify a different type                                                                                                                                                                                                                                                                                                                                                                                                                                                                                                                                                                                                                                                                                                                                                                                                                                                                                                                                                                                                                                                                                                                                    [2m@typescript-eslint/no-explicit-any[22m[0m
[0m  [2m2441:54[22m   [31merror[39m    Unexpected any. Specify a different type                                                                                                                                                                                                                                                                                                                                                                                                                                                                                                                                                                                                                                                                                                                                                                                                                                                                                                                                                                                                                                                                                                                                    [2m@typescript-eslint/no-explicit-any[22m[0m
[0m  [2m2442:80[22m   [31merror[39m    Unexpected any. Specify a different type                                                                                                                                                                                                                                                                                                                                                                                                                                                                                                                                                                                                                                                                                                                                                                                                                                                                                                                                                                                                                                                                                                                                    [2m@typescript-eslint/no-explicit-any[22m[0m
[0m  [2m2443:45[22m   [31merror[39m    Unexpected any. Specify a different type                                                                                                                                                                                                                                                                                                                                                                                                                                                                                                                                                                                                                                                                                                                                                                                                                                                                                                                                                                                                                                                                                                                                    [2m@typescript-eslint/no-explicit-any[22m[0m
[0m  [2m2448:27[22m   [31merror[39m    Unexpected any. Specify a different type                                                                                                                                                                                                                                                                                                                                                                                                                                                                                                                                                                                                                                                                                                                                                                                                                                                                                                                                                                                                                                                                                                                                    [2m@typescript-eslint/no-explicit-any[22m[0m
[0m  [2m2448:55[22m   [31merror[39m    Unexpected any. Specify a different type                                                                                                                                                                                                                                                                                                                                                                                                                                                                                                                                                                                                                                                                                                                                                                                                                                                                                                                                                                                                                                                                                                                                    [2m@typescript-eslint/no-explicit-any[22m[0m
[0m  [2m2448:72[22m   [31merror[39m    Unexpected any. Specify a different type                                                                                                                                                                                                                                                                                                                                                                                                                                                                                                                                                                                                                                                                                                                                                                                                                                                                                                                                                                                                                                                                                                                                    [2m@typescript-eslint/no-explicit-any[22m[0m
[0m  [2m2449:21[22m   [31merror[39m    Unexpected any. Specify a different type                                                                                                                                                                                                                                                                                                                                                                                                                                                                                                                                                                                                                                                                                                                                                                                                                                                                                                                                                                                                                                                                                                                                    [2m@typescript-eslint/no-explicit-any[22m[0m
[0m  [2m2451:65[22m   [31merror[39m    Unexpected any. Specify a different type                                                                                                                                                                                                                                                                                                                                                                                                                                                                                                                                                                                                                                                                                                                                                                                                                                                                                                                                                                                                                                                                                                                                    [2m@typescript-eslint/no-explicit-any[22m[0m
[0m  [2m2455:25[22m   [31merror[39m    Unexpected any. Specify a different type                                                                                                                                                                                                                                                                                                                                                                                                                                                                                                                                                                                                                                                                                                                                                                                                                                                                                                                                                                                                                                                                                                                                    [2m@typescript-eslint/no-explicit-any[22m[0m
[0m  [2m2456:22[22m   [31merror[39m    Unexpected any. Specify a different type                                                                                                                                                                                                                                                                                                                                                                                                                                                                                                                                                                                                                                                                                                                                                                                                                                                                                                                                                                                                                                                                                                                                    [2m@typescript-eslint/no-explicit-any[22m[0m
[0m  [2m2460:38[22m   [31merror[39m    Unexpected any. Specify a different type                                                                                                                                                                                                                                                                                                                                                                                                                                                                                                                                                                                                                                                                                                                                                                                                                                                                                                                                                                                                                                                                                                                                    [2m@typescript-eslint/no-explicit-any[22m[0m
[0m  [2m2472:15[22m   [31merror[39m    Empty block statement                                                                                                                                                                                                                                                                                                                                                                                                                                                                                                                                                                                                                                                                                                                                                                                                                                                                                                                                                                                                                                                                                                                                                       [2mno-empty[22m[0m
[0m  [2m2477:59[22m   [31merror[39m    Unexpected any. Specify a different type                                                                                                                                                                                                                                                                                                                                                                                                                                                                                                                                                                                                                                                                                                                                                                                                                                                                                                                                                                                                                                                                                                                                    [2m@typescript-eslint/no-explicit-any[22m[0m
[0m  [2m2563:5[22m    [33mwarning[39m  Error: Calling setState synchronously within an effect can trigger cascading renders[0m
[0m[0m
[0mEffects are intended to synchronize state between React and external systems such as manually updating the DOM, state management libraries, or other platform APIs. In general, the body of an effect should do one or both of the following:[0m
[0m* Update external systems with the latest state from React.[0m
[0m* Subscribe for updates from some external system, calling setState in a callback function when external state changes.[0m
[0m[0m
[0mCalling setState synchronously within an effect body causes cascading renders that can hurt performance, and is not recommended. (https://react.dev/learn/you-might-not-need-an-effect).[0m
[0m[0m
[0mc:\AI\Git\training\HomeHealth\Policies_and_Procedures_V2\.wtpreview\gemini\src\v6\screens\RepresentativeScreens.tsx:2563:5[0m
[0m  2561 |[0m
[0m  2562 |   useEffect(() => {[0m
[0m> 2563 |     setAgendaMode(isCesCalendar ? 'Month' : 'Week');[0m
[0m       |     ^^^^^^^^^^^^^ Avoid calling setState() directly within an effect[0m
[0m  2564 |     if (!requestedEventId) setSelectedEvent(null);[0m
[0m  2565 |     setActiveEventKey(null);[0m
[0m  2566 |     setActiveEventAnchor(null);  [2mreact-hooks/set-state-in-effect[22m[0m
[0m  [2m2572:6[22m    [33mwarning[39m  React Hook useEffect has a missing dependency: 'events'. Either include it or remove the dependency array                                                                                                                                                                                                                                                                                                                                                                                                                                                                                                                                                                                                                                                                                                                                                                                                                                                                                                                                                                                                                                                                   [2mreact-hooks/exhaustive-deps[22m[0m
[0m  [2m2580:5[22m    [33mwarning[39m  Error: Calling setState synchronously within an effect can trigger cascading renders[0m
[0m[0m
[0mEffects are intended to synchronize state between React and external systems such as manually updating the DOM, state management libraries, or other platform APIs. In general, the body of an effect should do one or both of the following:[0m
[0m* Update external systems with the latest state from React.[0m
[0m* Subscribe for updates from some external system, calling setState in a callback function when external state changes.[0m
[0m[0m
[0mCalling setState synchronously within an effect body causes cascading renders that can hurt performance, and is not recommended. (https://react.dev/learn/you-might-not-need-an-effect).[0m
[0m[0m
[0mc:\AI\Git\training\HomeHealth\Policies_and_Procedures_V2\.wtpreview\gemini\src\v6\screens\RepresentativeScreens.tsx:2580:5[0m
[0m  2578 |     if (!targetEvent) return;[0m
[0m  2579 |[0m
[0m> 2580 |     setAgendaMode('Month');[0m
[0m       |     ^^^^^^^^^^^^^ Avoid calling setState() directly within an effect[0m
[0m  2581 |     setCesMonth(getEventMonth(targetEvent));[0m
[0m  2582 |     setSelectedEvent(targetEvent);[0m
[0m  2583 |     setActiveEventKey(null);                    [2mreact-hooks/set-state-in-effect[22m[0m
[0m  [2m2970:41[22m   [31merror[39m    Unexpected any. Specify a different type                                                                                                                                                                                                                                                                                                                                                                                                                                                                                                                                                                                                                                                                                                                                                                                                                                                                                                                                                                                                                                                                                                                                    [2m@typescript-eslint/no-explicit-any[22m[0m
[0m  [2m3004:92[22m   [31merror[39m    Unexpected any. Specify a different type                                                                                                                                                                                                                                                                                                                                                                                                                                                                                                                                                                                                                                                                                                                                                                                                                                                                                                                                                                                                                                                                                                                                    [2m@typescript-eslint/no-explicit-any[22m[0m
[0m  [2m3005:15[22m   [31merror[39m    Unexpected any. Specify a different type                                                                                                                                                                                                                                                                                                                                                                                                                                                                                                                                                                                                                                                                                                                                                                                                                                                                                                                                                                                                                                                                                                                                    [2m@typescript-eslint/no-explicit-any[22m[0m
[0m  [2m3006:40[22m   [31merror[39m    Unexpected any. Specify a different type                                                                                                                                                                                                                                                                                                                                                                                                                                                                                                                                                                                                                                                                                                                                                                                                                                                                                                                                                                                                                                                                                                                                    [2m@typescript-eslint/no-explicit-any[22m[0m
[0m  [2m3007:44[22m   [31merror[39m    Unexpected any. Specify a different type                                                                                                                                                                                                                                                                                                                                                                                                                                                                                                                                                                                                                                                                                                                                                                                                                                                                                                                                                                                                                                                                                                                                    [2m@typescript-eslint/no-explicit-any[22m[0m
[0m  [2m3038:89[22m   [31merror[39m    Unexpected any. Specify a different type                                                                                                                                                                                                                                                                                                                                                                                                                                                                                                                                                                                                                                                                                                                                                                                                                                                                                                                                                                                                                                                                                                                                    [2m@typescript-eslint/no-explicit-any[22m[0m
[0m  [2m3042:50[22m   [31merror[39m    Unexpected any. Specify a different type                                                                                                                                                                                                                                                                                                                                                                                                                                                                                                                                                                                                                                                                                                                                                                                                                                                                                                                                                                                                                                                                                                                                    [2m@typescript-eslint/no-explicit-any[22m[0m
[0m  [2m3099:30[22m   [31merror[39m    Unexpected any. Specify a different type                                                                                                                                                                                                                                                                                                                                                                                                                                                                                                                                                                                                                                                                                                                                                                                                                                                                                                                                                                                                                                                                                                                                    [2m@typescript-eslint/no-explicit-any[22m[0m
[0m  [2m3099:69[22m   [31merror[39m    Unexpected any. Specify a different type                                                                                                                                                                                                                                                                                                                                                                                                                                                                                                                                                                                                                                                                                                                                                                                                                                                                                                                                                                                                                                                                                                                                    [2m@typescript-eslint/no-explicit-any[22m[0m
[0m  [2m3099:108[22m  [31merror[39m    Unexpected any. Specify a different type                                                                                                                                                                                                                                                                                                                                                                                                                                                                                                                                                                                                                                                                                                                                                                                                                                                                                                                                                                                                                                                                                                                                    [2m@typescript-eslint/no-explicit-any[22m[0m
[0m  [2m3101:23[22m   [31merror[39m    Unexpected any. Specify a different type                                                                                                                                                                                                                                                                                                                                                                                                                                                                                                                                                                                                                                                                                                                                                                                                                                                                                                                                                                                                                                                                                                                                    [2m@typescript-eslint/no-explicit-any[22m[0m
[0m  [2m3101:73[22m   [31merror[39m    Unexpected any. Specify a different type                                                                                                                                                                                                                                                                                                                                                                                                                                                                                                                                                                                                                                                                                                                                                                                                                                                                                                                                                                                                                                                                                                                                    [2m@typescript-eslint/no-explicit-any[22m[0m
[0m  [2m3103:43[22m   [31merror[39m    Unexpected any. Specify a different type                                                                                                                                                                                                                                                                                                                                                                                                                                                                                                                                                                                                                                                                                                                                                                                                                                                                                                                                                                                                                                                                                                                                    [2m@typescript-eslint/no-explicit-any[22m[0m
[0m  [2m3104:46[22m   [31merror[39m    Unexpected any. Specify a different type                                                                                                                                                                                                                                                                                                                                                                                                                                                                                                                                                                                                                                                                                                                                                                                                                                                                                                                                                                                                                                                                                                                                    [2m@typescript-eslint/no-explicit-any[22m[0m
[0m  [2m3108:14[22m   [31merror[39m    Unexpected any. Specify a different type                                                                                                                                                                                                                                                                                                                                                                                                                                                                                                                                                                                                                                                                                                                                                                                                                                                                                                                                                                                                                                                                                                                                    [2m@typescript-eslint/no-explicit-any[22m[0m
[0m  [2m3112:56[22m   [31merror[39m    Unexpected any. Specify a different type                                                                                                                                                                                                                                                                                                                                                                                                                                                                                                                                                                                                                                                                                                                                                                                                                                                                                                                                                                                                                                                                                                                                    [2m@typescript-eslint/no-explicit-any[22m[0m
[0m  [2m3254:123[22m  [31merror[39m    Unexpected any. Specify a different type                                                                                                                                                                                                                                                                                                                                                                                                                                                                                                                                                                                                                                                                                                                                                                                                                                                                                                                                                                                                                                                                                                                                    [2m@typescript-eslint/no-explicit-any[22m[0m
[0m  [2m3255:27[22m   [31merror[39m    Unexpected any. Specify a different type                                                                                                                                                                                                                                                                                                                                                                                                                                                                                                                                                                                                                                                                                                                                                                                                                                                                                                                                                                                                                                                                                                                                    [2m@typescript-eslint/no-explicit-any[22m[0m
[0m  [2m3265:67[22m   [31merror[39m    Unexpected any. Specify a different type                                                                                                                                                                                                                                                                                                                                                                                                                                                                                                                                                                                                                                                                                                                                                                                                                                                                                                                                                                                                                                                                                                                                    [2m@typescript-eslint/no-explicit-any[22m[0m
[0m  [2m3274:35[22m   [31merror[39m    Unexpected any. Specify a different type                                                                                                                                                                                                                                                                                                                                                                                                                                                                                                                                                                                                                                                                                                                                                                                                                                                                                                                                                                                                                                                                                                                                    [2m@typescript-eslint/no-explicit-any[22m[0m
[0m  [2m3275:35[22m   [31merror[39m    Unexpected any. Specify a different type                                                                                                                                                                                                                                                                                                                                                                                                                                                                                                                                                                                                                                                                                                                                                                                                                                                                                                                                                                                                                                                                                                                                    [2m@typescript-eslint/no-explicit-any[22m[0m
[0m  [2m3283:32[22m   [31merror[39m    Unexpected any. Specify a different type                                                                                                                                                                                                                                                                                                                                                                                                                                                                                                                                                                                                                                                                                                                                                                                                                                                                                                                                                                                                                                                                                                                                    [2m@typescript-eslint/no-explicit-any[22m[0m
[0m  [2m3283:75[22m   [31merror[39m    Unexpected any. Specify a different type                                                                                                                                                                                                                                                                                                                                                                                                                                                                                                                                                                                                                                                                                                                                                                                                                                                                                                                                                                                                                                                                                                                                    [2m@typescript-eslint/no-explicit-any[22m[0m
[0m  [2m3292:48[22m   [31merror[39m    Unexpected any. Specify a different type                                                                                                                                                                                                                                                                                                                                                                                                                                                                                                                                                                                                                                                                                                                                                                                                                                                                                                                                                                                                                                                                                                                                    [2m@typescript-eslint/no-explicit-any[22m[0m
[0m  [2m3514:39[22m   [31merror[39m    React Hook "useState" is called conditionally. React Hooks must be called in the exact same order in every component render                                                                                                                                                                                                                                                                                                                                                                                                                                                                                                                                                                                                                                                                                                                                                                                                                                                                                                                                                                                                                                                 [2mreact-hooks/rules-of-hooks[22m[0m
[0m  [2m3514:63[22m   [31merror[39m    Unexpected any. Specify a different type                                                                                                                                                                                                                                                                                                                                                                                                                                                                                                                                                                                                                                                                                                                                                                                                                                                                                                                                                                                                                                                                                                                                    [2m@typescript-eslint/no-explicit-any[22m[0m
[0m  [2m3515:42[22m   [31merror[39m    Unexpected any. Specify a different type                                                                                                                                                                                                                                                                                                                                                                                                                                                                                                                                                                                                                                                                                                                                                                                                                                                                                                                                                                                                                                                                                                                                    [2m@typescript-eslint/no-explicit-any[22m[0m
[0m[0m
[0m[4mc:\AI\Git\training\HomeHealth\Policies_and_Procedures_V2\.wtpreview\gemini\src\v6\screens\pageviews\AppendixFScreen.tsx[24m[0m
[0m  [2m82:30[22m  [31merror[39m  Unexpected any. Specify a different type  [2m@typescript-eslint/no-explicit-any[22m[0m
[0m[0m
[0m[4mc:\AI\Git\training\HomeHealth\Policies_and_Procedures_V2\.wtpreview\gemini\src\v6\screens\pageviews\CareIndeedOnboardingLMS.tsx[24m[0m
[0m   [2m370:11[22m  [31merror[39m    Empty block statement                                                                                                                                                                                                                                                                                                                                                                                                                                                                                                                                                                                                                                                                                                                                                                                            [2mno-empty[22m[0m
[0m  [2m3653:27[22m  [31merror[39m    Unexpected any. Specify a different type                                                                                                                                                                                                                                                                                                                                                                                                                                                                                                                                                                                                                                                                                                                                                                         [2m@typescript-eslint/no-explicit-any[22m[0m
[0m  [2m3654:25[22m  [31merror[39m    Unexpected any. Specify a different type                                                                                                                                                                                                                                                                                                                                                                                                                                                                                                                                                                                                                                                                                                                                                                         [2m@typescript-eslint/no-explicit-any[22m[0m
[0m  [2m3664:27[22m  [31merror[39m    Unexpected any. Specify a different type                                                                                                                                                                                                                                                                                                                                                                                                                                                                                                                                                                                                                                                                                                                                                                         [2m@typescript-eslint/no-explicit-any[22m[0m
[0m  [2m3665:26[22m  [31merror[39m    Unexpected any. Specify a different type                                                                                                                                                                                                                                                                                                                                                                                                                                                                                                                                                                                                                                                                                                                                                                         [2m@typescript-eslint/no-explicit-any[22m[0m
[0m  [2m4027:28[22m  [33mwarning[39m  Error: Cannot call impure function during render[0m
[0m[0m
[0m`Date.now` is an impure function. Calling an impure function can produce unstable results that update unpredictably when the component happens to re-render. (https://react.dev/reference/rules/components-and-hooks-must-be-pure#components-and-hooks-must-be-idempotent).[0m
[0m[0m
[0mc:\AI\Git\training\HomeHealth\Policies_and_Procedures_V2\.wtpreview\gemini\src\v6\screens\pageviews\CareIndeedOnboardingLMS.tsx:4027:28[0m
[0m  4025 |   const [examScore, setExamScore] = useState(0);[0m
[0m  4026 |   const [isNarrating, setIsNarrating] = useState(false);[0m
[0m> 4027 |   const startTime = useRef(Date.now());[0m
[0m       |                            ^^^^^^^^^^ Cannot call impure function[0m
[0m  4028 |[0m
[0m  4029 |   useEffect(() => {[0m
[0m  4030 |     return () => stopNarration();  [2mreact-hooks/purity[22m[0m
[0m  [2m4287:94[22m  [31merror[39m    Unexpected any. Specify a different type                                                                                                                                                                                                                                                                                                                                                                                                                                                                                                                                                                                                                                                                                                                                                                         [2m@typescript-eslint/no-explicit-any[22m[0m
[0m[0m
[0m[4mc:\AI\Git\training\HomeHealth\Policies_and_Procedures_V2\.wtpreview\gemini\src\v6\screens\pageviews\EventsBoardScreen.tsx[24m[0m
[0m  [2m141:73[22m  [31merror[39m  Unexpected any. Specify a different type  [2m@typescript-eslint/no-explicit-any[22m[0m
[0m  [2m142:67[22m  [31merror[39m  Unexpected any. Specify a different type  [2m@typescript-eslint/no-explicit-any[22m[0m
[0m[0m
[0m[4mc:\AI\Git\training\HomeHealth\Policies_and_Procedures_V2\.wtpreview\gemini\src\v6\screens\pageviews\GovernanceScreen.tsx[24m[0m
[0m  [2m49:82[22m  [31merror[39m  Unexpected any. Specify a different type  [2m@typescript-eslint/no-explicit-any[22m[0m
[0m[0m
[0m[4mc:\AI\Git\training\HomeHealth\Policies_and_Procedures_V2\.wtpreview\gemini\src\v6\screens\pageviews\MasterControlsScreen.tsx[24m[0m
[0m  [2m104:34[22m  [31merror[39m  Unexpected any. Specify a different type  [2m@typescript-eslint/no-explicit-any[22m[0m
[0m  [2m104:60[22m  [31merror[39m  Unexpected any. Specify a different type  [2m@typescript-eslint/no-explicit-any[22m[0m
[0m[0m
[0m[4mc:\AI\Git\training\HomeHealth\Policies_and_Procedures_V2\.wtpreview\gemini\src\v6\screens\pageviews\ModulePlayerScreen.tsx[24m[0m
[0m   [2m808:57[22m  [31merror[39m  Unexpected any. Specify a different type  [2m@typescript-eslint/no-explicit-any[22m[0m
[0m   [2m894:27[22m  [31merror[39m  Unexpected any. Specify a different type  [2m@typescript-eslint/no-explicit-any[22m[0m
[0m  [2m1024:61[22m  [31merror[39m  Unexpected any. Specify a different type  [2m@typescript-eslint/no-explicit-any[22m[0m
[0m[0m
[0m[4mc:\AI\Git\training\HomeHealth\Policies_and_Procedures_V2\.wtpreview\gemini\src\v6\screens\pageviews\OnboardingV2ActivateScreen.tsx[24m[0m
[0m  [2m13:59[22m  [31merror[39m  Unexpected any. Specify a different type  [2m@typescript-eslint/no-explicit-any[22m[0m
[0m[0m
[0m[4mc:\AI\Git\training\HomeHealth\Policies_and_Procedures_V2\.wtpreview\gemini\src\v6\screens\pageviews\OnboardingV2AuditScreen.tsx[24m[0m
[0m  [2m16:54[22m   [31merror[39m  Unexpected any. Specify a different type  [2m@typescript-eslint/no-explicit-any[22m[0m
[0m  [2m18:42[22m   [31merror[39m  Unexpected any. Specify a different type  [2m@typescript-eslint/no-explicit-any[22m[0m
[0m  [2m19:68[22m   [31merror[39m  Unexpected any. Specify a different type  [2m@typescript-eslint/no-explicit-any[22m[0m
[0m  [2m36:56[22m   [31merror[39m  Unexpected any. Specify a different type  [2m@typescript-eslint/no-explicit-any[22m[0m
[0m  [2m37:15[22m   [31merror[39m  Unexpected any. Specify a different type  [2m@typescript-eslint/no-explicit-any[22m[0m
[0m  [2m38:35[22m   [31merror[39m  Unexpected any. Specify a different type  [2m@typescript-eslint/no-explicit-any[22m[0m
[0m  [2m39:43[22m   [31merror[39m  Unexpected any. Specify a different type  [2m@typescript-eslint/no-explicit-any[22m[0m
[0m  [2m40:39[22m   [31merror[39m  Unexpected any. Specify a different type  [2m@typescript-eslint/no-explicit-any[22m[0m
[0m  [2m41:27[22m   [31merror[39m  Unexpected any. Specify a different type  [2m@typescript-eslint/no-explicit-any[22m[0m
[0m  [2m41:59[22m   [31merror[39m  Unexpected any. Specify a different type  [2m@typescript-eslint/no-explicit-any[22m[0m
[0m  [2m41:112[22m  [31merror[39m  Unexpected any. Specify a different type  [2m@typescript-eslint/no-explicit-any[22m[0m
[0m  [2m43:28[22m   [31merror[39m  Unexpected any. Specify a different type  [2m@typescript-eslint/no-explicit-any[22m[0m
[0m  [2m44:27[22m   [31merror[39m  Unexpected any. Specify a different type  [2m@typescript-eslint/no-explicit-any[22m[0m
[0m  [2m44:83[22m   [31merror[39m  Unexpected any. Specify a different type  [2m@typescript-eslint/no-explicit-any[22m[0m
[0m  [2m89:59[22m   [31merror[39m  Unexpected any. Specify a different type  [2m@typescript-eslint/no-explicit-any[22m[0m
[0m[0m
[0m[4mc:\AI\Git\training\HomeHealth\Policies_and_Procedures_V2\.wtpreview\gemini\src\v6\screens\pageviews\OnboardingV2BatchScreen.tsx[24m[0m
[0m   [2m36:54[22m  [31merror[39m  Unexpected any. Specify a different type  [2m@typescript-eslint/no-explicit-any[22m[0m
[0m   [2m46:60[22m  [31merror[39m  Unexpected any. Specify a different type  [2m@typescript-eslint/no-explicit-any[22m[0m
[0m   [2m46:89[22m  [31merror[39m  Unexpected any. Specify a different type  [2m@typescript-eslint/no-explicit-any[22m[0m
[0m   [2m48:17[22m  [31merror[39m  Unexpected any. Specify a different type  [2m@typescript-eslint/no-explicit-any[22m[0m
[0m   [2m49:44[22m  [31merror[39m  Unexpected any. Specify a different type  [2m@typescript-eslint/no-explicit-any[22m[0m
[0m   [2m49:73[22m  [31merror[39m  Unexpected any. Specify a different type  [2m@typescript-eslint/no-explicit-any[22m[0m
[0m   [2m51:37[22m  [31merror[39m  Unexpected any. Specify a different type  [2m@typescript-eslint/no-explicit-any[22m[0m
[0m   [2m67:89[22m  [31merror[39m  Unexpected any. Specify a different type  [2m@typescript-eslint/no-explicit-any[22m[0m
[0m  [2m137:42[22m  [31merror[39m  Unexpected any. Specify a different type  [2m@typescript-eslint/no-explicit-any[22m[0m
[0m  [2m138:45[22m  [31merror[39m  Unexpected any. Specify a different type  [2m@typescript-eslint/no-explicit-any[22m[0m
[0m  [2m145:32[22m  [31merror[39m  Unexpected any. Specify a different type  [2m@typescript-eslint/no-explicit-any[22m[0m
[0m  [2m168:44[22m  [31merror[39m  Unexpected any. Specify a different type  [2m@typescript-eslint/no-explicit-any[22m[0m
[0m  [2m169:60[22m  [31merror[39m  Unexpected any. Specify a different type  [2m@typescript-eslint/no-explicit-any[22m[0m
[0m  [2m169:90[22m  [31merror[39m  Unexpected any. Specify a different type  [2m@typescript-eslint/no-explicit-any[22m[0m
[0m[0m
[0m[4mc:\AI\Git\training\HomeHealth\Policies_and_Procedures_V2\.wtpreview\gemini\src\v6\screens\pageviews\OnboardingV2BatchesScreen.tsx[24m[0m
[0m  [2m18:41[22m  [31merror[39m  Unexpected any. Specify a different type  [2m@typescript-eslint/no-explicit-any[22m[0m
[0m  [2m38:94[22m  [31merror[39m  Unexpected any. Specify a different type  [2m@typescript-eslint/no-explicit-any[22m[0m
[0m  [2m39:39[22m  [31merror[39m  Unexpected any. Specify a different type  [2m@typescript-eslint/no-explicit-any[22m[0m
[0m  [2m40:43[22m  [31merror[39m  Unexpected any. Specify a different type  [2m@typescript-eslint/no-explicit-any[22m[0m
[0m[0m
[0m[4mc:\AI\Git\training\HomeHealth\Policies_and_Procedures_V2\.wtpreview\gemini\src\v6\screens\pageviews\OnboardingV2DashboardScreen.tsx[24m[0m
[0m  [2m20:44[22m   [31merror[39m  Unexpected any. Specify a different type  [2m@typescript-eslint/no-explicit-any[22m[0m
[0m  [2m21:53[22m   [31merror[39m  Unexpected any. Specify a different type  [2m@typescript-eslint/no-explicit-any[22m[0m
[0m  [2m22:46[22m   [31merror[39m  Unexpected any. Specify a different type  [2m@typescript-eslint/no-explicit-any[22m[0m
[0m  [2m43:61[22m   [31merror[39m  Unexpected any. Specify a different type  [2m@typescript-eslint/no-explicit-any[22m[0m
[0m  [2m44:117[22m  [31merror[39m  Unexpected any. Specify a different type  [2m@typescript-eslint/no-explicit-any[22m[0m
[0m[0m
[0m[4mc:\AI\Git\training\HomeHealth\Policies_and_Procedures_V2\.wtpreview\gemini\src\v6\screens\pageviews\OnboardingV2GovernanceScreen.tsx[24m[0m
[0m  [2m18:51[22m   [31merror[39m  Unexpected any. Specify a different type  [2m@typescript-eslint/no-explicit-any[22m[0m
[0m  [2m35:100[22m  [31merror[39m  Unexpected any. Specify a different type  [2m@typescript-eslint/no-explicit-any[22m[0m
[0m[0m
[0m[4mc:\AI\Git\training\HomeHealth\Policies_and_Procedures_V2\.wtpreview\gemini\src\v6\screens\pageviews\PolicyLifecycleScreen.tsx[24m[0m
[0m  [2m43:79[22m  [31merror[39m  Unexpected any. Specify a different type  [2m@typescript-eslint/no-explicit-any[22m[0m
[0m[0m
[0m[4mc:\AI\Git\training\HomeHealth\Policies_and_Procedures_V2\.wtpreview\gemini\src\v6\screens\pageviews\WorkflowDetailAndSwimlaneScreen.tsx[24m[0m
[0m   [2m70:28[22m  [31merror[39m  Unexpected any. Specify a different type  [2m@typescript-eslint/no-explicit-any[22m[0m
[0m   [2m73:27[22m  [31merror[39m  Unexpected any. Specify a different type  [2m@typescript-eslint/no-explicit-any[22m[0m
[0m   [2m84:17[22m  [31merror[39m  Unexpected any. Specify a different type  [2m@typescript-eslint/no-explicit-any[22m[0m
[0m   [2m87:33[22m  [31merror[39m  Unexpected any. Specify a different type  [2m@typescript-eslint/no-explicit-any[22m[0m
[0m   [2m92:52[22m  [31merror[39m  Unexpected any. Specify a different type  [2m@typescript-eslint/no-explicit-any[22m[0m
[0m   [2m92:81[22m  [31merror[39m  Unexpected any. Specify a different type  [2m@typescript-eslint/no-explicit-any[22m[0m
[0m  [2m245:75[22m  [31merror[39m  Unexpected any. Specify a different type  [2m@typescript-eslint/no-explicit-any[22m[0m
[0m  [2m246:75[22m  [31merror[39m  Unexpected any. Specify a different type  [2m@typescript-eslint/no-explicit-any[22m[0m
[0m  [2m247:75[22m  [31merror[39m  Unexpected any. Specify a different type  [2m@typescript-eslint/no-explicit-any[22m[0m
[0m  [2m306:36[22m  [31merror[39m  Unexpected any. Specify a different type  [2m@typescript-eslint/no-explicit-any[22m[0m
[0m  [2m308:57[22m  [31merror[39m  Unexpected any. Specify a different type  [2m@typescript-eslint/no-explicit-any[22m[0m
[0m[0m
[0m[4mc:\AI\Git\training\HomeHealth\Policies_and_Procedures_V2\.wtpreview\gemini\src\v6\screens\pageviews\WorkflowsScreen.tsx[24m[0m
[0m   [2m31:45[22m  [31merror[39m  Unexpected any. Specify a different type  [2m@typescript-eslint/no-explicit-any[22m[0m
[0m   [2m32:56[22m  [31merror[39m  Unexpected any. Specify a different type  [2m@typescript-eslint/no-explicit-any[22m[0m
[0m   [2m53:87[22m  [31merror[39m  Unexpected any. Specify a different type  [2m@typescript-eslint/no-explicit-any[22m[0m
[0m   [2m89:13[22m  [31merror[39m  Unexpected any. Specify a different type  [2m@typescript-eslint/no-explicit-any[22m[0m
[0m  [2m148:21[22m  [31merror[39m  Unexpected any. Specify a different type  [2m@typescript-eslint/no-explicit-any[22m[0m
[0m[0m
[0m[4mc:\AI\Git\training\HomeHealth\Policies_and_Procedures_V2\.wtpreview\gemini\src\v6\shell\Sidebar.tsx[24m[0m
[0m  [2m10:39[22m  [31merror[39m  Unexpected any. Specify a different type  [2m@typescript-eslint/no-explicit-any[22m[0m
[0m  [2m10:72[22m  [31merror[39m  Unexpected any. Specify a different type  [2m@typescript-eslint/no-explicit-any[22m[0m
[0m  [2m10:85[22m  [31merror[39m  Unexpected any. Specify a different type  [2m@typescript-eslint/no-explicit-any[22m[0m
[0m[0m
[0m[4mc:\AI\Git\training\HomeHealth\Policies_and_Procedures_V2\.wtpreview\gemini\tmp_classify.ts[24m[0m
[0m  [2m27:34[22m  [31merror[39m  Unexpected any. Specify a different type  [2m@typescript-eslint/no-explicit-any[22m[0m
[0m[0m
[0m[4mc:\AI\Git\training\HomeHealth\Policies_and_Procedures_V2\.wtpreview\localmain\src\App.tsx[24m[0m
[0m  [2m44:12[22m  [31merror[39m  'selectPolicy' is defined but never used. Allowed unused vars must match /^_/u  [2m@typescript-eslint/no-unused-vars[22m[0m
[0m[0m
[0m[4mc:\AI\Git\training\HomeHealth\Policies_and_Procedures_V2\.wtpreview\localmain\src\components\PolicyPopup.tsx[24m[0m
[0m  [2m4:49[22m  [31merror[39m  'ChevronRight' is defined but never used. Allowed unused vars must match /^_/u  [2m@typescript-eslint/no-unused-vars[22m[0m
[0m[0m
[0m[4mc:\AI\Git\training\HomeHealth\Policies_and_Procedures_V2\.wtpreview\localmain\src\types\jsx-modules.d.ts[24m[0m
[0m  [2m2:20[22m  [31merror[39m  Unexpected any. Specify a different type  [2m@typescript-eslint/no-explicit-any[22m[0m
[0m[0m
[0m[4mc:\AI\Git\training\HomeHealth\Policies_and_Procedures_V2\.wtpreview\localmain\src\views\AuditorReview.tsx[24m[0m
[0m  [2m12:7[22m   [31merror[39m    'AUDITOR_STATUSES' is assigned a value but never used. Allowed unused vars must match /^_/u                                                                                                                                                                                                                                                                                                                                                                                                                                                                                                                                                                                                                                                                            [2m@typescript-eslint/no-unused-vars[22m[0m
[0m  [2m43:18[22m  [33mwarning[39m  Error: Cannot call impure function during render[0m
[0m[0m
[0m`Date.now` is an impure function. Calling an impure function can produce unstable results that update unpredictably when the component happens to re-render. (https://react.dev/reference/rules/components-and-hooks-must-be-pure#components-and-hooks-must-be-idempotent).[0m
[0m[0m
[0mc:\AI\Git\training\HomeHealth\Policies_and_Procedures_V2\.wtpreview\localmain\src\views\AuditorReview.tsx:43:18[0m
[0m  41 |     if (!selected || !newComment.trim()) return;[0m
[0m  42 |     const comment: ReviewComment = {[0m
[0m> 43 |       id: `cmt-${Date.now()}`,[0m
[0m     |                  ^^^^^^^^^^ Cannot call impure function[0m
[0m  44 |       reviewerName,[0m
[0m  45 |       reviewerRole: 'Auditor',[0m
[0m  46 |       commentText: newComment.trim(),  [2mreact-hooks/purity[22m[0m
[0m[0m
[0m[4mc:\AI\Git\training\HomeHealth\Policies_and_Procedures_V2\.wtpreview\localmain\src\views\DashboardNew.tsx[24m[0m
[0m    [2m3:52[22m  [31merror[39m  'Clock' is defined but never used. Allowed unused vars must match /^_/u  [2m@typescript-eslint/no-unused-vars[22m[0m
[0m  [2m185:41[22m  [31merror[39m  'i' is defined but never used. Allowed unused args must match /^_/u      [2m@typescript-eslint/no-unused-vars[22m[0m
[0m[0m
[0m[4mc:\AI\Git\training\HomeHealth\Policies_and_Procedures_V2\.wtpreview\localmain\src\views\EnterpriseTaxonomyDashboard.tsx[24m[0m
[0m    [2m2:27[22m   [31merror[39m  'useEffect' is defined but never used. Allowed unused vars must match /^_/u                                                   [2m@typescript-eslint/no-unused-vars[22m[0m
[0m    [2m4:18[22m   [31merror[39m  'Clock' is defined but never used. Allowed unused vars must match /^_/u                                                       [2m@typescript-eslint/no-unused-vars[22m[0m
[0m    [2m4:25[22m   [31merror[39m  'FileText' is defined but never used. Allowed unused vars must match /^_/u                                                    [2m@typescript-eslint/no-unused-vars[22m[0m
[0m    [2m4:165[22m  [31merror[39m  'Database' is defined but never used. Allowed unused vars must match /^_/u                                                    [2m@typescript-eslint/no-unused-vars[22m[0m
[0m    [2m4:175[22m  [31merror[39m  'Folder' is defined but never used. Allowed unused vars must match /^_/u                                                      [2m@typescript-eslint/no-unused-vars[22m[0m
[0m    [2m4:183[22m  [31merror[39m  'Layers' is defined but never used. Allowed unused vars must match /^_/u                                                      [2m@typescript-eslint/no-unused-vars[22m[0m
[0m   [2m10:7[22m    [31merror[39m  'FRAMEWORK_METADATA' is assigned a value but never used. Allowed unused vars must match /^_/u                                 [2m@typescript-eslint/no-unused-vars[22m[0m
[0m   [2m39:7[22m    [31merror[39m  'AccessTierBadge' is assigned a value but never used. Allowed unused vars must match /^_/u                                    [2m@typescript-eslint/no-unused-vars[22m[0m
[0m   [2m75:7[22m    [31merror[39m  'MetricCard' is assigned a value but never used. Allowed unused vars must match /^_/u                                         [2m@typescript-eslint/no-unused-vars[22m[0m
[0m  [2m100:28[22m   [31merror[39m  'setActiveDomainCode' is assigned a value but never used. Allowed unused elements of array destructuring must match /^_/u     [2m@typescript-eslint/no-unused-vars[22m[0m
[0m  [2m101:10[22m   [31merror[39m  'activeSubdomainCode' is assigned a value but never used. Allowed unused elements of array destructuring must match /^_/u     [2m@typescript-eslint/no-unused-vars[22m[0m
[0m  [2m101:31[22m   [31merror[39m  'setActiveSubdomainCode' is assigned a value but never used. Allowed unused elements of array destructuring must match /^_/u  [2m@typescript-eslint/no-unused-vars[22m[0m
[0m  [2m104:9[22m    [31merror[39m  'activeDomain' is assigned a value but never used. Allowed unused vars must match /^_/u                                       [2m@typescript-eslint/no-unused-vars[22m[0m
[0m[0m
[0m[4mc:\AI\Git\training\HomeHealth\Policies_and_Procedures_V2\.wtpreview\localmain\src\views\FrameworkView.tsx[24m[0m
[0m  [2m156:42[22m  [31merror[39m  'i' is defined but never used. Allowed unused args must match /^_/u  [2m@typescript-eslint/no-unused-vars[22m[0m
[0m[0m
[0m[4mc:\AI\Git\training\HomeHealth\Policies_and_Procedures_V2\.wtpreview\preiframe\infra\demo-auth-cdk\lambda\logout.ts[24m[0m
[0m  [2m2:10[22m  [31merror[39m  'json' is defined but never used. Allowed unused vars must match /^_/u  [2m@typescript-eslint/no-unused-vars[22m[0m
[0m[0m
[0m[4mc:\AI\Git\training\HomeHealth\Policies_and_Procedures_V2\.wtpreview\preiframe\scripts\pushToHubstaff.ts[24m[0m
[0m  [2m311:52[22m  [31merror[39m  Unnecessary escape character: \-  [2mno-useless-escape[22m[0m
[0m[0m
[0m[4mc:\AI\Git\training\HomeHealth\Policies_and_Procedures_V2\.wtpreview\preiframe\scripts\validateAwsCesMapping.ts[24m[0m
[0m  [2m38:9[22m  [31merror[39m  'migrationPlan' is assigned a value but never used. Allowed unused vars must match /^_/u  [2m@typescript-eslint/no-unused-vars[22m[0m
[0m[0m
[0m[4mc:\AI\Git\training\HomeHealth\Policies_and_Procedures_V2\.wtpreview\preiframe\scripts\validateNarrationSync.ts[24m[0m
[0m   [2m11:49[22m  [31merror[39m  'lIdx' is defined but never used. Allowed unused args must match /^_/u               [2m@typescript-eslint/no-unused-vars[22m[0m
[0m   [2m20:30[22m  [31merror[39m  'sIdx' is defined but never used. Allowed unused args must match /^_/u               [2m@typescript-eslint/no-unused-vars[22m[0m
[0m   [2m38:15[22m  [31merror[39m  'cleanSrc' is assigned a value but never used. Allowed unused vars must match /^_/u  [2m@typescript-eslint/no-unused-vars[22m[0m
[0m  [2m105:34[22m  [31merror[39m  'idx' is defined but never used. Allowed unused args must match /^_/u                [2m@typescript-eslint/no-unused-vars[22m[0m
[0m[0m
[0m[4mc:\AI\Git\training\HomeHealth\Policies_and_Procedures_V2\.wtpreview\preiframe\server\ia\harness\AgentAuditLogger.ts[24m[0m
[0m  [2m37:27[22m  [31merror[39m  Unnecessary escape character: \-  [2mno-useless-escape[22m[0m
[0m[0m
[0m[4mc:\AI\Git\training\HomeHealth\Policies_and_Procedures_V2\.wtpreview\preiframe\server\ia\harness\PhiEgressGuard.ts[24m[0m
[0m  [2m16:22[22m  [31merror[39m  Irregular whitespace not allowed                         [2mno-irregular-whitespace[22m[0m
[0m  [2m16:23[22m  [31merror[39m  Unexpected joined character sequence in character class  [2mno-misleading-character-class[22m[0m
[0m  [2m16:26[22m  [31merror[39m  Irregular whitespace not allowed                         [2mno-irregular-whitespace[22m[0m
[0m  [2m39:66[22m  [31merror[39m  Unnecessary escape character: \-                         [2mno-useless-escape[22m[0m
[0m[0m
[0m[4mc:\AI\Git\training\HomeHealth\Policies_and_Procedures_V2\.wtpreview\preiframe\server\ia\responder.ts[24m[0m
[0m  [2m430:68[22m  [31merror[39m  Empty block statement  [2mno-empty[22m[0m
[0m  [2m434:64[22m  [31merror[39m  Empty block statement  [2mno-empty[22m[0m
[0m[0m
[0m[4mc:\AI\Git\training\HomeHealth\Policies_and_Procedures_V2\.wtpreview\preiframe\server\ia\session\envelope.ts[24m[0m
[0m  [2m15:56[22m  [31merror[39m  'IncidentType' is defined but never used. Allowed unused vars must match /^_/u  [2m@typescript-eslint/no-unused-vars[22m[0m
[0m[0m
[0m[4mc:\AI\Git\training\HomeHealth\Policies_and_Procedures_V2\.wtpreview\preiframe\server\ia\session\manager.ts[24m[0m
[0m  [2m13:10[22m  [31merror[39m  'randomUUID' is defined but never used. Allowed unused vars must match /^_/u      [2m@typescript-eslint/no-unused-vars[22m[0m
[0m  [2m72:52[22m  [31merror[39m  'latestInput' is defined but never used. Allowed unused args must match /^_/u     [2m@typescript-eslint/no-unused-vars[22m[0m
[0m  [2m92:3[22m   [31merror[39m  'classification' is defined but never used. Allowed unused args must match /^_/u  [2m@typescript-eslint/no-unused-vars[22m[0m
[0m[0m
[0m[4mc:\AI\Git\training\HomeHealth\Policies_and_Procedures_V2\.wtpreview\preiframe\src\policy\brad\useBradWorkflow.ts[24m[0m
[0m  [2m59:6[22m  [33mwarning[39m  React Hook useMemo has a missing dependency: 'runtime'. Either include it or remove the dependency array  [2mreact-hooks/exhaustive-deps[22m[0m
[0m[0m
[0m[4mc:\AI\Git\training\HomeHealth\Policies_and_Procedures_V2\.wtpreview\preiframe\src\policy\ces\cesMasterControlAudit.test.ts[24m[0m
[0m  [2m30:39[22m  [31merror[39m  Unexpected any. Specify a different type  [2m@typescript-eslint/no-explicit-any[22m[0m
[0m  [2m30:74[22m  [31merror[39m  Unexpected any. Specify a different type  [2m@typescript-eslint/no-explicit-any[22m[0m
[0m  [2m71:42[22m  [31merror[39m  Unexpected any. Specify a different type  [2m@typescript-eslint/no-explicit-any[22m[0m
[0m[0m
[0m[4mc:\AI\Git\training\HomeHealth\Policies_and_Procedures_V2\.wtpreview\preiframe\src\policy\ces\cesViewProjections.ts[24m[0m
[0m   [2m46:29[22m   [31merror[39m  Unexpected any. Specify a different type  [2m@typescript-eslint/no-explicit-any[22m[0m
[0m  [2m112:27[22m   [31merror[39m  Unexpected any. Specify a different type  [2m@typescript-eslint/no-explicit-any[22m[0m
[0m  [2m588:22[22m   [31merror[39m  Unexpected any. Specify a different type  [2m@typescript-eslint/no-explicit-any[22m[0m
[0m  [2m592:72[22m   [31merror[39m  Unexpected any. Specify a different type  [2m@typescript-eslint/no-explicit-any[22m[0m
[0m  [2m592:89[22m   [31merror[39m  Unexpected any. Specify a different type  [2m@typescript-eslint/no-explicit-any[22m[0m
[0m  [2m594:26[22m   [31merror[39m  Unexpected any. Specify a different type  [2m@typescript-eslint/no-explicit-any[22m[0m
[0m  [2m595:26[22m   [31merror[39m  Unexpected any. Specify a different type  [2m@typescript-eslint/no-explicit-any[22m[0m
[0m  [2m597:17[22m   [31merror[39m  Empty block statement                     [2mno-empty[22m[0m
[0m  [2m608:38[22m   [31merror[39m  Unexpected any. Specify a different type  [2m@typescript-eslint/no-explicit-any[22m[0m
[0m  [2m634:80[22m   [31merror[39m  Unexpected any. Specify a different type  [2m@typescript-eslint/no-explicit-any[22m[0m
[0m  [2m634:129[22m  [31merror[39m  Unexpected any. Specify a different type  [2m@typescript-eslint/no-explicit-any[22m[0m
[0m  [2m672:43[22m   [31merror[39m  Unexpected any. Specify a different type  [2m@typescript-eslint/no-explicit-any[22m[0m
[0m  [2m674:59[22m   [31merror[39m  Unexpected any. Specify a different type  [2m@typescript-eslint/no-explicit-any[22m[0m
[0m  [2m688:43[22m   [31merror[39m  Unexpected any. Specify a different type  [2m@typescript-eslint/no-explicit-any[22m[0m
[0m  [2m690:39[22m   [31merror[39m  Unexpected any. Specify a different type  [2m@typescript-eslint/no-explicit-any[22m[0m
[0m  [2m691:38[22m   [31merror[39m  Unexpected any. Specify a different type  [2m@typescript-eslint/no-explicit-any[22m[0m
[0m  [2m702:37[22m   [31merror[39m  Unexpected any. Specify a different type  [2m@typescript-eslint/no-explicit-any[22m[0m
[0m  [2m704:38[22m   [31merror[39m  Unexpected any. Specify a different type  [2m@typescript-eslint/no-explicit-any[22m[0m
[0m  [2m705:36[22m   [31merror[39m  Unexpected any. Specify a different type  [2m@typescript-eslint/no-explicit-any[22m[0m
[0m  [2m706:37[22m   [31merror[39m  Unexpected any. Specify a different type  [2m@typescript-eslint/no-explicit-any[22m[0m
[0m  [2m722:37[22m   [31merror[39m  Unexpected any. Specify a different type  [2m@typescript-eslint/no-explicit-any[22m[0m
[0m  [2m752:30[22m   [31merror[39m  Unexpected any. Specify a different type  [2m@typescript-eslint/no-explicit-any[22m[0m
[0m  [2m759:37[22m   [31merror[39m  Unexpected any. Specify a different type  [2m@typescript-eslint/no-explicit-any[22m[0m
[0m  [2m761:38[22m   [31merror[39m  Unexpected any. Specify a different type  [2m@typescript-eslint/no-explicit-any[22m[0m
[0m  [2m762:36[22m   [31merror[39m  Unexpected any. Specify a different type  [2m@typescript-eslint/no-explicit-any[22m[0m
[0m  [2m765:29[22m   [31merror[39m  Unexpected any. Specify a different type  [2m@typescript-eslint/no-explicit-any[22m[0m
[0m  [2m847:14[22m   [31merror[39m  Unexpected any. Specify a different type  [2m@typescript-eslint/no-explicit-any[22m[0m
[0m  [2m851:48[22m   [31merror[39m  Unexpected any. Specify a different type  [2m@typescript-eslint/no-explicit-any[22m[0m
[0m  [2m851:62[22m   [31merror[39m  Unexpected any. Specify a different type  [2m@typescript-eslint/no-explicit-any[22m[0m
[0m  [2m851:93[22m   [31merror[39m  Unexpected any. Specify a different type  [2m@typescript-eslint/no-explicit-any[22m[0m
[0m  [2m854:56[22m   [31merror[39m  Unexpected any. Specify a different type  [2m@typescript-eslint/no-explicit-any[22m[0m
[0m[0m
[0m[4mc:\AI\Git\training\HomeHealth\Policies_and_Procedures_V2\.wtpreview\preiframe\src\policy\ces\data\V3_CES_SeedData.ts[24m[0m
[0m  [2m1:1[22m  [33mwarning[39m  Do not use "@ts-nocheck" because it alters compilation errors  [2m@typescript-eslint/ban-ts-comment[22m[0m
[0m[0m
[0m[4mc:\AI\Git\training\HomeHealth\Policies_and_Procedures_V2\.wtpreview\preiframe\src\policy\ces\data\V3_CES_SnapshotBuilder.ts[24m[0m
[0m  [2m1:1[22m  [33mwarning[39m  Do not use "@ts-nocheck" because it alters compilation errors  [2m@typescript-eslint/ban-ts-comment[22m[0m
[0m[0m
[0m[4mc:\AI\Git\training\HomeHealth\Policies_and_Procedures_V2\.wtpreview\preiframe\src\policy\ecign\useEcignInstance.ts[24m[0m
[0m  [2m211:6[22m  [33mwarning[39m  React Hook useEffect has missing dependencies: 'args.signerRequirements' and 'args.signerSlots'. Either include them or remove the dependency array  [2mreact-hooks/exhaustive-deps[22m[0m
[0m[0m
[0m[4mc:\AI\Git\training\HomeHealth\Policies_and_Procedures_V2\.wtpreview\preiframe\src\policy\journey\data\ACHC_Annual_Assembled.ts[24m[0m
[0m  [2m3126:374[22m  [31merror[39m  Unnecessary escape character: \'          [2mno-useless-escape[22m[0m
[0m  [2m3297:148[22m  [31merror[39m  Unexpected any. Specify a different type  [2m@typescript-eslint/no-explicit-any[22m[0m
[0m[0m
[0m[4mc:\AI\Git\training\HomeHealth\Policies_and_Procedures_V2\.wtpreview\preiframe\src\policy\journey\data\contentV2Adapter.ts[24m[0m
[0m   [2m26:16[22m  [31merror[39m  Unexpected any. Specify a different type  [2m@typescript-eslint/no-explicit-any[22m[0m
[0m  [2m167:37[22m  [31merror[39m  Unexpected any. Specify a different type  [2m@typescript-eslint/no-explicit-any[22m[0m
[0m  [2m174:32[22m  [31merror[39m  Unexpected any. Specify a different type  [2m@typescript-eslint/no-explicit-any[22m[0m
[0m  [2m179:35[22m  [31merror[39m  Unexpected any. Specify a different type  [2m@typescript-eslint/no-explicit-any[22m[0m
[0m  [2m182:20[22m  [31merror[39m  Unexpected any. Specify a different type  [2m@typescript-eslint/no-explicit-any[22m[0m
[0m  [2m339:45[22m  [31merror[39m  Unexpected any. Specify a different type  [2m@typescript-eslint/no-explicit-any[22m[0m
[0m  [2m505:18[22m  [31merror[39m  Unexpected any. Specify a different type  [2m@typescript-eslint/no-explicit-any[22m[0m
[0m  [2m506:30[22m  [31merror[39m  Unexpected any. Specify a different type  [2m@typescript-eslint/no-explicit-any[22m[0m
[0m[0m
[0m[4mc:\AI\Git\training\HomeHealth\Policies_and_Procedures_V2\.wtpreview\preiframe\src\policy\journey\data\lessonModel.ts[24m[0m
[0m  [2m32:11[22m  [31merror[39m  Unexpected any. Specify a different type  [2m@typescript-eslint/no-explicit-any[22m[0m
[0m[0m
[0m[4mc:\AI\Git\training\HomeHealth\Policies_and_Procedures_V2\.wtpreview\preiframe\src\policy\pm\taskProjection.ts[24m[0m
[0m  [2m65:5[22m  [33mwarning[39m  React Hook useMemo has a missing dependency: 'sprintWindow'. Either include it or remove the dependency array  [2mreact-hooks/exhaustive-deps[22m[0m
[0m[0m
[0m[4mc:\AI\Git\training\HomeHealth\Policies_and_Procedures_V2\.wtpreview\preiframe\src\policy\security\features\useFeatureAccess.ts[24m[0m
[0m  [2m62:7[22m  [33mwarning[39m  React Hook useMemo has unnecessary dependencies: 'assignmentsRev' and 'usersRev'. Either exclude them or remove the dependency array  [2mreact-hooks/exhaustive-deps[22m[0m
[0m[0m
[0m[4mc:\AI\Git\training\HomeHealth\Policies_and_Procedures_V2\.wtpreview\preiframe\src\policy\services\policyLinkService.ts[24m[0m
[0m  [2m18:25[22m  [31merror[39m  'getCorpusPolicy' is defined but never used. Allowed unused vars must match /^_/u  [2m@typescript-eslint/no-unused-vars[22m[0m
[0m[0m
[0m[4mc:\AI\Git\training\HomeHealth\Policies_and_Procedures_V2\.wtpreview\preiframe\src\policy\stores\regulatoryExecutionStore.ts[24m[0m
[0m    [2m46:18[22m  [31merror[39m  Unexpected any. Specify a different type  [2m@typescript-eslint/no-explicit-any[22m[0m
[0m   [2m949:40[22m  [31merror[39m  Unexpected any. Specify a different type  [2m@typescript-eslint/no-explicit-any[22m[0m
[0m   [2m950:40[22m  [31merror[39m  Unexpected any. Specify a different type  [2m@typescript-eslint/no-explicit-any[22m[0m
[0m   [2m951:42[22m  [31merror[39m  Unexpected any. Specify a different type  [2m@typescript-eslint/no-explicit-any[22m[0m
[0m   [2m952:44[22m  [31merror[39m  Unexpected any. Specify a different type  [2m@typescript-eslint/no-explicit-any[22m[0m
[0m  [2m2343:45[22m  [31merror[39m  Unexpected any. Specify a different type  [2m@typescript-eslint/no-explicit-any[22m[0m
[0m[0m
[0m[4mc:\AI\Git\training\HomeHealth\Policies_and_Procedures_V2\.wtpreview\preiframe\src\policy\workflows\swimlanes\buildSwimlaneFromWorkflow.ts[24m[0m
[0m  [2m29:65[22m  [31merror[39m  Unexpected any. Specify a different type  [2m@typescript-eslint/no-explicit-any[22m[0m
[0m[0m
[0m[4mc:\AI\Git\training\HomeHealth\Policies_and_Procedures_V2\.wtpreview\preiframe\src\policy\workflows\swimlanes\buildWorkflowSwimlaneCardsForCes.ts[24m[0m
[0m   [2m21:12[22m   [31merror[39m  Unexpected any. Specify a different type  [2m@typescript-eslint/no-explicit-any[22m[0m
[0m   [2m24:72[22m   [31merror[39m  Unexpected any. Specify a different type  [2m@typescript-eslint/no-explicit-any[22m[0m
[0m   [2m24:91[22m   [31merror[39m  Unexpected any. Specify a different type  [2m@typescript-eslint/no-explicit-any[22m[0m
[0m   [2m82:40[22m   [31merror[39m  Unexpected any. Specify a different type  [2m@typescript-eslint/no-explicit-any[22m[0m
[0m   [2m82:48[22m   [31merror[39m  Unexpected any. Specify a different type  [2m@typescript-eslint/no-explicit-any[22m[0m
[0m   [2m83:35[22m   [31merror[39m  Unexpected any. Specify a different type  [2m@typescript-eslint/no-explicit-any[22m[0m
[0m  [2m110:126[22m  [31merror[39m  Unexpected any. Specify a different type  [2m@typescript-eslint/no-explicit-any[22m[0m
[0m[0m
[0m[4mc:\AI\Git\training\HomeHealth\Policies_and_Procedures_V2\.wtpreview\preiframe\src\policy\workflows\swimlanes\useSwimlaneModalPosition.ts[24m[0m
[0m  [2m41:7[22m  [33mwarning[39m  Error: Calling setState synchronously within an effect can trigger cascading renders[0m
[0m[0m
[0mEffects are intended to synchronize state between React and external systems such as manually updating the DOM, state management libraries, or other platform APIs. In general, the body of an effect should do one or both of the following:[0m
[0m* Update external systems with the latest state from React.[0m
[0m* Subscribe for updates from some external system, calling setState in a callback function when external state changes.[0m
[0m[0m
[0mCalling setState synchronously within an effect body causes cascading renders that can hurt performance, and is not recommended. (https://react.dev/learn/you-might-not-need-an-effect).[0m
[0m[0m
[0mc:\AI\Git\training\HomeHealth\Policies_and_Procedures_V2\.wtpreview\preiframe\src\policy\workflows\swimlanes\useSwimlaneModalPosition.ts:41:7[0m
[0m  39 |     if (!active) {[0m
[0m  40 |       lockedRectRef.current = null;[0m
[0m> 41 |       setWorkspaceRect(null);[0m
[0m     |       ^^^^^^^^^^^^^^^^ Avoid calling setState() directly within an effect[0m
[0m  42 |       return undefined;[0m
[0m  43 |     }[0m
[0m  44 |  [2mreact-hooks/set-state-in-effect[22m[0m
[0m[0m
[0m[4mc:\AI\Git\training\HomeHealth\Policies_and_Procedures_V2\.wtpreview\preiframe\src\services\mockBradEngine.ts[24m[0m
[0m  [2m622:115[22m  [31merror[39m  Unexpected any. Specify a different type  [2m@typescript-eslint/no-explicit-any[22m[0m
[0m[0m
[0m[4mc:\AI\Git\training\HomeHealth\Policies_and_Procedures_V2\.wtpreview\preiframe\src\v6\components\VeilDrawer.tsx[24m[0m
[0m  [2m31:7[22m  [33mwarning[39m  Error: Calling setState synchronously within an effect can trigger cascading renders[0m
[0m[0m
[0mEffects are intended to synchronize state between React and external systems such as manually updating the DOM, state management libraries, or other platform APIs. In general, the body of an effect should do one or both of the following:[0m
[0m* Update external systems with the latest state from React.[0m
[0m* Subscribe for updates from some external system, calling setState in a callback function when external state changes.[0m
[0m[0m
[0mCalling setState synchronously within an effect body causes cascading renders that can hurt performance, and is not recommended. (https://react.dev/learn/you-might-not-need-an-effect).[0m
[0m[0m
[0mc:\AI\Git\training\HomeHealth\Policies_and_Procedures_V2\.wtpreview\preiframe\src\v6\components\VeilDrawer.tsx:31:7[0m
[0m  29 |   useEffect(() => {[0m
[0m  30 |     if (open) {[0m
[0m> 31 |       setMounted(true);[0m
[0m     |       ^^^^^^^^^^ Avoid calling setState() directly within an effect[0m
[0m  32 |       const frame = window.requestAnimationFrame(() => setVisible(true));[0m
[0m  33 |       return () => window.cancelAnimationFrame(frame);[0m
[0m  34 |     }  [2mreact-hooks/set-state-in-effect[22m[0m
[0m[0m
[0m[4mc:\AI\Git\training\HomeHealth\Policies_and_Procedures_V2\.wtpreview\preiframe\src\v6\components\controlled-vertex-ai-compliance-review-harness\server.ts[24m[0m
[0m    [2m49:5[22m    [31merror[39m  'complianceConfig' is never reassigned. Use 'const' instead                   [2mprefer-const[22m[0m
[0m    [2m82:9[22m    [31merror[39m  Unexpected any. Specify a different type                                      [2m@typescript-eslint/no-explicit-any[22m[0m
[0m    [2m88:73[22m   [31merror[39m  Unexpected any. Specify a different type                                      [2m@typescript-eslint/no-explicit-any[22m[0m
[0m   [2m110:72[22m   [31merror[39m  Unexpected any. Specify a different type                                      [2m@typescript-eslint/no-explicit-any[22m[0m
[0m   [2m124:16[22m   [31merror[39m  'e' is defined but never used. Allowed unused caught errors must match /^_/u  [2m@typescript-eslint/no-unused-vars[22m[0m
[0m   [2m191:20[22m   [31merror[39m  Unexpected any. Specify a different type                                      [2m@typescript-eslint/no-explicit-any[22m[0m
[0m   [2m642:25[22m   [31merror[39m  'req' is defined but never used. Allowed unused args must match /^_/u         [2m@typescript-eslint/no-unused-vars[22m[0m
[0m   [2m647:28[22m   [31merror[39m  'req' is defined but never used. Allowed unused args must match /^_/u         [2m@typescript-eslint/no-unused-vars[22m[0m
[0m   [2m678:63[22m   [31merror[39m  Unexpected any. Specify a different type                                      [2m@typescript-eslint/no-explicit-any[22m[0m
[0m   [2m730:29[22m   [31merror[39m  'req' is defined but never used. Allowed unused args must match /^_/u         [2m@typescript-eslint/no-unused-vars[22m[0m
[0m   [2m803:19[22m   [31merror[39m  Unexpected any. Specify a different type                                      [2m@typescript-eslint/no-explicit-any[22m[0m
[0m   [2m813:22[22m   [31merror[39m  Unexpected any. Specify a different type                                      [2m@typescript-eslint/no-explicit-any[22m[0m
[0m   [2m823:24[22m   [31merror[39m  Unexpected any. Specify a different type                                      [2m@typescript-eslint/no-explicit-any[22m[0m
[0m   [2m890:62[22m   [31merror[39m  Unexpected any. Specify a different type                                      [2m@typescript-eslint/no-explicit-any[22m[0m
[0m  [2m1036:23[22m   [31merror[39m  Unexpected any. Specify a different type                                      [2m@typescript-eslint/no-explicit-any[22m[0m
[0m  [2m1070:20[22m   [31merror[39m  'e' is defined but never used. Allowed unused caught errors must match /^_/u  [2m@typescript-eslint/no-unused-vars[22m[0m
[0m  [2m1086:27[22m   [31merror[39m  Unexpected any. Specify a different type                                      [2m@typescript-eslint/no-explicit-any[22m[0m
[0m  [2m1236:26[22m   [31merror[39m  Unexpected any. Specify a different type                                      [2m@typescript-eslint/no-explicit-any[22m[0m
[0m  [2m1322:142[22m  [31merror[39m  Unnecessary escape character: \-                                              [2mno-useless-escape[22m[0m
[0m  [2m1322:144[22m  [31merror[39m  Unnecessary escape character: \*                                              [2mno-useless-escape[22m[0m
[0m  [2m1342:32[22m   [31merror[39m  Unexpected any. Specify a different type                                      [2m@typescript-eslint/no-explicit-any[22m[0m
[0m  [2m1467:17[22m   [31merror[39m  'req' is defined but never used. Allowed unused args must match /^_/u         [2m@typescript-eslint/no-unused-vars[22m[0m
[0m[0m
[0m[4mc:\AI\Git\training\HomeHealth\Policies_and_Procedures_V2\.wtpreview\preiframe\src\v6\components\controlled-vertex-ai-compliance-review-harness\src\App.tsx[24m[0m
[0m    [2m7:3[22m   [31merror[39m  'XCircle' is defined but never used. Allowed unused vars must match /^_/u          [2m@typescript-eslint/no-unused-vars[22m[0m
[0m   [2m12:3[22m   [31merror[39m  'Activity' is defined but never used. Allowed unused vars must match /^_/u         [2m@typescript-eslint/no-unused-vars[22m[0m
[0m   [2m18:3[22m   [31merror[39m  'FileSpreadsheet' is defined but never used. Allowed unused vars must match /^_/u  [2m@typescript-eslint/no-unused-vars[22m[0m
[0m   [2m21:3[22m   [31merror[39m  'Globe' is defined but never used. Allowed unused vars must match /^_/u            [2m@typescript-eslint/no-unused-vars[22m[0m
[0m   [2m22:3[22m   [31merror[39m  'Trash' is defined but never used. Allowed unused vars must match /^_/u            [2m@typescript-eslint/no-unused-vars[22m[0m
[0m   [2m70:9[22m   [31merror[39m  Unexpected any. Specify a different type                                           [2m@typescript-eslint/no-explicit-any[22m[0m
[0m  [2m134:46[22m  [31merror[39m  Unexpected any. Specify a different type                                           [2m@typescript-eslint/no-explicit-any[22m[0m
[0m  [2m180:14[22m  [31merror[39m  'e' is defined but never used. Allowed unused caught errors must match /^_/u       [2m@typescript-eslint/no-unused-vars[22m[0m
[0m  [2m199:14[22m  [31merror[39m  'e' is defined but never used. Allowed unused caught errors must match /^_/u       [2m@typescript-eslint/no-unused-vars[22m[0m
[0m  [2m220:14[22m  [31merror[39m  'e' is defined but never used. Allowed unused caught errors must match /^_/u       [2m@typescript-eslint/no-unused-vars[22m[0m
[0m  [2m233:14[22m  [31merror[39m  'e' is defined but never used. Allowed unused caught errors must match /^_/u       [2m@typescript-eslint/no-unused-vars[22m[0m
[0m  [2m247:14[22m  [31merror[39m  'e' is defined but never used. Allowed unused caught errors must match /^_/u       [2m@typescript-eslint/no-unused-vars[22m[0m
[0m  [2m272:14[22m  [31merror[39m  'e' is defined but never used. Allowed unused caught errors must match /^_/u       [2m@typescript-eslint/no-unused-vars[22m[0m
[0m  [2m300:14[22m  [31merror[39m  'err' is defined but never used. Allowed unused caught errors must match /^_/u     [2m@typescript-eslint/no-unused-vars[22m[0m
[0m  [2m319:14[22m  [31merror[39m  'e' is defined but never used. Allowed unused caught errors must match /^_/u       [2m@typescript-eslint/no-unused-vars[22m[0m
[0m  [2m364:14[22m  [31merror[39m  'e' is defined but never used. Allowed unused caught errors must match /^_/u       [2m@typescript-eslint/no-unused-vars[22m[0m
[0m[0m
[0m[4mc:\AI\Git\training\HomeHealth\Policies_and_Procedures_V2\.wtpreview\preiframe\src\v6\guided\GuidedTourRunner.tsx[24m[0m
[0m   [2m77:5[22m   [33mwarning[39m  Error: Calling setState synchronously within an effect can trigger cascading renders[0m
[0m[0m
[0mEffects are intended to synchronize state between React and external systems such as manually updating the DOM, state management libraries, or other platform APIs. In general, the body of an effect should do one or both of the following:[0m
[0m* Update external systems with the latest state from React.[0m
[0m* Subscribe for updates from some external system, calling setState in a callback function when external state changes.[0m
[0m[0m
[0mCalling setState synchronously within an effect body causes cascading renders that can hurt performance, and is not recommended. (https://react.dev/learn/you-might-not-need-an-effect).[0m
[0m[0m
[0mc:\AI\Git\training\HomeHealth\Policies_and_Procedures_V2\.wtpreview\preiframe\src\v6\guided\GuidedTourRunner.tsx:77:5[0m
[0m  75 |   useLayoutEffect(() => {[0m
[0m  76 |     if (!active || !step) return undefined;[0m
[0m> 77 |     recompute();[0m
[0m     |     ^^^^^^^^^ Avoid calling setState() directly within an effect[0m
[0m  78 |     const id = window.setInterval(recompute, 150);[0m
[0m  79 |     window.addEventListener('resize', recompute);[0m
[0m  80 |     window.addEventListener('scroll', recompute, true);                                                                    [2mreact-hooks/set-state-in-effect[22m[0m
[0m  [2m100:21[22m  [33mwarning[39m  Error: Calling setState synchronously within an effect can trigger cascading renders[0m
[0m[0m
[0mEffects are intended to synchronize state between React and external systems such as manually updating the DOM, state management libraries, or other platform APIs. In general, the body of an effect should do one or both of the following:[0m
[0m* Update external systems with the latest state from React.[0m
[0m* Subscribe for updates from some external system, calling setState in a callback function when external state changes.[0m
[0m[0m
[0mCalling setState synchronously within an effect body causes cascading renders that can hurt performance, and is not recommended. (https://react.dev/learn/you-might-not-need-an-effect).[0m
[0m[0m
[0mc:\AI\Git\training\HomeHealth\Policies_and_Procedures_V2\.wtpreview\preiframe\src\v6\guided\GuidedTourRunner.tsx:100:21[0m
[0m   98 |[0m
[0m   99 |   // Reset Escape-confirm on step change.[0m
[0m> 100 |   useEffect(() => { setEscConfirm(false); }, [currentStepIndex, active]);[0m
[0m      |                     ^^^^^^^^^^^^^ Avoid calling setState() directly within an effect[0m
[0m  101 |[0m
[0m  102 |   // Auto-complete on entry: if the step's state is ALREADY satisfied (route match[0m
[0m  103 |   // or a readable predicate), validate immediately so the user is never stuck on  [2mreact-hooks/set-state-in-effect[22m[0m
[0m[0m
[0m[4mc:\AI\Git\training\HomeHealth\Policies_and_Procedures_V2\.wtpreview\preiframe\src\v6\screens\RepresentativeScreens.tsx[24m[0m
[0m   [2m878:14[22m   [31merror[39m    Unexpected any. Specify a different type                                                                                                                                                                                                                                                                                                                                                                                                                                                                                                                                                                                                                                                                                                                                                                                                                                                                                                                                                                                                                                                                                                                                                                                                                                                                                                                                                                               [2m@typescript-eslint/no-explicit-any[22m[0m
[0m   [2m938:45[22m   [31merror[39m    Unexpected any. Specify a different type                                                                                                                                                                                                                                                                                                                                                                                                                                                                                                                                                                                                                                                                                                                                                                                                                                                                                                                                                                                                                                                                                                                                                                                                                                                                                                                                                                               [2m@typescript-eslint/no-explicit-any[22m[0m
[0m  [2m1067:29[22m   [31merror[39m    Unexpected any. Specify a different type                                                                                                                                                                                                                                                                                                                                                                                                                                                                                                                                                                                                                                                                                                                                                                                                                                                                                                                                                                                                                                                                                                                                                                                                                                                                                                                                                                               [2m@typescript-eslint/no-explicit-any[22m[0m
[0m  [2m1076:75[22m   [31merror[39m    Unexpected any. Specify a different type                                                                                                                                                                                                                                                                                                                                                                                                                                                                                                                                                                                                                                                                                                                                                                                                                                                                                                                                                                                                                                                                                                                                                                                                                                                                                                                                                                               [2m@typescript-eslint/no-explicit-any[22m[0m
[0m  [2m1084:68[22m   [31merror[39m    Unexpected any. Specify a different type                                                                                                                                                                                                                                                                                                                                                                                                                                                                                                                                                                                                                                                                                                                                                                                                                                                                                                                                                                                                                                                                                                                                                                                                                                                                                                                                                                               [2m@typescript-eslint/no-explicit-any[22m[0m
[0m  [2m1515:20[22m   [31merror[39m    Unexpected any. Specify a different type                                                                                                                                                                                                                                                                                                                                                                                                                                                                                                                                                                                                                                                                                                                                                                                                                                                                                                                                                                                                                                                                                                                                                                                                                                                                                                                                                                               [2m@typescript-eslint/no-explicit-any[22m[0m
[0m  [2m1516:17[22m   [31merror[39m    Unexpected any. Specify a different type                                                                                                                                                                                                                                                                                                                                                                                                                                                                                                                                                                                                                                                                                                                                                                                                                                                                                                                                                                                                                                                                                                                                                                                                                                                                                                                                                                               [2m@typescript-eslint/no-explicit-any[22m[0m
[0m  [2m1524:20[22m   [31merror[39m    Unexpected any. Specify a different type                                                                                                                                                                                                                                                                                                                                                                                                                                                                                                                                                                                                                                                                                                                                                                                                                                                                                                                                                                                                                                                                                                                                                                                                                                                                                                                                                                               [2m@typescript-eslint/no-explicit-any[22m[0m
[0m  [2m1525:17[22m   [31merror[39m    Unexpected any. Specify a different type                                                                                                                                                                                                                                                                                                                                                                                                                                                                                                                                                                                                                                                                                                                                                                                                                                                                                                                                                                                                                                                                                                                                                                                                                                                                                                                                                                               [2m@typescript-eslint/no-explicit-any[22m[0m
[0m  [2m1871:45[22m   [31merror[39m    React Hook "useState" is called conditionally. React Hooks must be called in the exact same order in every component render. Did you accidentally call a React Hook after an early return?                                                                                                                                                                                                                                                                                                                                                                                                                                                                                                                                                                                                                                                                                                                                                                                                                                                                                                                                                                                                                                                                                                                                                                                                                             [2mreact-hooks/rules-of-hooks[22m[0m
[0m  [2m1881:3[22m    [31merror[39m    React Hook "useEffect" is called conditionally. React Hooks must be called in the exact same order in every component render. Did you accidentally call a React Hook after an early return?                                                                                                                                                                                                                                                                                                                                                                                                                                                                                                                                                                                                                                                                                                                                                                                                                                                                                                                                                                                                                                                                                                                                                                                                                            [2mreact-hooks/rules-of-hooks[22m[0m
[0m  [2m1894:6[22m    [33mwarning[39m  React Hook useEffect has a missing dependency: 'wrapped'. Either include it or remove the dependency array                                                                                                                                                                                                                                                                                                                                                                                                                                                                                                                                                                                                                                                                                                                                                                                                                                                                                                                                                                                                                                                                                                                                                                                                                                                                                                             [2mreact-hooks/exhaustive-deps[22m[0m
[0m  [2m2608:9[22m    [33mwarning[39m  The 'cesMonthOptions' conditional could make the dependencies of useEffect Hook (at line 2853) change on every render. To fix this, wrap the initialization of 'cesMonthOptions' in its own useMemo() Hook                                                                                                                                                                                                                                                                                                                                                                                                                                                                                                                                                                                                                                                                                                                                                                                                                                                                                                                                                                                                                                                                                                                                                                                                             [2mreact-hooks/exhaustive-deps[22m[0m
[0m  [2m2660:15[22m   [31merror[39m    Unexpected any. Specify a different type                                                                                                                                                                                                                                                                                                                                                                                                                                                                                                                                                                                                                                                                                                                                                                                                                                                                                                                                                                                                                                                                                                                                                                                                                                                                                                                                                                               [2m@typescript-eslint/no-explicit-any[22m[0m
[0m  [2m2664:29[22m   [31merror[39m    Unexpected any. Specify a different type                                                                                                                                                                                                                                                                                                                                                                                                                                                                                                                                                                                                                                                                                                                                                                                                                                                                                                                                                                                                                                                                                                                                                                                                                                                                                                                                                                               [2m@typescript-eslint/no-explicit-any[22m[0m
[0m  [2m2665:52[22m   [31merror[39m    Unexpected any. Specify a different type                                                                                                                                                                                                                                                                                                                                                                                                                                                                                                                                                                                                                                                                                                                                                                                                                                                                                                                                                                                                                                                                                                                                                                                                                                                                                                                                                                               [2m@typescript-eslint/no-explicit-any[22m[0m
[0m  [2m2670:32[22m   [31merror[39m    Unexpected any. Specify a different type                                                                                                                                                                                                                                                                                                                                                                                                                                                                                                                                                                                                                                                                                                                                                                                                                                                                                                                                                                                                                                                                                                                                                                                                                                                                                                                                                                               [2m@typescript-eslint/no-explicit-any[22m[0m
[0m  [2m2670:60[22m   [31merror[39m    Unexpected any. Specify a different type                                                                                                                                                                                                                                                                                                                                                                                                                                                                                                                                                                                                                                                                                                                                                                                                                                                                                                                                                                                                                                                                                                                                                                                                                                                                                                                                                                               [2m@typescript-eslint/no-explicit-any[22m[0m
[0m  [2m2674:51[22m   [31merror[39m    Unexpected any. Specify a different type                                                                                                                                                                                                                                                                                                                                                                                                                                                                                                                                                                                                                                                                                                                                                                                                                                                                                                                                                                                                                                                                                                                                                                                                                                                                                                                                                                               [2m@typescript-eslint/no-explicit-any[22m[0m
[0m  [2m2679:19[22m   [31merror[39m    Empty block statement                                                                                                                                                                                                                                                                                                                                                                                                                                                                                                                                                                                                                                                                                                                                                                                                                                                                                                                                                                                                                                                                                                                                                                                                                                                                                                                                                                                                  [2mno-empty[22m[0m
[0m  [2m2684:38[22m   [31merror[39m    Unexpected any. Specify a different type                                                                                                                                                                                                                                                                                                                                                                                                                                                                                                                                                                                                                                                                                                                                                                                                                                                                                                                                                                                                                                                                                                                                                                                                                                                                                                                                                                               [2m@typescript-eslint/no-explicit-any[22m[0m
[0m  [2m2685:34[22m   [31merror[39m    Unexpected any. Specify a different type                                                                                                                                                                                                                                                                                                                                                                                                                                                                                                                                                                                                                                                                                                                                                                                                                                                                                                                                                                                                                                                                                                                                                                                                                                                                                                                                                                               [2m@typescript-eslint/no-explicit-any[22m[0m
[0m  [2m2686:30[22m   [31merror[39m    Unexpected any. Specify a different type                                                                                                                                                                                                                                                                                                                                                                                                                                                                                                                                                                                                                                                                                                                                                                                                                                                                                                                                                                                                                                                                                                                                                                                                                                                                                                                                                                               [2m@typescript-eslint/no-explicit-any[22m[0m
[0m  [2m2691:63[22m   [31merror[39m    Unexpected any. Specify a different type                                                                                                                                                                                                                                                                                                                                                                                                                                                                                                                                                                                                                                                                                                                                                                                                                                                                                                                                                                                                                                                                                                                                                                                                                                                                                                                                                                               [2m@typescript-eslint/no-explicit-any[22m[0m
[0m  [2m2693:54[22m   [31merror[39m    Unexpected any. Specify a different type                                                                                                                                                                                                                                                                                                                                                                                                                                                                                                                                                                                                                                                                                                                                                                                                                                                                                                                                                                                                                                                                                                                                                                                                                                                                                                                                                                               [2m@typescript-eslint/no-explicit-any[22m[0m
[0m  [2m2694:80[22m   [31merror[39m    Unexpected any. Specify a different type                                                                                                                                                                                                                                                                                                                                                                                                                                                                                                                                                                                                                                                                                                                                                                                                                                                                                                                                                                                                                                                                                                                                                                                                                                                                                                                                                                               [2m@typescript-eslint/no-explicit-any[22m[0m
[0m  [2m2695:45[22m   [31merror[39m    Unexpected any. Specify a different type                                                                                                                                                                                                                                                                                                                                                                                                                                                                                                                                                                                                                                                                                                                                                                                                                                                                                                                                                                                                                                                                                                                                                                                                                                                                                                                                                                               [2m@typescript-eslint/no-explicit-any[22m[0m
[0m  [2m2700:27[22m   [31merror[39m    Unexpected any. Specify a different type                                                                                                                                                                                                                                                                                                                                                                                                                                                                                                                                                                                                                                                                                                                                                                                                                                                                                                                                                                                                                                                                                                                                                                                                                                                                                                                                                                               [2m@typescript-eslint/no-explicit-any[22m[0m
[0m  [2m2700:55[22m   [31merror[39m    Unexpected any. Specify a different type                                                                                                                                                                                                                                                                                                                                                                                                                                                                                                                                                                                                                                                                                                                                                                                                                                                                                                                                                                                                                                                                                                                                                                                                                                                                                                                                                                               [2m@typescript-eslint/no-explicit-any[22m[0m
[0m  [2m2700:72[22m   [31merror[39m    Unexpected any. Specify a different type                                                                                                                                                                                                                                                                                                                                                                                                                                                                                                                                                                                                                                                                                                                                                                                                                                                                                                                                                                                                                                                                                                                                                                                                                                                                                                                                                                               [2m@typescript-eslint/no-explicit-any[22m[0m
[0m  [2m2701:21[22m   [31merror[39m    Unexpected any. Specify a different type                                                                                                                                                                                                                                                                                                                                                                                                                                                                                                                                                                                                                                                                                                                                                                                                                                                                                                                                                                                                                                                                                                                                                                                                                                                                                                                                                                               [2m@typescript-eslint/no-explicit-any[22m[0m
[0m  [2m2703:65[22m   [31merror[39m    Unexpected any. Specify a different type                                                                                                                                                                                                                                                                                                                                                                                                                                                                                                                                                                                                                                                                                                                                                                                                                                                                                                                                                                                                                                                                                                                                                                                                                                                                                                                                                                               [2m@typescript-eslint/no-explicit-any[22m[0m
[0m  [2m2707:25[22m   [31merror[39m    Unexpected any. Specify a different type                                                                                                                                                                                                                                                                                                                                                                                                                                                                                                                                                                                                                                                                                                                                                                                                                                                                                                                                                                                                                                                                                                                                                                                                                                                                                                                                                                               [2m@typescript-eslint/no-explicit-any[22m[0m
[0m  [2m2708:22[22m   [31merror[39m    Unexpected any. Specify a different type                                                                                                                                                                                                                                                                                                                                                                                                                                                                                                                                                                                                                                                                                                                                                                                                                                                                                                                                                                                                                                                                                                                                                                                                                                                                                                                                                                               [2m@typescript-eslint/no-explicit-any[22m[0m
[0m  [2m2712:38[22m   [31merror[39m    Unexpected any. Specify a different type                                                                                                                                                                                                                                                                                                                                                                                                                                                                                                                                                                                                                                                                                                                                                                                                                                                                                                                                                                                                                                                                                                                                                                                                                                                                                                                                                                               [2m@typescript-eslint/no-explicit-any[22m[0m
[0m  [2m2724:15[22m   [31merror[39m    Empty block statement                                                                                                                                                                                                                                                                                                                                                                                                                                                                                                                                                                                                                                                                                                                                                                                                                                                                                                                                                                                                                                                                                                                                                                                                                                                                                                                                                                                                  [2mno-empty[22m[0m
[0m  [2m2729:59[22m   [31merror[39m    Unexpected any. Specify a different type                                                                                                                                                                                                                                                                                                                                                                                                                                                                                                                                                                                                                                                                                                                                                                                                                                                                                                                                                                                                                                                                                                                                                                                                                                                                                                                                                                               [2m@typescript-eslint/no-explicit-any[22m[0m
[0m  [2m2835:5[22m    [33mwarning[39m  Error: Calling setState synchronously within an effect can trigger cascading renders[0m
[0m[0m
[0mEffects are intended to synchronize state between React and external systems such as manually updating the DOM, state management libraries, or other platform APIs. In general, the body of an effect should do one or both of the following:[0m
[0m* Update external systems with the latest state from React.[0m
[0m* Subscribe for updates from some external system, calling setState in a callback function when external state changes.[0m
[0m[0m
[0mCalling setState synchronously within an effect body causes cascading renders that can hurt performance, and is not recommended. (https://react.dev/learn/you-might-not-need-an-effect).[0m
[0m[0m
[0mc:\AI\Git\training\HomeHealth\Policies_and_Procedures_V2\.wtpreview\preiframe\src\v6\screens\RepresentativeScreens.tsx:2835:5[0m
[0m  2833 |[0m
[0m  2834 |   useEffect(() => {[0m
[0m> 2835 |     setAgendaMode(isCesCalendar ? 'Month' : 'Week');[0m
[0m       |     ^^^^^^^^^^^^^ Avoid calling setState() directly within an effect[0m
[0m  2836 |     if (!requestedEventId) setSelectedEvent(null);[0m
[0m  2837 |     setActiveEventKey(null);[0m
[0m  2838 |     setActiveEventAnchor(null);                                                                                                                                                                                                                                          [2mreact-hooks/set-state-in-effect[22m[0m
[0m  [2m2844:6[22m    [33mwarning[39m  React Hook useEffect has a missing dependency: 'events'. Either include it or remove the dependency array                                                                                                                                                                                                                                                                                                                                                                                                                                                                                                                                                                                                                                                                                                                                                                                                                                                                                                                                                                                                                                                                                                                                                                                                                                                                                                              [2mreact-hooks/exhaustive-deps[22m[0m
[0m  [2m2848:51[22m   [33mwarning[39m  Error: Calling setState synchronously within an effect can trigger cascading renders[0m
[0m[0m
[0mEffects are intended to synchronize state between React and external systems such as manually updating the DOM, state management libraries, or other platform APIs. In general, the body of an effect should do one or both of the following:[0m
[0m* Update external systems with the latest state from React.[0m
[0m* Subscribe for updates from some external system, calling setState in a callback function when external state changes.[0m
[0m[0m
[0mCalling setState synchronously within an effect body causes cascading renders that can hurt performance, and is not recommended. (https://react.dev/learn/you-might-not-need-an-effect).[0m
[0m[0m
[0mc:\AI\Git\training\HomeHealth\Policies_and_Procedures_V2\.wtpreview\preiframe\src\v6\screens\RepresentativeScreens.tsx:2848:51[0m
[0m  2846 |   useEffect(() => {[0m
[0m  2847 |     if (!isCesCalendar) return;[0m
[0m> 2848 |     if (cesMonthOptions.includes(requestedMonth)) setCesMonthState(requestedMonth);[0m
[0m       |                                                   ^^^^^^^^^^^^^^^^ Avoid calling setState() directly within an effect[0m
[0m  2849 |     if ([2025, 2026, 2027].includes(requestedYear)) setCesYearState(requestedYear);[0m
[0m  2850 |     if (requestedView === 'calendar' || requestedView === 'sprint' || requestedView === 'events') {[0m
[0m  2851 |       setCesWorkspaceViewState(requestedView);  [2mreact-hooks/set-state-in-effect[22m[0m
[0m  [2m2861:5[22m    [33mwarning[39m  Error: Calling setState synchronously within an effect can trigger cascading renders[0m
[0m[0m
[0mEffects are intended to synchronize state between React and external systems such as manually updating the DOM, state management libraries, or other platform APIs. In general, the body of an effect should do one or both of the following:[0m
[0m* Update external systems with the latest state from React.[0m
[0m* Subscribe for updates from some external system, calling setState in a callback function when external state changes.[0m
[0m[0m
[0mCalling setState synchronously within an effect body causes cascading renders that can hurt performance, and is not recommended. (https://react.dev/learn/you-might-not-need-an-effect).[0m
[0m[0m
[0mc:\AI\Git\training\HomeHealth\Policies_and_Procedures_V2\.wtpreview\preiframe\src\v6\screens\RepresentativeScreens.tsx:2861:5[0m
[0m  2859 |     if (!targetEvent) return;[0m
[0m  2860 |[0m
[0m> 2861 |     setAgendaMode('Month');[0m
[0m       |     ^^^^^^^^^^^^^ Avoid calling setState() directly within an effect[0m
[0m  2862 |     setCesMonth(getEventMonth(targetEvent));[0m
[0m  2863 |     setSelectedEvent(targetEvent);[0m
[0m  2864 |     setActiveEventKey(null);                                                                                                                                                                                                                                                            [2mreact-hooks/set-state-in-effect[22m[0m
[0m  [2m2866:6[22m    [33mwarning[39m  React Hook useEffect has a missing dependency: 'setCesMonth'. Either include it or remove the dependency array                                                                                                                                                                                                                                                                                                                                                                                                                                                                                                                                                                                                                                                                                                                                                                                                                                                                                                                                                                                                                                                                                                                                                                                                                                                                                                         [2mreact-hooks/exhaustive-deps[22m[0m
[0m  [2m3345:41[22m   [31merror[39m    Unexpected any. Specify a different type                                                                                                                                                                                                                                                                                                                                                                                                                                                                                                                                                                                                                                                                                                                                                                                                                                                                                                                                                                                                                                                                                                                                                                                                                                                                                                                                                                               [2m@typescript-eslint/no-explicit-any[22m[0m
[0m  [2m3379:92[22m   [31merror[39m    Unexpected any. Specify a different type                                                                                                                                                                                                                                                                                                                                                                                                                                                                                                                                                                                                                                                                                                                                                                                                                                                                                                                                                                                                                                                                                                                                                                                                                                                                                                                                                                               [2m@typescript-eslint/no-explicit-any[22m[0m
[0m  [2m3380:15[22m   [31merror[39m    Unexpected any. Specify a different type                                                                                                                                                                                                                                                                                                                                                                                                                                                                                                                                                                                                                                                                                                                                                                                                                                                                                                                                                                                                                                                                                                                                                                                                                                                                                                                                                                               [2m@typescript-eslint/no-explicit-any[22m[0m
[0m  [2m3381:40[22m   [31merror[39m    Unexpected any. Specify a different type                                                                                                                                                                                                                                                                                                                                                                                                                                                                                                                                                                                                                                                                                                                                                                                                                                                                                                                                                                                                                                                                                                                                                                                                                                                                                                                                                                               [2m@typescript-eslint/no-explicit-any[22m[0m
[0m  [2m3382:44[22m   [31merror[39m    Unexpected any. Specify a different type                                                                                                                                                                                                                                                                                                                                                                                                                                                                                                                                                                                                                                                                                                                                                                                                                                                                                                                                                                                                                                                                                                                                                                                                                                                                                                                                                                               [2m@typescript-eslint/no-explicit-any[22m[0m
[0m  [2m3413:89[22m   [31merror[39m    Unexpected any. Specify a different type                                                                                                                                                                                                                                                                                                                                                                                                                                                                                                                                                                                                                                                                                                                                                                                                                                                                                                                                                                                                                                                                                                                                                                                                                                                                                                                                                                               [2m@typescript-eslint/no-explicit-any[22m[0m
[0m  [2m3417:50[22m   [31merror[39m    Unexpected any. Specify a different type                                                                                                                                                                                                                                                                                                                                                                                                                                                                                                                                                                                                                                                                                                                                                                                                                                                                                                                                                                                                                                                                                                                                                                                                                                                                                                                                                                               [2m@typescript-eslint/no-explicit-any[22m[0m
[0m  [2m3474:30[22m   [31merror[39m    Unexpected any. Specify a different type                                                                                                                                                                                                                                                                                                                                                                                                                                                                                                                                                                                                                                                                                                                                                                                                                                                                                                                                                                                                                                                                                                                                                                                                                                                                                                                                                                               [2m@typescript-eslint/no-explicit-any[22m[0m
[0m  [2m3474:69[22m   [31merror[39m    Unexpected any. Specify a different type                                                                                                                                                                                                                                                                                                                                                                                                                                                                                                                                                                                                                                                                                                                                                                                                                                                                                                                                                                                                                                                                                                                                                                                                                                                                                                                                                                               [2m@typescript-eslint/no-explicit-any[22m[0m
[0m  [2m3474:140[22m  [31merror[39m    Unexpected any. Specify a different type                                                                                                                                                                                                                                                                                                                                                                                                                                                                                                                                                                                                                                                                                                                                                                                                                                                                                                                                                                                                                                                                                                                                                                                                                                                                                                                                                                               [2m@typescript-eslint/no-explicit-any[22m[0m
[0m  [2m3476:23[22m   [31merror[39m    Unexpected any. Specify a different type                                                                                                                                                                                                                                                                                                                                                                                                                                                                                                                                                                                                                                                                                                                                                                                                                                                                                                                                                                                                                                                                                                                                                                                                                                                                                                                                                                               [2m@typescript-eslint/no-explicit-any[22m[0m
[0m  [2m3476:73[22m   [31merror[39m    Unexpected any. Specify a different type                                                                                                                                                                                                                                                                                                                                                                                                                                                                                                                                                                                                                                                                                                                                                                                                                                                                                                                                                                                                                                                                                                                                                                                                                                                                                                                                                                               [2m@typescript-eslint/no-explicit-any[22m[0m
[0m  [2m3478:43[22m   [31merror[39m    Unexpected any. Specify a different type                                                                                                                                                                                                                                                                                                                                                                                                                                                                                                                                                                                                                                                                                                                                                                                                                                                                                                                                                                                                                                                                                                                                                                                                                                                                                                                                                                               [2m@typescript-eslint/no-explicit-any[22m[0m
[0m  [2m3479:46[22m   [31merror[39m    Unexpected any. Specify a different type                                                                                                                                                                                                                                                                                                                                                                                                                                                                                                                                                                                                                                                                                                                                                                                                                                                                                                                                                                                                                                                                                                                                                                                                                                                                                                                                                                               [2m@typescript-eslint/no-explicit-any[22m[0m
[0m  [2m3483:14[22m   [31merror[39m    Unexpected any. Specify a different type                                                                                                                                                                                                                                                                                                                                                                                                                                                                                                                                                                                                                                                                                                                                                                                                                                                                                                                                                                                                                                                                                                                                                                                                                                                                                                                                                                               [2m@typescript-eslint/no-explicit-any[22m[0m
[0m  [2m3487:56[22m   [31merror[39m    Unexpected any. Specify a different type                                                                                                                                                                                                                                                                                                                                                                                                                                                                                                                                                                                                                                                                                                                                                                                                                                                                                                                                                                                                                                                                                                                                                                                                                                                                                                                                                                               [2m@typescript-eslint/no-explicit-any[22m[0m
[0m  [2m3629:123[22m  [31merror[39m    Unexpected any. Specify a different type                                                                                                                                                                                                                                                                                                                                                                                                                                                                                                                                                                                                                                                                                                                                                                                                                                                                                                                                                                                                                                                                                                                                                                                                                                                                                                                                                                               [2m@typescript-eslint/no-explicit-any[22m[0m
[0m  [2m3630:27[22m   [31merror[39m    Unexpected any. Specify a different type                                                                                                                                                                                                                                                                                                                                                                                                                                                                                                                                                                                                                                                                                                                                                                                                                                                                                                                                                                                                                                                                                                                                                                                                                                                                                                                                                                               [2m@typescript-eslint/no-explicit-any[22m[0m
[0m  [2m3640:67[22m   [31merror[39m    Unexpected any. Specify a different type                                                                                                                                                                                                                                                                                                                                                                                                                                                                                                                                                                                                                                                                                                                                                                                                                                                                                                                                                                                                                                                                                                                                                                                                                                                                                                                                                                               [2m@typescript-eslint/no-explicit-any[22m[0m
[0m  [2m3649:35[22m   [31merror[39m    Unexpected any. Specify a different type                                                                                                                                                                                                                                                                                                                                                                                                                                                                                                                                                                                                                                                                                                                                                                                                                                                                                                                                                                                                                                                                                                                                                                                                                                                                                                                                                                               [2m@typescript-eslint/no-explicit-any[22m[0m
[0m  [2m3650:35[22m   [31merror[39m    Unexpected any. Specify a different type                                                                                                                                                                                                                                                                                                                                                                                                                                                                                                                                                                                                                                                                                                                                                                                                                                                                                                                                                                                                                                                                                                                                                                                                                                                                                                                                                                               [2m@typescript-eslint/no-explicit-any[22m[0m
[0m  [2m3658:32[22m   [31merror[39m    Unexpected any. Specify a different type                                                                                                                                                                                                                                                                                                                                                                                                                                                                                                                                                                                                                                                                                                                                                                                                                                                                                                                                                                                                                                                                                                                                                                                                                                                                                                                                                                               [2m@typescript-eslint/no-explicit-any[22m[0m
[0m  [2m3658:75[22m   [31merror[39m    Unexpected any. Specify a different type                                                                                                                                                                                                                                                                                                                                                                                                                                                                                                                                                                                                                                                                                                                                                                                                                                                                                                                                                                                                                                                                                                                                                                                                                                                                                                                                                                               [2m@typescript-eslint/no-explicit-any[22m[0m
[0m  [2m3667:48[22m   [31merror[39m    Unexpected any. Specify a different type                                                                                                                                                                                                                                                                                                                                                                                                                                                                                                                                                                                                                                                                                                                                                                                                                                                                                                                                                                                                                                                                                                                                                                                                                                                                                                                                                                               [2m@typescript-eslint/no-explicit-any[22m[0m
[0m  [2m4000:39[22m   [31merror[39m    React Hook "useState" is called conditionally. React Hooks must be called in the exact same order in every component render                                                                                                                                                                                                                                                                                                                                                                                                                                                                                                                                                                                                                                                                                                                                                                                                                                                                                                                                                                                                                                                                                                                                                                                                                                                                                            [2mreact-hooks/rules-of-hooks[22m[0m
[0m  [2m4018:3[22m    [31merror[39m    React Hook "useEffect" is called conditionally. React Hooks must be called in the exact same order in every component render                                                                                                                                                                                                                                                                                                                                                                                                                                                                                                                                                                                                                                                                                                                                                                                                                                                                                                                                                                                                                                                                                                                                                                                                                                                                                           [2mreact-hooks/rules-of-hooks[22m[0m
[0m[0m
[0m[4mc:\AI\Git\training\HomeHealth\Policies_and_Procedures_V2\.wtpreview\preiframe\src\v6\screens\brad\BuilderWorkspace.tsx[24m[0m
[0m  [2m272:84[22m  [33mwarning[39m  React Hook useEffect has a missing dependency: 'list'. Either include it or remove the dependency array  [2mreact-hooks/exhaustive-deps[22m[0m
[0m  [2m371:69[22m  [33mwarning[39m  React Hook useEffect has a missing dependency: 's'. Either include it or remove the dependency array     [2mreact-hooks/exhaustive-deps[22m[0m
[0m[0m
[0m[4mc:\AI\Git\training\HomeHealth\Policies_and_Procedures_V2\.wtpreview\preiframe\src\v6\screens\evidence\SignatureTracker.tsx[24m[0m
[0m  [2m116:5[22m  [33mwarning[39m  Error: Calling setState synchronously within an effect can trigger cascading renders[0m
[0m[0m
[0mEffects are intended to synchronize state between React and external systems such as manually updating the DOM, state management libraries, or other platform APIs. In general, the body of an effect should do one or both of the following:[0m
[0m* Update external systems with the latest state from React.[0m
[0m* Subscribe for updates from some external system, calling setState in a callback function when external state changes.[0m
[0m[0m
[0mCalling setState synchronously within an effect body causes cascading renders that can hurt performance, and is not recommended. (https://react.dev/learn/you-might-not-need-an-effect).[0m
[0m[0m
[0mc:\AI\Git\training\HomeHealth\Policies_and_Procedures_V2\.wtpreview\preiframe\src\v6\screens\evidence\SignatureTracker.tsx:116:5[0m
[0m  114 |   useEffect(() => {[0m
[0m  115 |     if (!incomingPacketId || !PACKET_ID_RE.test(incomingPacketId)) return;[0m
[0m> 116 |     setLoadedId(incomingPacketId);[0m
[0m      |     ^^^^^^^^^^^ Avoid calling setState() directly within an effect[0m
[0m  117 |     setConfirmed(false);[0m
[0m  118 |     const existing = loadAll()[incomingPacketId] ?? null;[0m
[0m  119 |     setRecord(existing);  [2mreact-hooks/set-state-in-effect[22m[0m
[0m[0m
[0m[4mc:\AI\Git\training\HomeHealth\Policies_and_Procedures_V2\.wtpreview\preiframe\src\v6\screens\pageviews\AIComplianceReviewScreen.tsx[24m[0m
[0m   [2m98:5[22m   [33mwarning[39m  Error: Calling setState synchronously within an effect can trigger cascading renders[0m
[0m[0m
[0mEffects are intended to synchronize state between React and external systems such as manually updating the DOM, state management libraries, or other platform APIs. In general, the body of an effect should do one or both of the following:[0m
[0m* Update external systems with the latest state from React.[0m
[0m* Subscribe for updates from some external system, calling setState in a callback function when external state changes.[0m
[0m[0m
[0mCalling setState synchronously within an effect body causes cascading renders that can hurt performance, and is not recommended. (https://react.dev/learn/you-might-not-need-an-effect).[0m
[0m[0m
[0mc:\AI\Git\training\HomeHealth\Policies_and_Procedures_V2\.wtpreview\preiframe\src\v6\screens\pageviews\AIComplianceReviewScreen.tsx:98:5[0m
[0m   96 |       },[0m
[0m   97 |     ];[0m
[0m>  98 |     setWorkspaces(seed);[0m
[0m      |     ^^^^^^^^^^^^^ Avoid calling setState() directly within an effect[0m
[0m   99 |     setSelectedWorkspaceId('ws-demo-001');[0m
[0m  100 |   }, []);[0m
[0m  101 |                                                                                                   [2mreact-hooks/set-state-in-effect[22m[0m
[0m  [2m110:30[22m  [33mwarning[39m  Error: Calling setState synchronously within an effect can trigger cascading renders[0m
[0m[0m
[0mEffects are intended to synchronize state between React and external systems such as manually updating the DOM, state management libraries, or other platform APIs. In general, the body of an effect should do one or both of the following:[0m
[0m* Update external systems with the latest state from React.[0m
[0m* Subscribe for updates from some external system, calling setState in a callback function when external state changes.[0m
[0m[0m
[0mCalling setState synchronously within an effect body causes cascading renders that can hurt performance, and is not recommended. (https://react.dev/learn/you-might-not-need-an-effect).[0m
[0m[0m
[0mc:\AI\Git\training\HomeHealth\Policies_and_Procedures_V2\.wtpreview\preiframe\src\v6\screens\pageviews\AIComplianceReviewScreen.tsx:110:30[0m
[0m  108 |[0m
[0m  109 |   useEffect(() => {[0m
[0m> 110 |     if (selectedWorkspaceId) fetchWorkspaceDetails(selectedWorkspaceId);[0m
[0m      |                              ^^^^^^^^^^^^^^^^^^^^^ Avoid calling setState() directly within an effect[0m
[0m  111 |   }, [selectedWorkspaceId]);[0m
[0m  112 |[0m
[0m  113 |   const createWorkspace = () => {  [2mreact-hooks/set-state-in-effect[22m[0m
[0m  [2m111:6[22m   [33mwarning[39m  React Hook useEffect has a missing dependency: 'fetchWorkspaceDetails'. Either include it or remove the dependency array                                                                                                                                                                                                                                                                                                                                                                                                                                                                                                                                                                                                                                                                                                                                                                                                                                                                                                                                                                                                                                                                 [2mreact-hooks/exhaustive-deps[22m[0m
[0m[0m
[0m[4mc:\AI\Git\training\HomeHealth\Policies_and_Procedures_V2\.wtpreview\preiframe\src\v6\screens\pageviews\CareIndeedOnboardingLMS.tsx[24m[0m
[0m   [2m386:11[22m  [31merror[39m    Empty block statement                                                                                                                                                                                                                                                                                                                                                                                                                                                                                                                                                                                                                                                                                                                                                                                               [2mno-empty[22m[0m
[0m  [2m3672:27[22m  [31merror[39m    Unexpected any. Specify a different type                                                                                                                                                                                                                                                                                                                                                                                                                                                                                                                                                                                                                                                                                                                                                                            [2m@typescript-eslint/no-explicit-any[22m[0m
[0m  [2m3673:25[22m  [31merror[39m    Unexpected any. Specify a different type                                                                                                                                                                                                                                                                                                                                                                                                                                                                                                                                                                                                                                                                                                                                                                            [2m@typescript-eslint/no-explicit-any[22m[0m
[0m  [2m3683:27[22m  [31merror[39m    Unexpected any. Specify a different type                                                                                                                                                                                                                                                                                                                                                                                                                                                                                                                                                                                                                                                                                                                                                                            [2m@typescript-eslint/no-explicit-any[22m[0m
[0m  [2m3684:26[22m  [31merror[39m    Unexpected any. Specify a different type                                                                                                                                                                                                                                                                                                                                                                                                                                                                                                                                                                                                                                                                                                                                                                            [2m@typescript-eslint/no-explicit-any[22m[0m
[0m  [2m4098:28[22m  [33mwarning[39m  Error: Cannot call impure function during render[0m
[0m[0m
[0m`Date.now` is an impure function. Calling an impure function can produce unstable results that update unpredictably when the component happens to re-render. (https://react.dev/reference/rules/components-and-hooks-must-be-pure#components-and-hooks-must-be-idempotent).[0m
[0m[0m
[0mc:\AI\Git\training\HomeHealth\Policies_and_Procedures_V2\.wtpreview\preiframe\src\v6\screens\pageviews\CareIndeedOnboardingLMS.tsx:4098:28[0m
[0m  4096 |   const [examScore, setExamScore] = useState(0);[0m
[0m  4097 |   const [isNarrating, setIsNarrating] = useState(false);[0m
[0m> 4098 |   const startTime = useRef(Date.now());[0m
[0m       |                            ^^^^^^^^^^ Cannot call impure function[0m
[0m  4099 |[0m
[0m  4100 |   useEffect(() => {[0m
[0m  4101 |     return () => stopNarration();  [2mreact-hooks/purity[22m[0m
[0m  [2m4165:16[22m  [31merror[39m    'e' is defined but never used. Allowed unused caught errors must match /^_/u                                                                                                                                                                                                                                                                                                                                                                                                                                                                                                                                                                                                                                                                                                                                        [2m@typescript-eslint/no-unused-vars[22m[0m
[0m  [2m4165:19[22m  [31merror[39m    Empty block statement                                                                                                                                                                                                                                                                                                                                                                                                                                                                                                                                                                                                                                                                                                                                                                                               [2mno-empty[22m[0m
[0m  [2m4170:16[22m  [31merror[39m    'e' is defined but never used. Allowed unused caught errors must match /^_/u                                                                                                                                                                                                                                                                                                                                                                                                                                                                                                                                                                                                                                                                                                                                        [2m@typescript-eslint/no-unused-vars[22m[0m
[0m  [2m4170:19[22m  [31merror[39m    Empty block statement                                                                                                                                                                                                                                                                                                                                                                                                                                                                                                                                                                                                                                                                                                                                                                                               [2mno-empty[22m[0m
[0m  [2m4367:94[22m  [31merror[39m    Unexpected any. Specify a different type                                                                                                                                                                                                                                                                                                                                                                                                                                                                                                                                                                                                                                                                                                                                                                            [2m@typescript-eslint/no-explicit-any[22m[0m
[0m  [2m4608:46[22m  [31merror[39m    Unexpected any. Specify a different type                                                                                                                                                                                                                                                                                                                                                                                                                                                                                                                                                                                                                                                                                                                                                                            [2m@typescript-eslint/no-explicit-any[22m[0m
[0m[0m
[0m[4mc:\AI\Git\training\HomeHealth\Policies_and_Procedures_V2\.wtpreview\preiframe\src\v6\screens\pageviews\EventsBoardScreen.tsx[24m[0m
[0m  [2m148:73[22m  [31merror[39m  Unexpected any. Specify a different type  [2m@typescript-eslint/no-explicit-any[22m[0m
[0m  [2m149:67[22m  [31merror[39m  Unexpected any. Specify a different type  [2m@typescript-eslint/no-explicit-any[22m[0m
[0m[0m
[0m[4mc:\AI\Git\training\HomeHealth\Policies_and_Procedures_V2\.wtpreview\preiframe\src\v6\screens\pageviews\GovernanceScreen.tsx[24m[0m
[0m  [2m49:82[22m  [31merror[39m  Unexpected any. Specify a different type  [2m@typescript-eslint/no-explicit-any[22m[0m
[0m[0m
[0m[4mc:\AI\Git\training\HomeHealth\Policies_and_Procedures_V2\.wtpreview\preiframe\src\v6\screens\pageviews\MasterControlsScreen.tsx[24m[0m
[0m  [2m104:34[22m  [31merror[39m  Unexpected any. Specify a different type  [2m@typescript-eslint/no-explicit-any[22m[0m
[0m  [2m104:60[22m  [31merror[39m  Unexpected any. Specify a different type  [2m@typescript-eslint/no-explicit-any[22m[0m
[0m[0m
[0m[4mc:\AI\Git\training\HomeHealth\Policies_and_Procedures_V2\.wtpreview\preiframe\src\v6\screens\pageviews\ModulePlayerScreen.tsx[24m[0m
[0m   [2m813:5[22m   [33mwarning[39m  Error: Calling setState synchronously within an effect can trigger cascading renders[0m
[0m[0m
[0mEffects are intended to synchronize state between React and external systems such as manually updating the DOM, state management libraries, or other platform APIs. In general, the body of an effect should do one or both of the following:[0m
[0m* Update external systems with the latest state from React.[0m
[0m* Subscribe for updates from some external system, calling setState in a callback function when external state changes.[0m
[0m[0m
[0mCalling setState synchronously within an effect body causes cascading renders that can hurt performance, and is not recommended. (https://react.dev/learn/you-might-not-need-an-effect).[0m
[0m[0m
[0mc:\AI\Git\training\HomeHealth\Policies_and_Procedures_V2\.wtpreview\preiframe\src\v6\screens\pageviews\ModulePlayerScreen.tsx:813:5[0m
[0m  811 |[0m
[0m  812 |   useEffect(() => {[0m
[0m> 813 |     setAcknowledgedTerms(new Set());[0m
[0m      |     ^^^^^^^^^^^^^^^^^^^^ Avoid calling setState() directly within an effect[0m
[0m  814 |     setSelectedAnswer(null);[0m
[0m  815 |     setSubmitted(false);[0m
[0m  816 |     setOpenedOptions([]);  [2mreact-hooks/set-state-in-effect[22m[0m
[0m   [2m822:57[22m  [31merror[39m    Unexpected any. Specify a different type                                                                                                                                                                                                                                                                                                                                                                                                                                                                                                                                                                                                                                                                                                                                                                                                                                                                                                                                                                                                                                                                                             [2m@typescript-eslint/no-explicit-any[22m[0m
[0m   [2m860:25[22m  [31merror[39m    React Hook "useMemo" is called conditionally. React Hooks must be called in the exact same order in every component render. Did you accidentally call a React Hook after an early return?                                                                                                                                                                                                                                                                                                                                                                                                                                                                                                                                                                                                                                                                                                                                                                                                                                                                                                                                            [2mreact-hooks/rules-of-hooks[22m[0m
[0m   [2m926:27[22m  [31merror[39m    Unexpected any. Specify a different type                                                                                                                                                                                                                                                                                                                                                                                                                                                                                                                                                                                                                                                                                                                                                                                                                                                                                                                                                                                                                                                                                             [2m@typescript-eslint/no-explicit-any[22m[0m
[0m  [2m1238:61[22m  [31merror[39m    Unexpected any. Specify a different type                                                                                                                                                                                                                                                                                                                                                                                                                                                                                                                                                                                                                                                                                                                                                                                                                                                                                                                                                                                                                                                                                             [2m@typescript-eslint/no-explicit-any[22m[0m
[0m  [2m1717:19[22m  [31merror[39m    React Hook "useMemo" is called conditionally. React Hooks must be called in the exact same order in every component render. Did you accidentally call a React Hook after an early return?                                                                                                                                                                                                                                                                                                                                                                                                                                                                                                                                                                                                                                                                                                                                                                                                                                                                                                                                            [2mreact-hooks/rules-of-hooks[22m[0m
[0m[0m
[0m[4mc:\AI\Git\training\HomeHealth\Policies_and_Procedures_V2\.wtpreview\preiframe\src\v6\screens\pageviews\OnboardingV2ActivateScreen.tsx[24m[0m
[0m  [2m13:59[22m  [31merror[39m  Unexpected any. Specify a different type  [2m@typescript-eslint/no-explicit-any[22m[0m
[0m[0m
[0m[4mc:\AI\Git\training\HomeHealth\Policies_and_Procedures_V2\.wtpreview\preiframe\src\v6\screens\pageviews\OnboardingV2AuditScreen.tsx[24m[0m
[0m  [2m16:54[22m   [31merror[39m  Unexpected any. Specify a different type  [2m@typescript-eslint/no-explicit-any[22m[0m
[0m  [2m18:42[22m   [31merror[39m  Unexpected any. Specify a different type  [2m@typescript-eslint/no-explicit-any[22m[0m
[0m  [2m19:68[22m   [31merror[39m  Unexpected any. Specify a different type  [2m@typescript-eslint/no-explicit-any[22m[0m
[0m  [2m36:56[22m   [31merror[39m  Unexpected any. Specify a different type  [2m@typescript-eslint/no-explicit-any[22m[0m
[0m  [2m37:15[22m   [31merror[39m  Unexpected any. Specify a different type  [2m@typescript-eslint/no-explicit-any[22m[0m
[0m  [2m38:35[22m   [31merror[39m  Unexpected any. Specify a different type  [2m@typescript-eslint/no-explicit-any[22m[0m
[0m  [2m39:43[22m   [31merror[39m  Unexpected any. Specify a different type  [2m@typescript-eslint/no-explicit-any[22m[0m
[0m  [2m40:39[22m   [31merror[39m  Unexpected any. Specify a different type  [2m@typescript-eslint/no-explicit-any[22m[0m
[0m  [2m41:27[22m   [31merror[39m  Unexpected any. Specify a different type  [2m@typescript-eslint/no-explicit-any[22m[0m
[0m  [2m41:59[22m   [31merror[39m  Unexpected any. Specify a different type  [2m@typescript-eslint/no-explicit-any[22m[0m
[0m  [2m41:112[22m  [31merror[39m  Unexpected any. Specify a different type  [2m@typescript-eslint/no-explicit-any[22m[0m
[0m  [2m43:28[22m   [31merror[39m  Unexpected any. Specify a different type  [2m@typescript-eslint/no-explicit-any[22m[0m
[0m  [2m44:27[22m   [31merror[39m  Unexpected any. Specify a different type  [2m@typescript-eslint/no-explicit-any[22m[0m
[0m  [2m44:83[22m   [31merror[39m  Unexpected any. Specify a different type  [2m@typescript-eslint/no-explicit-any[22m[0m
[0m  [2m89:59[22m   [31merror[39m  Unexpected any. Specify a different type  [2m@typescript-eslint/no-explicit-any[22m[0m
[0m[0m
[0m[4mc:\AI\Git\training\HomeHealth\Policies_and_Procedures_V2\.wtpreview\preiframe\src\v6\screens\pageviews\OnboardingV2BatchScreen.tsx[24m[0m
[0m   [2m36:54[22m  [31merror[39m  Unexpected any. Specify a different type  [2m@typescript-eslint/no-explicit-any[22m[0m
[0m   [2m46:60[22m  [31merror[39m  Unexpected any. Specify a different type  [2m@typescript-eslint/no-explicit-any[22m[0m
[0m   [2m46:89[22m  [31merror[39m  Unexpected any. Specify a different type  [2m@typescript-eslint/no-explicit-any[22m[0m
[0m   [2m48:17[22m  [31merror[39m  Unexpected any. Specify a different type  [2m@typescript-eslint/no-explicit-any[22m[0m
[0m   [2m49:44[22m  [31merror[39m  Unexpected any. Specify a different type  [2m@typescript-eslint/no-explicit-any[22m[0m
[0m   [2m49:73[22m  [31merror[39m  Unexpected any. Specify a different type  [2m@typescript-eslint/no-explicit-any[22m[0m
[0m   [2m51:37[22m  [31merror[39m  Unexpected any. Specify a different type  [2m@typescript-eslint/no-explicit-any[22m[0m
[0m   [2m67:89[22m  [31merror[39m  Unexpected any. Specify a different type  [2m@typescript-eslint/no-explicit-any[22m[0m
[0m  [2m137:42[22m  [31merror[39m  Unexpected any. Specify a different type  [2m@typescript-eslint/no-explicit-any[22m[0m
[0m  [2m138:45[22m  [31merror[39m  Unexpected any. Specify a different type  [2m@typescript-eslint/no-explicit-any[22m[0m
[0m  [2m145:32[22m  [31merror[39m  Unexpected any. Specify a different type  [2m@typescript-eslint/no-explicit-any[22m[0m
[0m  [2m185:44[22m  [31merror[39m  Unexpected any. Specify a different type  [2m@typescript-eslint/no-explicit-any[22m[0m
[0m  [2m186:60[22m  [31merror[39m  Unexpected any. Specify a different type  [2m@typescript-eslint/no-explicit-any[22m[0m
[0m  [2m186:90[22m  [31merror[39m  Unexpected any. Specify a different type  [2m@typescript-eslint/no-explicit-any[22m[0m
[0m[0m
[0m[4mc:\AI\Git\training\HomeHealth\Policies_and_Procedures_V2\.wtpreview\preiframe\src\v6\screens\pageviews\OnboardingV2BatchesScreen.tsx[24m[0m
[0m  [2m18:41[22m  [31merror[39m  Unexpected any. Specify a different type  [2m@typescript-eslint/no-explicit-any[22m[0m
[0m  [2m38:94[22m  [31merror[39m  Unexpected any. Specify a different type  [2m@typescript-eslint/no-explicit-any[22m[0m
[0m  [2m39:39[22m  [31merror[39m  Unexpected any. Specify a different type  [2m@typescript-eslint/no-explicit-any[22m[0m
[0m  [2m40:43[22m  [31merror[39m  Unexpected any. Specify a different type  [2m@typescript-eslint/no-explicit-any[22m[0m
[0m[0m
[0m[4mc:\AI\Git\training\HomeHealth\Policies_and_Procedures_V2\.wtpreview\preiframe\src\v6\screens\pageviews\OnboardingV2DashboardScreen.tsx[24m[0m
[0m  [2m20:44[22m   [31merror[39m  Unexpected any. Specify a different type  [2m@typescript-eslint/no-explicit-any[22m[0m
[0m  [2m21:53[22m   [31merror[39m  Unexpected any. Specify a different type  [2m@typescript-eslint/no-explicit-any[22m[0m
[0m  [2m22:46[22m   [31merror[39m  Unexpected any. Specify a different type  [2m@typescript-eslint/no-explicit-any[22m[0m
[0m  [2m43:61[22m   [31merror[39m  Unexpected any. Specify a different type  [2m@typescript-eslint/no-explicit-any[22m[0m
[0m  [2m44:117[22m  [31merror[39m  Unexpected any. Specify a different type  [2m@typescript-eslint/no-explicit-any[22m[0m
[0m[0m
[0m[4mc:\AI\Git\training\HomeHealth\Policies_and_Procedures_V2\.wtpreview\preiframe\src\v6\screens\pageviews\OnboardingV2GovernanceScreen.tsx[24m[0m
[0m  [2m18:51[22m   [31merror[39m  Unexpected any. Specify a different type  [2m@typescript-eslint/no-explicit-any[22m[0m
[0m  [2m35:100[22m  [31merror[39m  Unexpected any. Specify a different type  [2m@typescript-eslint/no-explicit-any[22m[0m
[0m[0m
[0m[4mc:\AI\Git\training\HomeHealth\Policies_and_Procedures_V2\.wtpreview\preiframe\src\v6\screens\pageviews\PolicyDetailScreen.tsx[24m[0m
[0m  [2m296:5[22m  [31merror[39m  Error: This value cannot be modified[0m
[0m[0m
[0mModifying a variable defined outside a component or hook is not allowed. Consider using an effect.[0m
[0m[0m
[0mc:\AI\Git\training\HomeHealth\Policies_and_Procedures_V2\.wtpreview\preiframe\src\v6\screens\pageviews\PolicyDetailScreen.tsx:296:5[0m
[0m  294 |     const printDate = new Date().toLocaleDateString('en-CA'); // YYYY-MM-DD, locale-stable[0m
[0m  295 |     const previousTitle = document.title;[0m
[0m> 296 |     document.title = `${cleanInline(headerTitle)} ${printDate}`.replace(/\s+/g, ' ').trim();[0m
[0m      |     ^^^^^^^^ value cannot be modified[0m
[0m  297 |     const t = window.setTimeout(() => {[0m
[0m  298 |       try { window.focus(); window.print(); } catch { /* noop */ }[0m
[0m  299 |     }, 650);  [2mreact-hooks/immutability[22m[0m
[0m[0m
[0m[4mc:\AI\Git\training\HomeHealth\Policies_and_Procedures_V2\.wtpreview\preiframe\src\v6\screens\pageviews\PolicyLifecycleScreen.tsx[24m[0m
[0m  [2m42:79[22m  [31merror[39m  Unexpected any. Specify a different type  [2m@typescript-eslint/no-explicit-any[22m[0m
[0m[0m
[0m[4mc:\AI\Git\training\HomeHealth\Policies_and_Procedures_V2\.wtpreview\preiframe\src\v6\screens\pageviews\WorkflowDetailAndSwimlaneScreen.tsx[24m[0m
[0m   [2m70:28[22m  [31merror[39m  Unexpected any. Specify a different type  [2m@typescript-eslint/no-explicit-any[22m[0m
[0m   [2m73:27[22m  [31merror[39m  Unexpected any. Specify a different type  [2m@typescript-eslint/no-explicit-any[22m[0m
[0m   [2m84:17[22m  [31merror[39m  Unexpected any. Specify a different type  [2m@typescript-eslint/no-explicit-any[22m[0m
[0m   [2m87:33[22m  [31merror[39m  Unexpected any. Specify a different type  [2m@typescript-eslint/no-explicit-any[22m[0m
[0m   [2m92:52[22m  [31merror[39m  Unexpected any. Specify a different type  [2m@typescript-eslint/no-explicit-any[22m[0m
[0m   [2m92:81[22m  [31merror[39m  Unexpected any. Specify a different type  [2m@typescript-eslint/no-explicit-any[22m[0m
[0m  [2m245:75[22m  [31merror[39m  Unexpected any. Specify a different type  [2m@typescript-eslint/no-explicit-any[22m[0m
[0m  [2m246:75[22m  [31merror[39m  Unexpected any. Specify a different type  [2m@typescript-eslint/no-explicit-any[22m[0m
[0m  [2m247:75[22m  [31merror[39m  Unexpected any. Specify a different type  [2m@typescript-eslint/no-explicit-any[22m[0m
[0m[0m
[0m[4mc:\AI\Git\training\HomeHealth\Policies_and_Procedures_V2\.wtpreview\preiframe\src\v6\screens\pageviews\WorkflowsScreen.tsx[24m[0m
[0m   [2m31:45[22m  [31merror[39m  Unexpected any. Specify a different type  [2m@typescript-eslint/no-explicit-any[22m[0m
[0m   [2m32:56[22m  [31merror[39m  Unexpected any. Specify a different type  [2m@typescript-eslint/no-explicit-any[22m[0m
[0m   [2m53:87[22m  [31merror[39m  Unexpected any. Specify a different type  [2m@typescript-eslint/no-explicit-any[22m[0m
[0m   [2m89:13[22m  [31merror[39m  Unexpected any. Specify a different type  [2m@typescript-eslint/no-explicit-any[22m[0m
[0m  [2m148:21[22m  [31merror[39m  Unexpected any. Specify a different type  [2m@typescript-eslint/no-explicit-any[22m[0m
[0m[0m
[0m[4mc:\AI\Git\training\HomeHealth\Policies_and_Procedures_V2\.wtpreview\preiframe\src\v6\shell\Sidebar.tsx[24m[0m
[0m  [2m11:39[22m  [31merror[39m  Unexpected any. Specify a different type  [2m@typescript-eslint/no-explicit-any[22m[0m
[0m  [2m11:72[22m  [31merror[39m  Unexpected any. Specify a different type  [2m@typescript-eslint/no-explicit-any[22m[0m
[0m  [2m11:85[22m  [31merror[39m  Unexpected any. Specify a different type  [2m@typescript-eslint/no-explicit-any[22m[0m
[0m[0m
[0m[4mc:\AI\Git\training\HomeHealth\Policies_and_Procedures_V2\.wtpreview\preiframe\src\v6\shell\V6Shell.tsx[24m[0m
[0m   [2m89:5[22m   [33mwarning[39m  React Hook useMemo has a missing dependency: 'navIcons'. Either include it or remove the dependency array                                                                                                                                                                                                                                                                                                                                                                                                                                                                                                                                                                                                                                                                                                                                                                                                                                                                                                                                                                                                                                                                     [2mreact-hooks/exhaustive-deps[22m[0m
[0m   [2m93:21[22m  [33mwarning[39m  Error: Calling setState synchronously within an effect can trigger cascading renders[0m
[0m[0m
[0mEffects are intended to synchronize state between React and external systems such as manually updating the DOM, state management libraries, or other platform APIs. In general, the body of an effect should do one or both of the following:[0m
[0m* Update external systems with the latest state from React.[0m
[0m* Subscribe for updates from some external system, calling setState in a callback function when external state changes.[0m
[0m[0m
[0mCalling setState synchronously within an effect body causes cascading renders that can hurt performance, and is not recommended. (https://react.dev/learn/you-might-not-need-an-effect).[0m
[0m[0m
[0mc:\AI\Git\training\HomeHealth\Policies_and_Procedures_V2\.wtpreview\preiframe\src\v6\shell\V6Shell.tsx:93:21[0m
[0m  91 |[0m
[0m  92 |   // Close the nav drawer whenever the route changes.[0m
[0m> 93 |   useEffect(() => { setNavOpen(false); }, [pathname]);[0m
[0m     |                     ^^^^^^^^^^ Avoid calling setState() directly within an effect[0m
[0m  94 |[0m
[0m  95 |   useEffect(() => {[0m
[0m  96 |     let timer: any;                                                       [2mreact-hooks/set-state-in-effect[22m[0m
[0m   [2m96:16[22m  [31merror[39m    Unexpected any. Specify a different type                                                                                                                                                                                                                                                                                                                                                                                                                                                                                                                                                                                                                                                                                                                                                                                                                                                                                                                                                                                                                                                                                                                                      [2m@typescript-eslint/no-explicit-any[22m[0m
[0m  [2m100:7[22m   [33mwarning[39m  Error: Calling setState synchronously within an effect can trigger cascading renders[0m
[0m[0m
[0mEffects are intended to synchronize state between React and external systems such as manually updating the DOM, state management libraries, or other platform APIs. In general, the body of an effect should do one or both of the following:[0m
[0m* Update external systems with the latest state from React.[0m
[0m* Subscribe for updates from some external system, calling setState in a callback function when external state changes.[0m
[0m[0m
[0mCalling setState synchronously within an effect body causes cascading renders that can hurt performance, and is not recommended. (https://react.dev/learn/you-might-not-need-an-effect).[0m
[0m[0m
[0mc:\AI\Git\training\HomeHealth\Policies_and_Procedures_V2\.wtpreview\preiframe\src\v6\shell\V6Shell.tsx:100:7[0m
[0m   98 |[0m
[0m   99 |     if (isPersonalOpsOpen) {[0m
[0m> 100 |       setRenderPersonalPanel(true);[0m
[0m      |       ^^^^^^^^^^^^^^^^^^^^^^ Avoid calling setState() directly within an effect[0m
[0m  101 |       frame = window.requestAnimationFrame(() => setPersonalPanelVisible(true));[0m
[0m  102 |     } else {[0m
[0m  103 |       setPersonalPanelVisible(false);  [2mreact-hooks/set-state-in-effect[22m[0m
[0m  [2m143:7[22m   [33mwarning[39m  Error: Calling setState synchronously within an effect can trigger cascading renders[0m
[0m[0m
[0mEffects are intended to synchronize state between React and external systems such as manually updating the DOM, state management libraries, or other platform APIs. In general, the body of an effect should do one or both of the following:[0m
[0m* Update external systems with the latest state from React.[0m
[0m* Subscribe for updates from some external system, calling setState in a callback function when external state changes.[0m
[0m[0m
[0mCalling setState synchronously within an effect body causes cascading renders that can hurt performance, and is not recommended. (https://react.dev/learn/you-might-not-need-an-effect).[0m
[0m[0m
[0mc:\AI\Git\training\HomeHealth\Policies_and_Procedures_V2\.wtpreview\preiframe\src\v6\shell\V6Shell.tsx:143:7[0m
[0m  141 |[0m
[0m  142 |     if (feedbackOpen) {[0m
[0m> 143 |       setRenderFeedbackPanel(true);[0m
[0m      |       ^^^^^^^^^^^^^^^^^^^^^^ Avoid calling setState() directly within an effect[0m
[0m  144 |       frame = window.requestAnimationFrame(() => setFeedbackPanelVisible(true));[0m
[0m  145 |     } else {[0m
[0m  146 |       setFeedbackPanelVisible(false);       [2mreact-hooks/set-state-in-effect[22m[0m
[0m[0m
[0m[4mc:\AI\Git\training\HomeHealth\Policies_and_Procedures_V2\.wtpreview\preiframe\tmp_classify.ts[24m[0m
[0m  [2m27:34[22m  [31merror[39m  Unexpected any. Specify a different type  [2m@typescript-eslint/no-explicit-any[22m[0m
[0m[0m
[0m[4mc:\AI\Git\training\HomeHealth\Policies_and_Procedures_V2\scripts\validateNarrationSync.ts[24m[0m
[0m   [2m11:49[22m  [31merror[39m  'lIdx' is defined but never used. Allowed unused args must match /^_/u               [2m@typescript-eslint/no-unused-vars[22m[0m
[0m   [2m20:30[22m  [31merror[39m  'sIdx' is defined but never used. Allowed unused args must match /^_/u               [2m@typescript-eslint/no-unused-vars[22m[0m
[0m   [2m38:15[22m  [31merror[39m  'cleanSrc' is assigned a value but never used. Allowed unused vars must match /^_/u  [2m@typescript-eslint/no-unused-vars[22m[0m
[0m  [2m105:34[22m  [31merror[39m  'idx' is defined but never used. Allowed unused args must match /^_/u                [2m@typescript-eslint/no-unused-vars[22m[0m
[0m[0m
[0m[4mc:\AI\Git\training\HomeHealth\Policies_and_Procedures_V2\src\policy\brad\useBradWorkflow.ts[24m[0m
[0m  [2m59:6[22m  [33mwarning[39m  React Hook useMemo has a missing dependency: 'runtime'. Either include it or remove the dependency array  [2mreact-hooks/exhaustive-deps[22m[0m
[0m[0m
[0m[4mc:\AI\Git\training\HomeHealth\Policies_and_Procedures_V2\src\policy\ces\cesMasterControlAudit.test.ts[24m[0m
[0m  [2m30:39[22m  [31merror[39m  Unexpected any. Specify a different type  [2m@typescript-eslint/no-explicit-any[22m[0m
[0m  [2m30:74[22m  [31merror[39m  Unexpected any. Specify a different type  [2m@typescript-eslint/no-explicit-any[22m[0m
[0m  [2m71:42[22m  [31merror[39m  Unexpected any. Specify a different type  [2m@typescript-eslint/no-explicit-any[22m[0m
[0m[0m
[0m[4mc:\AI\Git\training\HomeHealth\Policies_and_Procedures_V2\src\policy\ces\cesViewProjections.ts[24m[0m
[0m   [2m46:29[22m   [31merror[39m  Unexpected any. Specify a different type  [2m@typescript-eslint/no-explicit-any[22m[0m
[0m  [2m112:27[22m   [31merror[39m  Unexpected any. Specify a different type  [2m@typescript-eslint/no-explicit-any[22m[0m
[0m  [2m588:22[22m   [31merror[39m  Unexpected any. Specify a different type  [2m@typescript-eslint/no-explicit-any[22m[0m
[0m  [2m592:72[22m   [31merror[39m  Unexpected any. Specify a different type  [2m@typescript-eslint/no-explicit-any[22m[0m
[0m  [2m592:89[22m   [31merror[39m  Unexpected any. Specify a different type  [2m@typescript-eslint/no-explicit-any[22m[0m
[0m  [2m594:26[22m   [31merror[39m  Unexpected any. Specify a different type  [2m@typescript-eslint/no-explicit-any[22m[0m
[0m  [2m595:26[22m   [31merror[39m  Unexpected any. Specify a different type  [2m@typescript-eslint/no-explicit-any[22m[0m
[0m  [2m597:17[22m   [31merror[39m  Empty block statement                     [2mno-empty[22m[0m
[0m  [2m608:38[22m   [31merror[39m  Unexpected any. Specify a different type  [2m@typescript-eslint/no-explicit-any[22m[0m
[0m  [2m634:80[22m   [31merror[39m  Unexpected any. Specify a different type  [2m@typescript-eslint/no-explicit-any[22m[0m
[0m  [2m634:129[22m  [31merror[39m  Unexpected any. Specify a different type  [2m@typescript-eslint/no-explicit-any[22m[0m
[0m  [2m672:43[22m   [31merror[39m  Unexpected any. Specify a different type  [2m@typescript-eslint/no-explicit-any[22m[0m
[0m  [2m674:59[22m   [31merror[39m  Unexpected any. Specify a different type  [2m@typescript-eslint/no-explicit-any[22m[0m
[0m  [2m688:43[22m   [31merror[39m  Unexpected any. Specify a different type  [2m@typescript-eslint/no-explicit-any[22m[0m
[0m  [2m690:39[22m   [31merror[39m  Unexpected any. Specify a different type  [2m@typescript-eslint/no-explicit-any[22m[0m
[0m  [2m691:38[22m   [31merror[39m  Unexpected any. Specify a different type  [2m@typescript-eslint/no-explicit-any[22m[0m
[0m  [2m702:37[22m   [31merror[39m  Unexpected any. Specify a different type  [2m@typescript-eslint/no-explicit-any[22m[0m
[0m  [2m704:38[22m   [31merror[39m  Unexpected any. Specify a different type  [2m@typescript-eslint/no-explicit-any[22m[0m
[0m  [2m705:36[22m   [31merror[39m  Unexpected any. Specify a different type  [2m@typescript-eslint/no-explicit-any[22m[0m
[0m  [2m706:37[22m   [31merror[39m  Unexpected any. Specify a different type  [2m@typescript-eslint/no-explicit-any[22m[0m
[0m  [2m722:37[22m   [31merror[39m  Unexpected any. Specify a different type  [2m@typescript-eslint/no-explicit-any[22m[0m
[0m  [2m752:30[22m   [31merror[39m  Unexpected any. Specify a different type  [2m@typescript-eslint/no-explicit-any[22m[0m
[0m  [2m759:37[22m   [31merror[39m  Unexpected any. Specify a different type  [2m@typescript-eslint/no-explicit-any[22m[0m
[0m  [2m761:38[22m   [31merror[39m  Unexpected any. Specify a different type  [2m@typescript-eslint/no-explicit-any[22m[0m
[0m  [2m762:36[22m   [31merror[39m  Unexpected any. Specify a different type  [2m@typescript-eslint/no-explicit-any[22m[0m
[0m  [2m765:29[22m   [31merror[39m  Unexpected any. Specify a different type  [2m@typescript-eslint/no-explicit-any[22m[0m
[0m  [2m847:14[22m   [31merror[39m  Unexpected any. Specify a different type  [2m@typescript-eslint/no-explicit-any[22m[0m
[0m  [2m851:48[22m   [31merror[39m  Unexpected any. Specify a different type  [2m@typescript-eslint/no-explicit-any[22m[0m
[0m  [2m851:62[22m   [31merror[39m  Unexpected any. Specify a different type  [2m@typescript-eslint/no-explicit-any[22m[0m
[0m  [2m851:93[22m   [31merror[39m  Unexpected any. Specify a different type  [2m@typescript-eslint/no-explicit-any[22m[0m
[0m  [2m854:56[22m   [31merror[39m  Unexpected any. Specify a different type  [2m@typescript-eslint/no-explicit-any[22m[0m
[0m[0m
[0m[4mc:\AI\Git\training\HomeHealth\Policies_and_Procedures_V2\src\policy\ces\data\V3_CES_SeedData.ts[24m[0m
[0m  [2m1:1[22m  [33mwarning[39m  Do not use "@ts-nocheck" because it alters compilation errors  [2m@typescript-eslint/ban-ts-comment[22m[0m
[0m[0m
[0m[4mc:\AI\Git\training\HomeHealth\Policies_and_Procedures_V2\src\policy\ces\data\V3_CES_SnapshotBuilder.ts[24m[0m
[0m  [2m1:1[22m  [33mwarning[39m  Do not use "@ts-nocheck" because it alters compilation errors  [2m@typescript-eslint/ban-ts-comment[22m[0m
[0m[0m
[0m[4mc:\AI\Git\training\HomeHealth\Policies_and_Procedures_V2\src\policy\ecign\useEcignInstance.ts[24m[0m
[0m  [2m211:6[22m  [33mwarning[39m  React Hook useEffect has missing dependencies: 'args.signerRequirements' and 'args.signerSlots'. Either include them or remove the dependency array  [2mreact-hooks/exhaustive-deps[22m[0m
[0m[0m
[0m[4mc:\AI\Git\training\HomeHealth\Policies_and_Procedures_V2\src\policy\journey\data\ACHC_Annual_Assembled.ts[24m[0m
[0m  [2m3126:374[22m  [31merror[39m  Unnecessary escape character: \'          [2mno-useless-escape[22m[0m
[0m  [2m3297:148[22m  [31merror[39m  Unexpected any. Specify a different type  [2m@typescript-eslint/no-explicit-any[22m[0m
[0m[0m
[0m[4mc:\AI\Git\training\HomeHealth\Policies_and_Procedures_V2\src\policy\journey\data\contentV2Adapter.ts[24m[0m
[0m   [2m28:16[22m  [31merror[39m  Unexpected any. Specify a different type  [2m@typescript-eslint/no-explicit-any[22m[0m
[0m  [2m169:37[22m  [31merror[39m  Unexpected any. Specify a different type  [2m@typescript-eslint/no-explicit-any[22m[0m
[0m  [2m176:32[22m  [31merror[39m  Unexpected any. Specify a different type  [2m@typescript-eslint/no-explicit-any[22m[0m
[0m  [2m181:35[22m  [31merror[39m  Unexpected any. Specify a different type  [2m@typescript-eslint/no-explicit-any[22m[0m
[0m  [2m184:20[22m  [31merror[39m  Unexpected any. Specify a different type  [2m@typescript-eslint/no-explicit-any[22m[0m
[0m  [2m343:45[22m  [31merror[39m  Unexpected any. Specify a different type  [2m@typescript-eslint/no-explicit-any[22m[0m
[0m  [2m509:18[22m  [31merror[39m  Unexpected any. Specify a different type  [2m@typescript-eslint/no-explicit-any[22m[0m
[0m  [2m510:30[22m  [31merror[39m  Unexpected any. Specify a different type  [2m@typescript-eslint/no-explicit-any[22m[0m
[0m[0m
[0m[4mc:\AI\Git\training\HomeHealth\Policies_and_Procedures_V2\src\policy\journey\data\lessonModel.ts[24m[0m
[0m  [2m32:11[22m  [31merror[39m  Unexpected any. Specify a different type  [2m@typescript-eslint/no-explicit-any[22m[0m
[0m[0m
[0m[4mc:\AI\Git\training\HomeHealth\Policies_and_Procedures_V2\src\policy\pm\taskProjection.ts[24m[0m
[0m  [2m65:5[22m  [33mwarning[39m  React Hook useMemo has a missing dependency: 'sprintWindow'. Either include it or remove the dependency array  [2mreact-hooks/exhaustive-deps[22m[0m
[0m[0m
[0m[4mc:\AI\Git\training\HomeHealth\Policies_and_Procedures_V2\src\policy\security\features\useFeatureAccess.ts[24m[0m
[0m  [2m62:7[22m  [33mwarning[39m  React Hook useMemo has unnecessary dependencies: 'assignmentsRev' and 'usersRev'. Either exclude them or remove the dependency array  [2mreact-hooks/exhaustive-deps[22m[0m
[0m[0m
[0m[4mc:\AI\Git\training\HomeHealth\Policies_and_Procedures_V2\src\policy\services\policyLinkService.ts[24m[0m
[0m  [2m18:25[22m  [31merror[39m  'getCorpusPolicy' is defined but never used. Allowed unused vars must match /^_/u  [2m@typescript-eslint/no-unused-vars[22m[0m
[0m[0m
[0m[4mc:\AI\Git\training\HomeHealth\Policies_and_Procedures_V2\src\policy\stores\regulatoryExecutionStore.ts[24m[0m
[0m    [2m46:18[22m  [31merror[39m  Unexpected any. Specify a different type  [2m@typescript-eslint/no-explicit-any[22m[0m
[0m   [2m949:40[22m  [31merror[39m  Unexpected any. Specify a different type  [2m@typescript-eslint/no-explicit-any[22m[0m
[0m   [2m950:40[22m  [31merror[39m  Unexpected any. Specify a different type  [2m@typescript-eslint/no-explicit-any[22m[0m
[0m   [2m951:42[22m  [31merror[39m  Unexpected any. Specify a different type  [2m@typescript-eslint/no-explicit-any[22m[0m
[0m   [2m952:44[22m  [31merror[39m  Unexpected any. Specify a different type  [2m@typescript-eslint/no-explicit-any[22m[0m
[0m  [2m2343:45[22m  [31merror[39m  Unexpected any. Specify a different type  [2m@typescript-eslint/no-explicit-any[22m[0m
[0m[0m
[0m[4mc:\AI\Git\training\HomeHealth\Policies_and_Procedures_V2\src\policy\workflows\swimlanes\buildSwimlaneFromWorkflow.ts[24m[0m
[0m  [2m29:65[22m  [31merror[39m  Unexpected any. Specify a different type  [2m@typescript-eslint/no-explicit-any[22m[0m
[0m[0m
[0m[4mc:\AI\Git\training\HomeHealth\Policies_and_Procedures_V2\src\policy\workflows\swimlanes\buildWorkflowSwimlaneCardsForCes.ts[24m[0m
[0m   [2m21:12[22m   [31merror[39m  Unexpected any. Specify a different type  [2m@typescript-eslint/no-explicit-any[22m[0m
[0m   [2m24:72[22m   [31merror[39m  Unexpected any. Specify a different type  [2m@typescript-eslint/no-explicit-any[22m[0m
[0m   [2m24:91[22m   [31merror[39m  Unexpected any. Specify a different type  [2m@typescript-eslint/no-explicit-any[22m[0m
[0m   [2m82:40[22m   [31merror[39m  Unexpected any. Specify a different type  [2m@typescript-eslint/no-explicit-any[22m[0m
[0m   [2m82:48[22m   [31merror[39m  Unexpected any. Specify a different type  [2m@typescript-eslint/no-explicit-any[22m[0m
[0m   [2m83:35[22m   [31merror[39m  Unexpected any. Specify a different type  [2m@typescript-eslint/no-explicit-any[22m[0m
[0m  [2m110:126[22m  [31merror[39m  Unexpected any. Specify a different type  [2m@typescript-eslint/no-explicit-any[22m[0m
[0m[0m
[0m[4mc:\AI\Git\training\HomeHealth\Policies_and_Procedures_V2\src\policy\workflows\swimlanes\useSwimlaneModalPosition.ts[24m[0m
[0m  [2m41:7[22m  [33mwarning[39m  Error: Calling setState synchronously within an effect can trigger cascading renders[0m
[0m[0m
[0mEffects are intended to synchronize state between React and external systems such as manually updating the DOM, state management libraries, or other platform APIs. In general, the body of an effect should do one or both of the following:[0m
[0m* Update external systems with the latest state from React.[0m
[0m* Subscribe for updates from some external system, calling setState in a callback function when external state changes.[0m
[0m[0m
[0mCalling setState synchronously within an effect body causes cascading renders that can hurt performance, and is not recommended. (https://react.dev/learn/you-might-not-need-an-effect).[0m
[0m[0m
[0mc:\AI\Git\training\HomeHealth\Policies_and_Procedures_V2\src\policy\workflows\swimlanes\useSwimlaneModalPosition.ts:41:7[0m
[0m  39 |     if (!active) {[0m
[0m  40 |       lockedRectRef.current = null;[0m
[0m> 41 |       setWorkspaceRect(null);[0m
[0m     |       ^^^^^^^^^^^^^^^^ Avoid calling setState() directly within an effect[0m
[0m  42 |       return undefined;[0m
[0m  43 |     }[0m
[0m  44 |  [2mreact-hooks/set-state-in-effect[22m[0m
[0m[0m
[0m[4mc:\AI\Git\training\HomeHealth\Policies_and_Procedures_V2\src\services\mockBradEngine.ts[24m[0m
[0m  [2m622:115[22m  [31merror[39m  Unexpected any. Specify a different type  [2m@typescript-eslint/no-explicit-any[22m[0m
[0m[0m
[0m[4mc:\AI\Git\training\HomeHealth\Policies_and_Procedures_V2\src\v6\components\VeilDrawer.tsx[24m[0m
[0m  [2m31:7[22m  [33mwarning[39m  Error: Calling setState synchronously within an effect can trigger cascading renders[0m
[0m[0m
[0mEffects are intended to synchronize state between React and external systems such as manually updating the DOM, state management libraries, or other platform APIs. In general, the body of an effect should do one or both of the following:[0m
[0m* Update external systems with the latest state from React.[0m
[0m* Subscribe for updates from some external system, calling setState in a callback function when external state changes.[0m
[0m[0m
[0mCalling setState synchronously within an effect body causes cascading renders that can hurt performance, and is not recommended. (https://react.dev/learn/you-might-not-need-an-effect).[0m
[0m[0m
[0mc:\AI\Git\training\HomeHealth\Policies_and_Procedures_V2\src\v6\components\VeilDrawer.tsx:31:7[0m
[0m  29 |   useEffect(() => {[0m
[0m  30 |     if (open) {[0m
[0m> 31 |       setMounted(true);[0m
[0m     |       ^^^^^^^^^^ Avoid calling setState() directly within an effect[0m
[0m  32 |       const frame = window.requestAnimationFrame(() => setVisible(true));[0m
[0m  33 |       return () => window.cancelAnimationFrame(frame);[0m
[0m  34 |     }  [2mreact-hooks/set-state-in-effect[22m[0m
[0m[0m
[0m[4mc:\AI\Git\training\HomeHealth\Policies_and_Procedures_V2\src\v6\components\controlled-vertex-ai-compliance-review-harness\server.ts[24m[0m
[0m    [2m49:5[22m    [31merror[39m  'complianceConfig' is never reassigned. Use 'const' instead                   [2mprefer-const[22m[0m
[0m    [2m82:9[22m    [31merror[39m  Unexpected any. Specify a different type                                      [2m@typescript-eslint/no-explicit-any[22m[0m
[0m    [2m88:73[22m   [31merror[39m  Unexpected any. Specify a different type                                      [2m@typescript-eslint/no-explicit-any[22m[0m
[0m   [2m110:72[22m   [31merror[39m  Unexpected any. Specify a different type                                      [2m@typescript-eslint/no-explicit-any[22m[0m
[0m   [2m124:16[22m   [31merror[39m  'e' is defined but never used. Allowed unused caught errors must match /^_/u  [2m@typescript-eslint/no-unused-vars[22m[0m
[0m   [2m191:20[22m   [31merror[39m  Unexpected any. Specify a different type                                      [2m@typescript-eslint/no-explicit-any[22m[0m
[0m   [2m642:25[22m   [31merror[39m  'req' is defined but never used. Allowed unused args must match /^_/u         [2m@typescript-eslint/no-unused-vars[22m[0m
[0m   [2m647:28[22m   [31merror[39m  'req' is defined but never used. Allowed unused args must match /^_/u         [2m@typescript-eslint/no-unused-vars[22m[0m
[0m   [2m678:63[22m   [31merror[39m  Unexpected any. Specify a different type                                      [2m@typescript-eslint/no-explicit-any[22m[0m
[0m   [2m730:29[22m   [31merror[39m  'req' is defined but never used. Allowed unused args must match /^_/u         [2m@typescript-eslint/no-unused-vars[22m[0m
[0m   [2m803:19[22m   [31merror[39m  Unexpected any. Specify a different type                                      [2m@typescript-eslint/no-explicit-any[22m[0m
[0m   [2m813:22[22m   [31merror[39m  Unexpected any. Specify a different type                                      [2m@typescript-eslint/no-explicit-any[22m[0m
[0m   [2m823:24[22m   [31merror[39m  Unexpected any. Specify a different type                                      [2m@typescript-eslint/no-explicit-any[22m[0m
[0m   [2m890:62[22m   [31merror[39m  Unexpected any. Specify a different type                                      [2m@typescript-eslint/no-explicit-any[22m[0m
[0m  [2m1036:23[22m   [31merror[39m  Unexpected any. Specify a different type                                      [2m@typescript-eslint/no-explicit-any[22m[0m
[0m  [2m1070:20[22m   [31merror[39m  'e' is defined but never used. Allowed unused caught errors must match /^_/u  [2m@typescript-eslint/no-unused-vars[22m[0m
[0m  [2m1086:27[22m   [31merror[39m  Unexpected any. Specify a different type                                      [2m@typescript-eslint/no-explicit-any[22m[0m
[0m  [2m1236:26[22m   [31merror[39m  Unexpected any. Specify a different type                                      [2m@typescript-eslint/no-explicit-any[22m[0m
[0m  [2m1322:142[22m  [31merror[39m  Unnecessary escape character: \-                                              [2mno-useless-escape[22m[0m
[0m  [2m1322:144[22m  [31merror[39m  Unnecessary escape character: \*                                              [2mno-useless-escape[22m[0m
[0m  [2m1342:32[22m   [31merror[39m  Unexpected any. Specify a different type                                      [2m@typescript-eslint/no-explicit-any[22m[0m
[0m  [2m1467:17[22m   [31merror[39m  'req' is defined but never used. Allowed unused args must match /^_/u         [2m@typescript-eslint/no-unused-vars[22m[0m
[0m[0m
[0m[4mc:\AI\Git\training\HomeHealth\Policies_and_Procedures_V2\src\v6\components\controlled-vertex-ai-compliance-review-harness\src\App.tsx[24m[0m
[0m    [2m7:3[22m   [31merror[39m  'XCircle' is defined but never used. Allowed unused vars must match /^_/u          [2m@typescript-eslint/no-unused-vars[22m[0m
[0m   [2m12:3[22m   [31merror[39m  'Activity' is defined but never used. Allowed unused vars must match /^_/u         [2m@typescript-eslint/no-unused-vars[22m[0m
[0m   [2m18:3[22m   [31merror[39m  'FileSpreadsheet' is defined but never used. Allowed unused vars must match /^_/u  [2m@typescript-eslint/no-unused-vars[22m[0m
[0m   [2m21:3[22m   [31merror[39m  'Globe' is defined but never used. Allowed unused vars must match /^_/u            [2m@typescript-eslint/no-unused-vars[22m[0m
[0m   [2m22:3[22m   [31merror[39m  'Trash' is defined but never used. Allowed unused vars must match /^_/u            [2m@typescript-eslint/no-unused-vars[22m[0m
[0m   [2m70:9[22m   [31merror[39m  Unexpected any. Specify a different type                                           [2m@typescript-eslint/no-explicit-any[22m[0m
[0m  [2m134:46[22m  [31merror[39m  Unexpected any. Specify a different type                                           [2m@typescript-eslint/no-explicit-any[22m[0m
[0m  [2m180:14[22m  [31merror[39m  'e' is defined but never used. Allowed unused caught errors must match /^_/u       [2m@typescript-eslint/no-unused-vars[22m[0m
[0m  [2m199:14[22m  [31merror[39m  'e' is defined but never used. Allowed unused caught errors must match /^_/u       [2m@typescript-eslint/no-unused-vars[22m[0m
[0m  [2m220:14[22m  [31merror[39m  'e' is defined but never used. Allowed unused caught errors must match /^_/u       [2m@typescript-eslint/no-unused-vars[22m[0m
[0m  [2m233:14[22m  [31merror[39m  'e' is defined but never used. Allowed unused caught errors must match /^_/u       [2m@typescript-eslint/no-unused-vars[22m[0m
[0m  [2m247:14[22m  [31merror[39m  'e' is defined but never used. Allowed unused caught errors must match /^_/u       [2m@typescript-eslint/no-unused-vars[22m[0m
[0m  [2m272:14[22m  [31merror[39m  'e' is defined but never used. Allowed unused caught errors must match /^_/u       [2m@typescript-eslint/no-unused-vars[22m[0m
[0m  [2m300:14[22m  [31merror[39m  'err' is defined but never used. Allowed unused caught errors must match /^_/u     [2m@typescript-eslint/no-unused-vars[22m[0m
[0m  [2m319:14[22m  [31merror[39m  'e' is defined but never used. Allowed unused caught errors must match /^_/u       [2m@typescript-eslint/no-unused-vars[22m[0m
[0m  [2m364:14[22m  [31merror[39m  'e' is defined but never used. Allowed unused caught errors must match /^_/u       [2m@typescript-eslint/no-unused-vars[22m[0m
[0m[0m
[0m[4mc:\AI\Git\training\HomeHealth\Policies_and_Procedures_V2\src\v6\guided\GuidedTourRunner.tsx[24m[0m
[0m   [2m77:5[22m   [33mwarning[39m  Error: Calling setState synchronously within an effect can trigger cascading renders[0m
[0m[0m
[0mEffects are intended to synchronize state between React and external systems such as manually updating the DOM, state management libraries, or other platform APIs. In general, the body of an effect should do one or both of the following:[0m
[0m* Update external systems with the latest state from React.[0m
[0m* Subscribe for updates from some external system, calling setState in a callback function when external state changes.[0m
[0m[0m
[0mCalling setState synchronously within an effect body causes cascading renders that can hurt performance, and is not recommended. (https://react.dev/learn/you-might-not-need-an-effect).[0m
[0m[0m
[0mc:\AI\Git\training\HomeHealth\Policies_and_Procedures_V2\src\v6\guided\GuidedTourRunner.tsx:77:5[0m
[0m  75 |   useLayoutEffect(() => {[0m
[0m  76 |     if (!active || !step) return undefined;[0m
[0m> 77 |     recompute();[0m
[0m     |     ^^^^^^^^^ Avoid calling setState() directly within an effect[0m
[0m  78 |     const id = window.setInterval(recompute, 150);[0m
[0m  79 |     window.addEventListener('resize', recompute);[0m
[0m  80 |     window.addEventListener('scroll', recompute, true);                                                                    [2mreact-hooks/set-state-in-effect[22m[0m
[0m  [2m100:21[22m  [33mwarning[39m  Error: Calling setState synchronously within an effect can trigger cascading renders[0m
[0m[0m
[0mEffects are intended to synchronize state between React and external systems such as manually updating the DOM, state management libraries, or other platform APIs. In general, the body of an effect should do one or both of the following:[0m
[0m* Update external systems with the latest state from React.[0m
[0m* Subscribe for updates from some external system, calling setState in a callback function when external state changes.[0m
[0m[0m
[0mCalling setState synchronously within an effect body causes cascading renders that can hurt performance, and is not recommended. (https://react.dev/learn/you-might-not-need-an-effect).[0m
[0m[0m
[0mc:\AI\Git\training\HomeHealth\Policies_and_Procedures_V2\src\v6\guided\GuidedTourRunner.tsx:100:21[0m
[0m   98 |[0m
[0m   99 |   // Reset Escape-confirm on step change.[0m
[0m> 100 |   useEffect(() => { setEscConfirm(false); }, [currentStepIndex, active]);[0m
[0m      |                     ^^^^^^^^^^^^^ Avoid calling setState() directly within an effect[0m
[0m  101 |[0m
[0m  102 |   // Auto-complete on entry: if the step's state is ALREADY satisfied (route match[0m
[0m  103 |   // or a readable predicate), validate immediately so the user is never stuck on  [2mreact-hooks/set-state-in-effect[22m[0m
[0m[0m
[0m[4mc:\AI\Git\training\HomeHealth\Policies_and_Procedures_V2\src\v6\screens\RepresentativeScreens.tsx[24m[0m
[0m   [2m878:14[22m   [31merror[39m    Unexpected any. Specify a different type                                                                                                                                                                                                                                                                                                                                                                                                                                                                                                                                                                                                                                                                                                                                                                                                                                                                                                                                                                                                                                                                                                                                                                                                                                                                                                                                                          [2m@typescript-eslint/no-explicit-any[22m[0m
[0m   [2m938:45[22m   [31merror[39m    Unexpected any. Specify a different type                                                                                                                                                                                                                                                                                                                                                                                                                                                                                                                                                                                                                                                                                                                                                                                                                                                                                                                                                                                                                                                                                                                                                                                                                                                                                                                                                          [2m@typescript-eslint/no-explicit-any[22m[0m
[0m  [2m1067:29[22m   [31merror[39m    Unexpected any. Specify a different type                                                                                                                                                                                                                                                                                                                                                                                                                                                                                                                                                                                                                                                                                                                                                                                                                                                                                                                                                                                                                                                                                                                                                                                                                                                                                                                                                          [2m@typescript-eslint/no-explicit-any[22m[0m
[0m  [2m1076:75[22m   [31merror[39m    Unexpected any. Specify a different type                                                                                                                                                                                                                                                                                                                                                                                                                                                                                                                                                                                                                                                                                                                                                                                                                                                                                                                                                                                                                                                                                                                                                                                                                                                                                                                                                          [2m@typescript-eslint/no-explicit-any[22m[0m
[0m  [2m1084:68[22m   [31merror[39m    Unexpected any. Specify a different type                                                                                                                                                                                                                                                                                                                                                                                                                                                                                                                                                                                                                                                                                                                                                                                                                                                                                                                                                                                                                                                                                                                                                                                                                                                                                                                                                          [2m@typescript-eslint/no-explicit-any[22m[0m
[0m  [2m1515:20[22m   [31merror[39m    Unexpected any. Specify a different type                                                                                                                                                                                                                                                                                                                                                                                                                                                                                                                                                                                                                                                                                                                                                                                                                                                                                                                                                                                                                                                                                                                                                                                                                                                                                                                                                          [2m@typescript-eslint/no-explicit-any[22m[0m
[0m  [2m1516:17[22m   [31merror[39m    Unexpected any. Specify a different type                                                                                                                                                                                                                                                                                                                                                                                                                                                                                                                                                                                                                                                                                                                                                                                                                                                                                                                                                                                                                                                                                                                                                                                                                                                                                                                                                          [2m@typescript-eslint/no-explicit-any[22m[0m
[0m  [2m1524:20[22m   [31merror[39m    Unexpected any. Specify a different type                                                                                                                                                                                                                                                                                                                                                                                                                                                                                                                                                                                                                                                                                                                                                                                                                                                                                                                                                                                                                                                                                                                                                                                                                                                                                                                                                          [2m@typescript-eslint/no-explicit-any[22m[0m
[0m  [2m1525:17[22m   [31merror[39m    Unexpected any. Specify a different type                                                                                                                                                                                                                                                                                                                                                                                                                                                                                                                                                                                                                                                                                                                                                                                                                                                                                                                                                                                                                                                                                                                                                                                                                                                                                                                                                          [2m@typescript-eslint/no-explicit-any[22m[0m
[0m  [2m1871:45[22m   [31merror[39m    React Hook "useState" is called conditionally. React Hooks must be called in the exact same order in every component render. Did you accidentally call a React Hook after an early return?                                                                                                                                                                                                                                                                                                                                                                                                                                                                                                                                                                                                                                                                                                                                                                                                                                                                                                                                                                                                                                                                                                                                                                                                        [2mreact-hooks/rules-of-hooks[22m[0m
[0m  [2m1881:3[22m    [31merror[39m    React Hook "useEffect" is called conditionally. React Hooks must be called in the exact same order in every component render. Did you accidentally call a React Hook after an early return?                                                                                                                                                                                                                                                                                                                                                                                                                                                                                                                                                                                                                                                                                                                                                                                                                                                                                                                                                                                                                                                                                                                                                                                                       [2mreact-hooks/rules-of-hooks[22m[0m
[0m  [2m1894:6[22m    [33mwarning[39m  React Hook useEffect has a missing dependency: 'wrapped'. Either include it or remove the dependency array                                                                                                                                                                                                                                                                                                                                                                                                                                                                                                                                                                                                                                                                                                                                                                                                                                                                                                                                                                                                                                                                                                                                                                                                                                                                                        [2mreact-hooks/exhaustive-deps[22m[0m
[0m  [2m2608:9[22m    [33mwarning[39m  The 'cesMonthOptions' conditional could make the dependencies of useEffect Hook (at line 2853) change on every render. To fix this, wrap the initialization of 'cesMonthOptions' in its own useMemo() Hook                                                                                                                                                                                                                                                                                                                                                                                                                                                                                                                                                                                                                                                                                                                                                                                                                                                                                                                                                                                                                                                                                                                                                                                        [2mreact-hooks/exhaustive-deps[22m[0m
[0m  [2m2660:15[22m   [31merror[39m    Unexpected any. Specify a different type                                                                                                                                                                                                                                                                                                                                                                                                                                                                                                                                                                                                                                                                                                                                                                                                                                                                                                                                                                                                                                                                                                                                                                                                                                                                                                                                                          [2m@typescript-eslint/no-explicit-any[22m[0m
[0m  [2m2664:29[22m   [31merror[39m    Unexpected any. Specify a different type                                                                                                                                                                                                                                                                                                                                                                                                                                                                                                                                                                                                                                                                                                                                                                                                                                                                                                                                                                                                                                                                                                                                                                                                                                                                                                                                                          [2m@typescript-eslint/no-explicit-any[22m[0m
[0m  [2m2665:52[22m   [31merror[39m    Unexpected any. Specify a different type                                                                                                                                                                                                                                                                                                                                                                                                                                                                                                                                                                                                                                                                                                                                                                                                                                                                                                                                                                                                                                                                                                                                                                                                                                                                                                                                                          [2m@typescript-eslint/no-explicit-any[22m[0m
[0m  [2m2670:32[22m   [31merror[39m    Unexpected any. Specify a different type                                                                                                                                                                                                                                                                                                                                                                                                                                                                                                                                                                                                                                                                                                                                                                                                                                                                                                                                                                                                                                                                                                                                                                                                                                                                                                                                                          [2m@typescript-eslint/no-explicit-any[22m[0m
[0m  [2m2670:60[22m   [31merror[39m    Unexpected any. Specify a different type                                                                                                                                                                                                                                                                                                                                                                                                                                                                                                                                                                                                                                                                                                                                                                                                                                                                                                                                                                                                                                                                                                                                                                                                                                                                                                                                                          [2m@typescript-eslint/no-explicit-any[22m[0m
[0m  [2m2674:51[22m   [31merror[39m    Unexpected any. Specify a different type                                                                                                                                                                                                                                                                                                                                                                                                                                                                                                                                                                                                                                                                                                                                                                                                                                                                                                                                                                                                                                                                                                                                                                                                                                                                                                                                                          [2m@typescript-eslint/no-explicit-any[22m[0m
[0m  [2m2679:19[22m   [31merror[39m    Empty block statement                                                                                                                                                                                                                                                                                                                                                                                                                                                                                                                                                                                                                                                                                                                                                                                                                                                                                                                                                                                                                                                                                                                                                                                                                                                                                                                                                                             [2mno-empty[22m[0m
[0m  [2m2684:38[22m   [31merror[39m    Unexpected any. Specify a different type                                                                                                                                                                                                                                                                                                                                                                                                                                                                                                                                                                                                                                                                                                                                                                                                                                                                                                                                                                                                                                                                                                                                                                                                                                                                                                                                                          [2m@typescript-eslint/no-explicit-any[22m[0m
[0m  [2m2685:34[22m   [31merror[39m    Unexpected any. Specify a different type                                                                                                                                                                                                                                                                                                                                                                                                                                                                                                                                                                                                                                                                                                                                                                                                                                                                                                                                                                                                                                                                                                                                                                                                                                                                                                                                                          [2m@typescript-eslint/no-explicit-any[22m[0m
[0m  [2m2686:30[22m   [31merror[39m    Unexpected any. Specify a different type                                                                                                                                                                                                                                                                                                                                                                                                                                                                                                                                                                                                                                                                                                                                                                                                                                                                                                                                                                                                                                                                                                                                                                                                                                                                                                                                                          [2m@typescript-eslint/no-explicit-any[22m[0m
[0m  [2m2691:63[22m   [31merror[39m    Unexpected any. Specify a different type                                                                                                                                                                                                                                                                                                                                                                                                                                                                                                                                                                                                                                                                                                                                                                                                                                                                                                                                                                                                                                                                                                                                                                                                                                                                                                                                                          [2m@typescript-eslint/no-explicit-any[22m[0m
[0m  [2m2693:54[22m   [31merror[39m    Unexpected any. Specify a different type                                                                                                                                                                                                                                                                                                                                                                                                                                                                                                                                                                                                                                                                                                                                                                                                                                                                                                                                                                                                                                                                                                                                                                                                                                                                                                                                                          [2m@typescript-eslint/no-explicit-any[22m[0m
[0m  [2m2694:80[22m   [31merror[39m    Unexpected any. Specify a different type                                                                                                                                                                                                                                                                                                                                                                                                                                                                                                                                                                                                                                                                                                                                                                                                                                                                                                                                                                                                                                                                                                                                                                                                                                                                                                                                                          [2m@typescript-eslint/no-explicit-any[22m[0m
[0m  [2m2695:45[22m   [31merror[39m    Unexpected any. Specify a different type                                                                                                                                                                                                                                                                                                                                                                                                                                                                                                                                                                                                                                                                                                                                                                                                                                                                                                                                                                                                                                                                                                                                                                                                                                                                                                                                                          [2m@typescript-eslint/no-explicit-any[22m[0m
[0m  [2m2700:27[22m   [31merror[39m    Unexpected any. Specify a different type                                                                                                                                                                                                                                                                                                                                                                                                                                                                                                                                                                                                                                                                                                                                                                                                                                                                                                                                                                                                                                                                                                                                                                                                                                                                                                                                                          [2m@typescript-eslint/no-explicit-any[22m[0m
[0m  [2m2700:55[22m   [31merror[39m    Unexpected any. Specify a different type                                                                                                                                                                                                                                                                                                                                                                                                                                                                                                                                                                                                                                                                                                                                                                                                                                                                                                                                                                                                                                                                                                                                                                                                                                                                                                                                                          [2m@typescript-eslint/no-explicit-any[22m[0m
[0m  [2m2700:72[22m   [31merror[39m    Unexpected any. Specify a different type                                                                                                                                                                                                                                                                                                                                                                                                                                                                                                                                                                                                                                                                                                                                                                                                                                                                                                                                                                                                                                                                                                                                                                                                                                                                                                                                                          [2m@typescript-eslint/no-explicit-any[22m[0m
[0m  [2m2701:21[22m   [31merror[39m    Unexpected any. Specify a different type                                                                                                                                                                                                                                                                                                                                                                                                                                                                                                                                                                                                                                                                                                                                                                                                                                                                                                                                                                                                                                                                                                                                                                                                                                                                                                                                                          [2m@typescript-eslint/no-explicit-any[22m[0m
[0m  [2m2703:65[22m   [31merror[39m    Unexpected any. Specify a different type                                                                                                                                                                                                                                                                                                                                                                                                                                                                                                                                                                                                                                                                                                                                                                                                                                                                                                                                                                                                                                                                                                                                                                                                                                                                                                                                                          [2m@typescript-eslint/no-explicit-any[22m[0m
[0m  [2m2707:25[22m   [31merror[39m    Unexpected any. Specify a different type                                                                                                                                                                                                                                                                                                                                                                                                                                                                                                                                                                                                                                                                                                                                                                                                                                                                                                                                                                                                                                                                                                                                                                                                                                                                                                                                                          [2m@typescript-eslint/no-explicit-any[22m[0m
[0m  [2m2708:22[22m   [31merror[39m    Unexpected any. Specify a different type                                                                                                                                                                                                                                                                                                                                                                                                                                                                                                                                                                                                                                                                                                                                                                                                                                                                                                                                                                                                                                                                                                                                                                                                                                                                                                                                                          [2m@typescript-eslint/no-explicit-any[22m[0m
[0m  [2m2712:38[22m   [31merror[39m    Unexpected any. Specify a different type                                                                                                                                                                                                                                                                                                                                                                                                                                                                                                                                                                                                                                                                                                                                                                                                                                                                                                                                                                                                                                                                                                                                                                                                                                                                                                                                                          [2m@typescript-eslint/no-explicit-any[22m[0m
[0m  [2m2724:15[22m   [31merror[39m    Empty block statement                                                                                                                                                                                                                                                                                                                                                                                                                                                                                                                                                                                                                                                                                                                                                                                                                                                                                                                                                                                                                                                                                                                                                                                                                                                                                                                                                                             [2mno-empty[22m[0m
[0m  [2m2729:59[22m   [31merror[39m    Unexpected any. Specify a different type                                                                                                                                                                                                                                                                                                                                                                                                                                                                                                                                                                                                                                                                                                                                                                                                                                                                                                                                                                                                                                                                                                                                                                                                                                                                                                                                                          [2m@typescript-eslint/no-explicit-any[22m[0m
[0m  [2m2835:5[22m    [33mwarning[39m  Error: Calling setState synchronously within an effect can trigger cascading renders[0m
[0m[0m
[0mEffects are intended to synchronize state between React and external systems such as manually updating the DOM, state management libraries, or other platform APIs. In general, the body of an effect should do one or both of the following:[0m
[0m* Update external systems with the latest state from React.[0m
[0m* Subscribe for updates from some external system, calling setState in a callback function when external state changes.[0m
[0m[0m
[0mCalling setState synchronously within an effect body causes cascading renders that can hurt performance, and is not recommended. (https://react.dev/learn/you-might-not-need-an-effect).[0m
[0m[0m
[0mc:\AI\Git\training\HomeHealth\Policies_and_Procedures_V2\src\v6\screens\RepresentativeScreens.tsx:2835:5[0m
[0m  2833 |[0m
[0m  2834 |   useEffect(() => {[0m
[0m> 2835 |     setAgendaMode(isCesCalendar ? 'Month' : 'Week');[0m
[0m       |     ^^^^^^^^^^^^^ Avoid calling setState() directly within an effect[0m
[0m  2836 |     if (!requestedEventId) setSelectedEvent(null);[0m
[0m  2837 |     setActiveEventKey(null);[0m
[0m  2838 |     setActiveEventAnchor(null);                                                                                                                                                                                                                                          [2mreact-hooks/set-state-in-effect[22m[0m
[0m  [2m2844:6[22m    [33mwarning[39m  React Hook useEffect has a missing dependency: 'events'. Either include it or remove the dependency array                                                                                                                                                                                                                                                                                                                                                                                                                                                                                                                                                                                                                                                                                                                                                                                                                                                                                                                                                                                                                                                                                                                                                                                                                                                                                         [2mreact-hooks/exhaustive-deps[22m[0m
[0m  [2m2848:51[22m   [33mwarning[39m  Error: Calling setState synchronously within an effect can trigger cascading renders[0m
[0m[0m
[0mEffects are intended to synchronize state between React and external systems such as manually updating the DOM, state management libraries, or other platform APIs. In general, the body of an effect should do one or both of the following:[0m
[0m* Update external systems with the latest state from React.[0m
[0m* Subscribe for updates from some external system, calling setState in a callback function when external state changes.[0m
[0m[0m
[0mCalling setState synchronously within an effect body causes cascading renders that can hurt performance, and is not recommended. (https://react.dev/learn/you-might-not-need-an-effect).[0m
[0m[0m
[0mc:\AI\Git\training\HomeHealth\Policies_and_Procedures_V2\src\v6\screens\RepresentativeScreens.tsx:2848:51[0m
[0m  2846 |   useEffect(() => {[0m
[0m  2847 |     if (!isCesCalendar) return;[0m
[0m> 2848 |     if (cesMonthOptions.includes(requestedMonth)) setCesMonthState(requestedMonth);[0m
[0m       |                                                   ^^^^^^^^^^^^^^^^ Avoid calling setState() directly within an effect[0m
[0m  2849 |     if ([2025, 2026, 2027].includes(requestedYear)) setCesYearState(requestedYear);[0m
[0m  2850 |     if (requestedView === 'calendar' || requestedView === 'sprint' || requestedView === 'events') {[0m
[0m  2851 |       setCesWorkspaceViewState(requestedView);  [2mreact-hooks/set-state-in-effect[22m[0m
[0m  [2m2861:5[22m    [33mwarning[39m  Error: Calling setState synchronously within an effect can trigger cascading renders[0m
[0m[0m
[0mEffects are intended to synchronize state between React and external systems such as manually updating the DOM, state management libraries, or other platform APIs. In general, the body of an effect should do one or both of the following:[0m
[0m* Update external systems with the latest state from React.[0m
[0m* Subscribe for updates from some external system, calling setState in a callback function when external state changes.[0m
[0m[0m
[0mCalling setState synchronously within an effect body causes cascading renders that can hurt performance, and is not recommended. (https://react.dev/learn/you-might-not-need-an-effect).[0m
[0m[0m
[0mc:\AI\Git\training\HomeHealth\Policies_and_Procedures_V2\src\v6\screens\RepresentativeScreens.tsx:2861:5[0m
[0m  2859 |     if (!targetEvent) return;[0m
[0m  2860 |[0m
[0m> 2861 |     setAgendaMode('Month');[0m
[0m       |     ^^^^^^^^^^^^^ Avoid calling setState() directly within an effect[0m
[0m  2862 |     setCesMonth(getEventMonth(targetEvent));[0m
[0m  2863 |     setSelectedEvent(targetEvent);[0m
[0m  2864 |     setActiveEventKey(null);                                                                                                                                                                                                                                                            [2mreact-hooks/set-state-in-effect[22m[0m
[0m  [2m2866:6[22m    [33mwarning[39m  React Hook useEffect has a missing dependency: 'setCesMonth'. Either include it or remove the dependency array                                                                                                                                                                                                                                                                                                                                                                                                                                                                                                                                                                                                                                                                                                                                                                                                                                                                                                                                                                                                                                                                                                                                                                                                                                                                                    [2mreact-hooks/exhaustive-deps[22m[0m
[0m  [2m3345:41[22m   [31merror[39m    Unexpected any. Specify a different type                                                                                                                                                                                                                                                                                                                                                                                                                                                                                                                                                                                                                                                                                                                                                                                                                                                                                                                                                                                                                                                                                                                                                                                                                                                                                                                                                          [2m@typescript-eslint/no-explicit-any[22m[0m
[0m  [2m3379:92[22m   [31merror[39m    Unexpected any. Specify a different type                                                                                                                                                                                                                                                                                                                                                                                                                                                                                                                                                                                                                                                                                                                                                                                                                                                                                                                                                                                                                                                                                                                                                                                                                                                                                                                                                          [2m@typescript-eslint/no-explicit-any[22m[0m
[0m  [2m3380:15[22m   [31merror[39m    Unexpected any. Specify a different type                                                                                                                                                                                                                                                                                                                                                                                                                                                                                                                                                                                                                                                                                                                                                                                                                                                                                                                                                                                                                                                                                                                                                                                                                                                                                                                                                          [2m@typescript-eslint/no-explicit-any[22m[0m
[0m  [2m3381:40[22m   [31merror[39m    Unexpected any. Specify a different type                                                                                                                                                                                                                                                                                                                                                                                                                                                                                                                                                                                                                                                                                                                                                                                                                                                                                                                                                                                                                                                                                                                                                                                                                                                                                                                                                          [2m@typescript-eslint/no-explicit-any[22m[0m
[0m  [2m3382:44[22m   [31merror[39m    Unexpected any. Specify a different type                                                                                                                                                                                                                                                                                                                                                                                                                                                                                                                                                                                                                                                                                                                                                                                                                                                                                                                                                                                                                                                                                                                                                                                                                                                                                                                                                          [2m@typescript-eslint/no-explicit-any[22m[0m
[0m  [2m3413:89[22m   [31merror[39m    Unexpected any. Specify a different type                                                                                                                                                                                                                                                                                                                                                                                                                                                                                                                                                                                                                                                                                                                                                                                                                                                                                                                                                                                                                                                                                                                                                                                                                                                                                                                                                          [2m@typescript-eslint/no-explicit-any[22m[0m
[0m  [2m3417:50[22m   [31merror[39m    Unexpected any. Specify a different type                                                                                                                                                                                                                                                                                                                                                                                                                                                                                                                                                                                                                                                                                                                                                                                                                                                                                                                                                                                                                                                                                                                                                                                                                                                                                                                                                          [2m@typescript-eslint/no-explicit-any[22m[0m
[0m  [2m3474:30[22m   [31merror[39m    Unexpected any. Specify a different type                                                                                                                                                                                                                                                                                                                                                                                                                                                                                                                                                                                                                                                                                                                                                                                                                                                                                                                                                                                                                                                                                                                                                                                                                                                                                                                                                          [2m@typescript-eslint/no-explicit-any[22m[0m
[0m  [2m3474:69[22m   [31merror[39m    Unexpected any. Specify a different type                                                                                                                                                                                                                                                                                                                                                                                                                                                                                                                                                                                                                                                                                                                                                                                                                                                                                                                                                                                                                                                                                                                                                                                                                                                                                                                                                          [2m@typescript-eslint/no-explicit-any[22m[0m
[0m  [2m3474:140[22m  [31merror[39m    Unexpected any. Specify a different type                                                                                                                                                                                                                                                                                                                                                                                                                                                                                                                                                                                                                                                                                                                                                                                                                                                                                                                                                                                                                                                                                                                                                                                                                                                                                                                                                          [2m@typescript-eslint/no-explicit-any[22m[0m
[0m  [2m3476:23[22m   [31merror[39m    Unexpected any. Specify a different type                                                                                                                                                                                                                                                                                                                                                                                                                                                                                                                                                                                                                                                                                                                                                                                                                                                                                                                                                                                                                                                                                                                                                                                                                                                                                                                                                          [2m@typescript-eslint/no-explicit-any[22m[0m
[0m  [2m3476:73[22m   [31merror[39m    Unexpected any. Specify a different type                                                                                                                                                                                                                                                                                                                                                                                                                                                                                                                                                                                                                                                                                                                                                                                                                                                                                                                                                                                                                                                                                                                                                                                                                                                                                                                                                          [2m@typescript-eslint/no-explicit-any[22m[0m
[0m  [2m3478:43[22m   [31merror[39m    Unexpected any. Specify a different type                                                                                                                                                                                                                                                                                                                                                                                                                                                                                                                                                                                                                                                                                                                                                                                                                                                                                                                                                                                                                                                                                                                                                                                                                                                                                                                                                          [2m@typescript-eslint/no-explicit-any[22m[0m
[0m  [2m3479:46[22m   [31merror[39m    Unexpected any. Specify a different type                                                                                                                                                                                                                                                                                                                                                                                                                                                                                                                                                                                                                                                                                                                                                                                                                                                                                                                                                                                                                                                                                                                                                                                                                                                                                                                                                          [2m@typescript-eslint/no-explicit-any[22m[0m
[0m  [2m3483:14[22m   [31merror[39m    Unexpected any. Specify a different type                                                                                                                                                                                                                                                                                                                                                                                                                                                                                                                                                                                                                                                                                                                                                                                                                                                                                                                                                                                                                                                                                                                                                                                                                                                                                                                                                          [2m@typescript-eslint/no-explicit-any[22m[0m
[0m  [2m3487:56[22m   [31merror[39m    Unexpected any. Specify a different type                                                                                                                                                                                                                                                                                                                                                                                                                                                                                                                                                                                                                                                                                                                                                                                                                                                                                                                                                                                                                                                                                                                                                                                                                                                                                                                                                          [2m@typescript-eslint/no-explicit-any[22m[0m
[0m  [2m3629:123[22m  [31merror[39m    Unexpected any. Specify a different type                                                                                                                                                                                                                                                                                                                                                                                                                                                                                                                                                                                                                                                                                                                                                                                                                                                                                                                                                                                                                                                                                                                                                                                                                                                                                                                                                          [2m@typescript-eslint/no-explicit-any[22m[0m
[0m  [2m3630:27[22m   [31merror[39m    Unexpected any. Specify a different type                                                                                                                                                                                                                                                                                                                                                                                                                                                                                                                                                                                                                                                                                                                                                                                                                                                                                                                                                                                                                                                                                                                                                                                                                                                                                                                                                          [2m@typescript-eslint/no-explicit-any[22m[0m
[0m  [2m3640:67[22m   [31merror[39m    Unexpected any. Specify a different type                                                                                                                                                                                                                                                                                                                                                                                                                                                                                                                                                                                                                                                                                                                                                                                                                                                                                                                                                                                                                                                                                                                                                                                                                                                                                                                                                          [2m@typescript-eslint/no-explicit-any[22m[0m
[0m  [2m3649:35[22m   [31merror[39m    Unexpected any. Specify a different type                                                                                                                                                                                                                                                                                                                                                                                                                                                                                                                                                                                                                                                                                                                                                                                                                                                                                                                                                                                                                                                                                                                                                                                                                                                                                                                                                          [2m@typescript-eslint/no-explicit-any[22m[0m
[0m  [2m3650:35[22m   [31merror[39m    Unexpected any. Specify a different type                                                                                                                                                                                                                                                                                                                                                                                                                                                                                                                                                                                                                                                                                                                                                                                                                                                                                                                                                                                                                                                                                                                                                                                                                                                                                                                                                          [2m@typescript-eslint/no-explicit-any[22m[0m
[0m  [2m3658:32[22m   [31merror[39m    Unexpected any. Specify a different type                                                                                                                                                                                                                                                                                                                                                                                                                                                                                                                                                                                                                                                                                                                                                                                                                                                                                                                                                                                                                                                                                                                                                                                                                                                                                                                                                          [2m@typescript-eslint/no-explicit-any[22m[0m
[0m  [2m3658:75[22m   [31merror[39m    Unexpected any. Specify a different type                                                                                                                                                                                                                                                                                                                                                                                                                                                                                                                                                                                                                                                                                                                                                                                                                                                                                                                                                                                                                                                                                                                                                                                                                                                                                                                                                          [2m@typescript-eslint/no-explicit-any[22m[0m
[0m  [2m3667:48[22m   [31merror[39m    Unexpected any. Specify a different type                                                                                                                                                                                                                                                                                                                                                                                                                                                                                                                                                                                                                                                                                                                                                                                                                                                                                                                                                                                                                                                                                                                                                                                                                                                                                                                                                          [2m@typescript-eslint/no-explicit-any[22m[0m
[0m  [2m4000:39[22m   [31merror[39m    React Hook "useState" is called conditionally. React Hooks must be called in the exact same order in every component render                                                                                                                                                                                                                                                                                                                                                                                                                                                                                                                                                                                                                                                                                                                                                                                                                                                                                                                                                                                                                                                                                                                                                                                                                                                                       [2mreact-hooks/rules-of-hooks[22m[0m
[0m  [2m4018:3[22m    [31merror[39m    React Hook "useEffect" is called conditionally. React Hooks must be called in the exact same order in every component render                                                                                                                                                                                                                                                                                                                                                                                                                                                                                                                                                                                                                                                                                                                                                                                                                                                                                                                                                                                                                                                                                                                                                                                                                                                                      [2mreact-hooks/rules-of-hooks[22m[0m
[0m[0m
[0m[4mc:\AI\Git\training\HomeHealth\Policies_and_Procedures_V2\src\v6\screens\brad\BuilderWorkspace.tsx[24m[0m
[0m  [2m272:84[22m  [33mwarning[39m  React Hook useEffect has a missing dependency: 'list'. Either include it or remove the dependency array  [2mreact-hooks/exhaustive-deps[22m[0m
[0m  [2m371:69[22m  [33mwarning[39m  React Hook useEffect has a missing dependency: 's'. Either include it or remove the dependency array     [2mreact-hooks/exhaustive-deps[22m[0m
[0m[0m
[0m[4mc:\AI\Git\training\HomeHealth\Policies_and_Procedures_V2\src\v6\screens\evidence\EvidenceStudio.tsx[24m[0m
[0m  [2m605:147[22m  [33mwarning[39m  Error: Cannot call impure function during render[0m
[0m[0m
[0m`Math.random` is an impure function. Calling an impure function can produce unstable results that update unpredictably when the component happens to re-render. (https://react.dev/reference/rules/components-and-hooks-must-be-pure#components-and-hooks-must-be-idempotent).[0m
[0m[0m
[0mc:\AI\Git\training\HomeHealth\Policies_and_Procedures_V2\src\v6\screens\evidence\EvidenceStudio.tsx:605:147[0m
[0m  603 |                   <div className="text-[10px] font-medium text-gray-500 uppercase tracking-widest mb-2">PACKET ID</div>[0m
[0m  604 |                   <div className="flex gap-2 items-center mb-4">[0m
[0m> 605 |                     <span className="px-4 py-2 bg-white rounded-lg text-sm font-medium border border-gray-200 text-gray-800">PKT_2026_{Math.floor(Math.random() * 1000)}</span>[0m
[0m      |                                                                                                                                                   ^^^^^^^^^^^^^ Cannot call impure function[0m
[0m  606 |                     <button type="button" className="bg-[#007C7A] text-white p-2 rounded-lg shadow hover:bg-teal-800 transition-colors">[0m
[0m  607 |                       <DocIcon />[0m
[0m  608 |                     </button>  [2mreact-hooks/purity[22m[0m
[0m[0m
[0m[4mc:\AI\Git\training\HomeHealth\Policies_and_Procedures_V2\src\v6\screens\evidence\SignatureTracker.tsx[24m[0m
[0m  [2m74:5[22m  [33mwarning[39m  Error: Calling setState synchronously within an effect can trigger cascading renders[0m
[0m[0m
[0mEffects are intended to synchronize state between React and external systems such as manually updating the DOM, state management libraries, or other platform APIs. In general, the body of an effect should do one or both of the following:[0m
[0m* Update external systems with the latest state from React.[0m
[0m* Subscribe for updates from some external system, calling setState in a callback function when external state changes.[0m
[0m[0m
[0mCalling setState synchronously within an effect body causes cascading renders that can hurt performance, and is not recommended. (https://react.dev/learn/you-might-not-need-an-effect).[0m
[0m[0m
[0mc:\AI\Git\training\HomeHealth\Policies_and_Procedures_V2\src\v6\screens\evidence\SignatureTracker.tsx:74:5[0m
[0m  72 |   useEffect(() => {[0m
[0m  73 |     if (!incomingPacketId || !PACKET_ID_RE.test(incomingPacketId)) return;[0m
[0m> 74 |     setPacketId(incomingPacketId);[0m
[0m     |     ^^^^^^^^^^^ Avoid calling setState() directly within an effect[0m
[0m  75 |     setLoadedId(incomingPacketId);[0m
[0m  76 |     setConfirmed(false);[0m
[0m  77 |     const existing = loadAll()[incomingPacketId] ?? null;  [2mreact-hooks/set-state-in-effect[22m[0m
[0m[0m
[0m[4mc:\AI\Git\training\HomeHealth\Policies_and_Procedures_V2\src\v6\screens\pageviews\AIComplianceReviewScreen.tsx[24m[0m
[0m   [2m98:5[22m   [33mwarning[39m  Error: Calling setState synchronously within an effect can trigger cascading renders[0m
[0m[0m
[0mEffects are intended to synchronize state between React and external systems such as manually updating the DOM, state management libraries, or other platform APIs. In general, the body of an effect should do one or both of the following:[0m
[0m* Update external systems with the latest state from React.[0m
[0m* Subscribe for updates from some external system, calling setState in a callback function when external state changes.[0m
[0m[0m
[0mCalling setState synchronously within an effect body causes cascading renders that can hurt performance, and is not recommended. (https://react.dev/learn/you-might-not-need-an-effect).[0m
[0m[0m
[0mc:\AI\Git\training\HomeHealth\Policies_and_Procedures_V2\src\v6\screens\pageviews\AIComplianceReviewScreen.tsx:98:5[0m
[0m   96 |       },[0m
[0m   97 |     ];[0m
[0m>  98 |     setWorkspaces(seed);[0m
[0m      |     ^^^^^^^^^^^^^ Avoid calling setState() directly within an effect[0m
[0m   99 |     setSelectedWorkspaceId('ws-demo-001');[0m
[0m  100 |   }, []);[0m
[0m  101 |                                                                                                   [2mreact-hooks/set-state-in-effect[22m[0m
[0m  [2m110:30[22m  [33mwarning[39m  Error: Calling setState synchronously within an effect can trigger cascading renders[0m
[0m[0m
[0mEffects are intended to synchronize state between React and external systems such as manually updating the DOM, state management libraries, or other platform APIs. In general, the body of an effect should do one or both of the following:[0m
[0m* Update external systems with the latest state from React.[0m
[0m* Subscribe for updates from some external system, calling setState in a callback function when external state changes.[0m
[0m[0m
[0mCalling setState synchronously within an effect body causes cascading renders that can hurt performance, and is not recommended. (https://react.dev/learn/you-might-not-need-an-effect).[0m
[0m[0m
[0mc:\AI\Git\training\HomeHealth\Policies_and_Procedures_V2\src\v6\screens\pageviews\AIComplianceReviewScreen.tsx:110:30[0m
[0m  108 |[0m
[0m  109 |   useEffect(() => {[0m
[0m> 110 |     if (selectedWorkspaceId) fetchWorkspaceDetails(selectedWorkspaceId);[0m
[0m      |                              ^^^^^^^^^^^^^^^^^^^^^ Avoid calling setState() directly within an effect[0m
[0m  111 |   }, [selectedWorkspaceId]);[0m
[0m  112 |[0m
[0m  113 |   const createWorkspace = () => {  [2mreact-hooks/set-state-in-effect[22m[0m
[0m  [2m111:6[22m   [33mwarning[39m  React Hook useEffect has a missing dependency: 'fetchWorkspaceDetails'. Either include it or remove the dependency array                                                                                                                                                                                                                                                                                                                                                                                                                                                                                                                                                                                                                                                                                                                                                                                                                                                                                                                                                                                                                                            [2mreact-hooks/exhaustive-deps[22m[0m
[0m[0m
[0m[4mc:\AI\Git\training\HomeHealth\Policies_and_Procedures_V2\src\v6\screens\pageviews\CareIndeedOnboardingLMS.tsx[24m[0m
[0m   [2m386:11[22m  [31merror[39m    Empty block statement                                                                                                                                                                                                                                                                                                                                                                                                                                                                                                                                                                                                                                                                                                                                                                          [2mno-empty[22m[0m
[0m  [2m3672:27[22m  [31merror[39m    Unexpected any. Specify a different type                                                                                                                                                                                                                                                                                                                                                                                                                                                                                                                                                                                                                                                                                                                                                       [2m@typescript-eslint/no-explicit-any[22m[0m
[0m  [2m3673:25[22m  [31merror[39m    Unexpected any. Specify a different type                                                                                                                                                                                                                                                                                                                                                                                                                                                                                                                                                                                                                                                                                                                                                       [2m@typescript-eslint/no-explicit-any[22m[0m
[0m  [2m3683:27[22m  [31merror[39m    Unexpected any. Specify a different type                                                                                                                                                                                                                                                                                                                                                                                                                                                                                                                                                                                                                                                                                                                                                       [2m@typescript-eslint/no-explicit-any[22m[0m
[0m  [2m3684:26[22m  [31merror[39m    Unexpected any. Specify a different type                                                                                                                                                                                                                                                                                                                                                                                                                                                                                                                                                                                                                                                                                                                                                       [2m@typescript-eslint/no-explicit-any[22m[0m
[0m  [2m4098:28[22m  [33mwarning[39m  Error: Cannot call impure function during render[0m
[0m[0m
[0m`Date.now` is an impure function. Calling an impure function can produce unstable results that update unpredictably when the component happens to re-render. (https://react.dev/reference/rules/components-and-hooks-must-be-pure#components-and-hooks-must-be-idempotent).[0m
[0m[0m
[0mc:\AI\Git\training\HomeHealth\Policies_and_Procedures_V2\src\v6\screens\pageviews\CareIndeedOnboardingLMS.tsx:4098:28[0m
[0m  4096 |   const [examScore, setExamScore] = useState(0);[0m
[0m  4097 |   const [isNarrating, setIsNarrating] = useState(false);[0m
[0m> 4098 |   const startTime = useRef(Date.now());[0m
[0m       |                            ^^^^^^^^^^ Cannot call impure function[0m
[0m  4099 |[0m
[0m  4100 |   useEffect(() => {[0m
[0m  4101 |     return () => stopNarration();  [2mreact-hooks/purity[22m[0m
[0m  [2m4165:16[22m  [31merror[39m    'e' is defined but never used. Allowed unused caught errors must match /^_/u                                                                                                                                                                                                                                                                                                                                                                                                                                                                                                                                                                                                                                                                                                                   [2m@typescript-eslint/no-unused-vars[22m[0m
[0m  [2m4165:19[22m  [31merror[39m    Empty block statement                                                                                                                                                                                                                                                                                                                                                                                                                                                                                                                                                                                                                                                                                                                                                                          [2mno-empty[22m[0m
[0m  [2m4170:16[22m  [31merror[39m    'e' is defined but never used. Allowed unused caught errors must match /^_/u                                                                                                                                                                                                                                                                                                                                                                                                                                                                                                                                                                                                                                                                                                                   [2m@typescript-eslint/no-unused-vars[22m[0m
[0m  [2m4170:19[22m  [31merror[39m    Empty block statement                                                                                                                                                                                                                                                                                                                                                                                                                                                                                                                                                                                                                                                                                                                                                                          [2mno-empty[22m[0m
[0m  [2m4367:94[22m  [31merror[39m    Unexpected any. Specify a different type                                                                                                                                                                                                                                                                                                                                                                                                                                                                                                                                                                                                                                                                                                                                                       [2m@typescript-eslint/no-explicit-any[22m[0m
[0m  [2m4608:46[22m  [31merror[39m    Unexpected any. Specify a different type                                                                                                                                                                                                                                                                                                                                                                                                                                                                                                                                                                                                                                                                                                                                                       [2m@typescript-eslint/no-explicit-any[22m[0m
[0m[0m
[0m[4mc:\AI\Git\training\HomeHealth\Policies_and_Procedures_V2\src\v6\screens\pageviews\EventsBoardScreen.tsx[24m[0m
[0m  [2m148:73[22m  [31merror[39m  Unexpected any. Specify a different type  [2m@typescript-eslint/no-explicit-any[22m[0m
[0m  [2m149:67[22m  [31merror[39m  Unexpected any. Specify a different type  [2m@typescript-eslint/no-explicit-any[22m[0m
[0m[0m
[0m[4mc:\AI\Git\training\HomeHealth\Policies_and_Procedures_V2\src\v6\screens\pageviews\GovernanceScreen.tsx[24m[0m
[0m  [2m49:82[22m  [31merror[39m  Unexpected any. Specify a different type  [2m@typescript-eslint/no-explicit-any[22m[0m
[0m[0m
[0m[4mc:\AI\Git\training\HomeHealth\Policies_and_Procedures_V2\src\v6\screens\pageviews\MasterControlsScreen.tsx[24m[0m
[0m  [2m104:34[22m  [31merror[39m  Unexpected any. Specify a different type  [2m@typescript-eslint/no-explicit-any[22m[0m
[0m  [2m104:60[22m  [31merror[39m  Unexpected any. Specify a different type  [2m@typescript-eslint/no-explicit-any[22m[0m
[0m[0m
[0m[4mc:\AI\Git\training\HomeHealth\Policies_and_Procedures_V2\src\v6\screens\pageviews\ModulePlayerScreen.tsx[24m[0m
[0m   [2m813:5[22m   [33mwarning[39m  Error: Calling setState synchronously within an effect can trigger cascading renders[0m
[0m[0m
[0mEffects are intended to synchronize state between React and external systems such as manually updating the DOM, state management libraries, or other platform APIs. In general, the body of an effect should do one or both of the following:[0m
[0m* Update external systems with the latest state from React.[0m
[0m* Subscribe for updates from some external system, calling setState in a callback function when external state changes.[0m
[0m[0m
[0mCalling setState synchronously within an effect body causes cascading renders that can hurt performance, and is not recommended. (https://react.dev/learn/you-might-not-need-an-effect).[0m
[0m[0m
[0mc:\AI\Git\training\HomeHealth\Policies_and_Procedures_V2\src\v6\screens\pageviews\ModulePlayerScreen.tsx:813:5[0m
[0m  811 |[0m
[0m  812 |   useEffect(() => {[0m
[0m> 813 |     setAcknowledgedTerms(new Set());[0m
[0m      |     ^^^^^^^^^^^^^^^^^^^^ Avoid calling setState() directly within an effect[0m
[0m  814 |     setSelectedAnswer(null);[0m
[0m  815 |     setSubmitted(false);[0m
[0m  816 |     setOpenedOptions([]);  [2mreact-hooks/set-state-in-effect[22m[0m
[0m   [2m822:57[22m  [31merror[39m    Unexpected any. Specify a different type                                                                                                                                                                                                                                                                                                                                                                                                                                                                                                                                                                                                                                                                                                                                                                                                                                                                                                                                                                                                                                                                        [2m@typescript-eslint/no-explicit-any[22m[0m
[0m   [2m860:25[22m  [31merror[39m    React Hook "useMemo" is called conditionally. React Hooks must be called in the exact same order in every component render. Did you accidentally call a React Hook after an early return?                                                                                                                                                                                                                                                                                                                                                                                                                                                                                                                                                                                                                                                                                                                                                                                                                                                                                                                       [2mreact-hooks/rules-of-hooks[22m[0m
[0m   [2m926:27[22m  [31merror[39m    Unexpected any. Specify a different type                                                                                                                                                                                                                                                                                                                                                                                                                                                                                                                                                                                                                                                                                                                                                                                                                                                                                                                                                                                                                                                                        [2m@typescript-eslint/no-explicit-any[22m[0m
[0m  [2m1238:61[22m  [31merror[39m    Unexpected any. Specify a different type                                                                                                                                                                                                                                                                                                                                                                                                                                                                                                                                                                                                                                                                                                                                                                                                                                                                                                                                                                                                                                                                        [2m@typescript-eslint/no-explicit-any[22m[0m
[0m  [2m1718:19[22m  [31merror[39m    React Hook "useMemo" is called conditionally. React Hooks must be called in the exact same order in every component render. Did you accidentally call a React Hook after an early return?                                                                                                                                                                                                                                                                                                                                                                                                                                                                                                                                                                                                                                                                                                                                                                                                                                                                                                                       [2mreact-hooks/rules-of-hooks[22m[0m
[0m[0m
[0m[4mc:\AI\Git\training\HomeHealth\Policies_and_Procedures_V2\src\v6\screens\pageviews\OnboardingV2ActivateScreen.tsx[24m[0m
[0m  [2m13:59[22m  [31merror[39m  Unexpected any. Specify a different type  [2m@typescript-eslint/no-explicit-any[22m[0m
[0m[0m
[0m[4mc:\AI\Git\training\HomeHealth\Policies_and_Procedures_V2\src\v6\screens\pageviews\OnboardingV2AuditScreen.tsx[24m[0m
[0m  [2m16:54[22m   [31merror[39m  Unexpected any. Specify a different type  [2m@typescript-eslint/no-explicit-any[22m[0m
[0m  [2m18:42[22m   [31merror[39m  Unexpected any. Specify a different type  [2m@typescript-eslint/no-explicit-any[22m[0m
[0m  [2m19:68[22m   [31merror[39m  Unexpected any. Specify a different type  [2m@typescript-eslint/no-explicit-any[22m[0m
[0m  [2m36:56[22m   [31merror[39m  Unexpected any. Specify a different type  [2m@typescript-eslint/no-explicit-any[22m[0m
[0m  [2m37:15[22m   [31merror[39m  Unexpected any. Specify a different type  [2m@typescript-eslint/no-explicit-any[22m[0m
[0m  [2m38:35[22m   [31merror[39m  Unexpected any. Specify a different type  [2m@typescript-eslint/no-explicit-any[22m[0m
[0m  [2m39:43[22m   [31merror[39m  Unexpected any. Specify a different type  [2m@typescript-eslint/no-explicit-any[22m[0m
[0m  [2m40:39[22m   [31merror[39m  Unexpected any. Specify a different type  [2m@typescript-eslint/no-explicit-any[22m[0m
[0m  [2m41:27[22m   [31merror[39m  Unexpected any. Specify a different type  [2m@typescript-eslint/no-explicit-any[22m[0m
[0m  [2m41:59[22m   [31merror[39m  Unexpected any. Specify a different type  [2m@typescript-eslint/no-explicit-any[22m[0m
[0m  [2m41:112[22m  [31merror[39m  Unexpected any. Specify a different type  [2m@typescript-eslint/no-explicit-any[22m[0m
[0m  [2m43:28[22m   [31merror[39m  Unexpected any. Specify a different type  [2m@typescript-eslint/no-explicit-any[22m[0m
[0m  [2m44:27[22m   [31merror[39m  Unexpected any. Specify a different type  [2m@typescript-eslint/no-explicit-any[22m[0m
[0m  [2m44:83[22m   [31merror[39m  Unexpected any. Specify a different type  [2m@typescript-eslint/no-explicit-any[22m[0m
[0m  [2m89:59[22m   [31merror[39m  Unexpected any. Specify a different type  [2m@typescript-eslint/no-explicit-any[22m[0m
[0m[0m
[0m[4mc:\AI\Git\training\HomeHealth\Policies_and_Procedures_V2\src\v6\screens\pageviews\OnboardingV2BatchScreen.tsx[24m[0m
[0m   [2m36:54[22m  [31merror[39m  Unexpected any. Specify a different type  [2m@typescript-eslint/no-explicit-any[22m[0m
[0m   [2m46:60[22m  [31merror[39m  Unexpected any. Specify a different type  [2m@typescript-eslint/no-explicit-any[22m[0m
[0m   [2m46:89[22m  [31merror[39m  Unexpected any. Specify a different type  [2m@typescript-eslint/no-explicit-any[22m[0m
[0m   [2m48:17[22m  [31merror[39m  Unexpected any. Specify a different type  [2m@typescript-eslint/no-explicit-any[22m[0m
[0m   [2m49:44[22m  [31merror[39m  Unexpected any. Specify a different type  [2m@typescript-eslint/no-explicit-any[22m[0m
[0m   [2m49:73[22m  [31merror[39m  Unexpected any. Specify a different type  [2m@typescript-eslint/no-explicit-any[22m[0m
[0m   [2m51:37[22m  [31merror[39m  Unexpected any. Specify a different type  [2m@typescript-eslint/no-explicit-any[22m[0m
[0m   [2m67:89[22m  [31merror[39m  Unexpected any. Specify a different type  [2m@typescript-eslint/no-explicit-any[22m[0m
[0m  [2m137:42[22m  [31merror[39m  Unexpected any. Specify a different type  [2m@typescript-eslint/no-explicit-any[22m[0m
[0m  [2m138:45[22m  [31merror[39m  Unexpected any. Specify a different type  [2m@typescript-eslint/no-explicit-any[22m[0m
[0m  [2m145:32[22m  [31merror[39m  Unexpected any. Specify a different type  [2m@typescript-eslint/no-explicit-any[22m[0m
[0m  [2m185:44[22m  [31merror[39m  Unexpected any. Specify a different type  [2m@typescript-eslint/no-explicit-any[22m[0m
[0m  [2m186:60[22m  [31merror[39m  Unexpected any. Specify a different type  [2m@typescript-eslint/no-explicit-any[22m[0m
[0m  [2m186:90[22m  [31merror[39m  Unexpected any. Specify a different type  [2m@typescript-eslint/no-explicit-any[22m[0m
[0m[0m
[0m[4mc:\AI\Git\training\HomeHealth\Policies_and_Procedures_V2\src\v6\screens\pageviews\OnboardingV2BatchesScreen.tsx[24m[0m
[0m  [2m18:41[22m  [31merror[39m  Unexpected any. Specify a different type  [2m@typescript-eslint/no-explicit-any[22m[0m
[0m  [2m38:94[22m  [31merror[39m  Unexpected any. Specify a different type  [2m@typescript-eslint/no-explicit-any[22m[0m
[0m  [2m39:39[22m  [31merror[39m  Unexpected any. Specify a different type  [2m@typescript-eslint/no-explicit-any[22m[0m
[0m  [2m40:43[22m  [31merror[39m  Unexpected any. Specify a different type  [2m@typescript-eslint/no-explicit-any[22m[0m
[0m[0m
[0m[4mc:\AI\Git\training\HomeHealth\Policies_and_Procedures_V2\src\v6\screens\pageviews\OnboardingV2DashboardScreen.tsx[24m[0m
[0m  [2m20:44[22m   [31merror[39m  Unexpected any. Specify a different type  [2m@typescript-eslint/no-explicit-any[22m[0m
[0m  [2m21:53[22m   [31merror[39m  Unexpected any. Specify a different type  [2m@typescript-eslint/no-explicit-any[22m[0m
[0m  [2m22:46[22m   [31merror[39m  Unexpected any. Specify a different type  [2m@typescript-eslint/no-explicit-any[22m[0m
[0m  [2m43:61[22m   [31merror[39m  Unexpected any. Specify a different type  [2m@typescript-eslint/no-explicit-any[22m[0m
[0m  [2m44:117[22m  [31merror[39m  Unexpected any. Specify a different type  [2m@typescript-eslint/no-explicit-any[22m[0m
[0m[0m
[0m[4mc:\AI\Git\training\HomeHealth\Policies_and_Procedures_V2\src\v6\screens\pageviews\OnboardingV2GovernanceScreen.tsx[24m[0m
[0m  [2m18:51[22m   [31merror[39m  Unexpected any. Specify a different type  [2m@typescript-eslint/no-explicit-any[22m[0m
[0m  [2m35:100[22m  [31merror[39m  Unexpected any. Specify a different type  [2m@typescript-eslint/no-explicit-any[22m[0m
[0m[0m
[0m[4mc:\AI\Git\training\HomeHealth\Policies_and_Procedures_V2\src\v6\screens\pageviews\PolicyDetailScreen.tsx[24m[0m
[0m  [2m296:5[22m  [31merror[39m  Error: This value cannot be modified[0m
[0m[0m
[0mModifying a variable defined outside a component or hook is not allowed. Consider using an effect.[0m
[0m[0m
[0mc:\AI\Git\training\HomeHealth\Policies_and_Procedures_V2\src\v6\screens\pageviews\PolicyDetailScreen.tsx:296:5[0m
[0m  294 |     const printDate = new Date().toLocaleDateString('en-CA'); // YYYY-MM-DD, locale-stable[0m
[0m  295 |     const previousTitle = document.title;[0m
[0m> 296 |     document.title = `${cleanInline(headerTitle)} ${printDate}`.replace(/\s+/g, ' ').trim();[0m
[0m      |     ^^^^^^^^ value cannot be modified[0m
[0m  297 |     const t = window.setTimeout(() => {[0m
[0m  298 |       try { window.focus(); window.print(); } catch { /* noop */ }[0m
[0m  299 |     }, 650);  [2mreact-hooks/immutability[22m[0m
[0m[0m
[0m[4mc:\AI\Git\training\HomeHealth\Policies_and_Procedures_V2\src\v6\screens\pageviews\PolicyLifecycleScreen.tsx[24m[0m
[0m  [2m42:79[22m  [31merror[39m  Unexpected any. Specify a different type  [2m@typescript-eslint/no-explicit-any[22m[0m
[0m[0m
[0m[4mc:\AI\Git\training\HomeHealth\Policies_and_Procedures_V2\src\v6\screens\pageviews\WorkflowDetailAndSwimlaneScreen.tsx[24m[0m
[0m   [2m70:28[22m  [31merror[39m  Unexpected any. Specify a different type  [2m@typescript-eslint/no-explicit-any[22m[0m
[0m   [2m73:27[22m  [31merror[39m  Unexpected any. Specify a different type  [2m@typescript-eslint/no-explicit-any[22m[0m
[0m   [2m84:17[22m  [31merror[39m  Unexpected any. Specify a different type  [2m@typescript-eslint/no-explicit-any[22m[0m
[0m   [2m87:33[22m  [31merror[39m  Unexpected any. Specify a different type  [2m@typescript-eslint/no-explicit-any[22m[0m
[0m   [2m92:52[22m  [31merror[39m  Unexpected any. Specify a different type  [2m@typescript-eslint/no-explicit-any[22m[0m
[0m   [2m92:81[22m  [31merror[39m  Unexpected any. Specify a different type  [2m@typescript-eslint/no-explicit-any[22m[0m
[0m  [2m245:75[22m  [31merror[39m  Unexpected any. Specify a different type  [2m@typescript-eslint/no-explicit-any[22m[0m
[0m  [2m246:75[22m  [31merror[39m  Unexpected any. Specify a different type  [2m@typescript-eslint/no-explicit-any[22m[0m
[0m  [2m247:75[22m  [31merror[39m  Unexpected any. Specify a different type  [2m@typescript-eslint/no-explicit-any[22m[0m
[0m[0m
[0m[4mc:\AI\Git\training\HomeHealth\Policies_and_Procedures_V2\src\v6\screens\pageviews\WorkflowsScreen.tsx[24m[0m
[0m   [2m31:45[22m  [31merror[39m  Unexpected any. Specify a different type  [2m@typescript-eslint/no-explicit-any[22m[0m
[0m   [2m32:56[22m  [31merror[39m  Unexpected any. Specify a different type  [2m@typescript-eslint/no-explicit-any[22m[0m
[0m   [2m53:87[22m  [31merror[39m  Unexpected any. Specify a different type  [2m@typescript-eslint/no-explicit-any[22m[0m
[0m   [2m89:13[22m  [31merror[39m  Unexpected any. Specify a different type  [2m@typescript-eslint/no-explicit-any[22m[0m
[0m  [2m148:21[22m  [31merror[39m  Unexpected any. Specify a different type  [2m@typescript-eslint/no-explicit-any[22m[0m
[0m[0m
[0m[4mc:\AI\Git\training\HomeHealth\Policies_and_Procedures_V2\src\v6\shell\Sidebar.tsx[24m[0m
[0m  [2m11:39[22m  [31merror[39m  Unexpected any. Specify a different type  [2m@typescript-eslint/no-explicit-any[22m[0m
[0m  [2m11:72[22m  [31merror[39m  Unexpected any. Specify a different type  [2m@typescript-eslint/no-explicit-any[22m[0m
[0m  [2m11:85[22m  [31merror[39m  Unexpected any. Specify a different type  [2m@typescript-eslint/no-explicit-any[22m[0m
[0m[0m
[0m[4mc:\AI\Git\training\HomeHealth\Policies_and_Procedures_V2\src\v6\shell\V6Shell.tsx[24m[0m
[0m   [2m89:5[22m   [33mwarning[39m  React Hook useMemo has a missing dependency: 'navIcons'. Either include it or remove the dependency array                                                                                                                                                                                                                                                                                                                                                                                                                                                                                                                                                                                                                                                                                                                                                                                                                                                                                                                                                                                                                                                [2mreact-hooks/exhaustive-deps[22m[0m
[0m   [2m93:21[22m  [33mwarning[39m  Error: Calling setState synchronously within an effect can trigger cascading renders[0m
[0m[0m
[0mEffects are intended to synchronize state between React and external systems such as manually updating the DOM, state management libraries, or other platform APIs. In general, the body of an effect should do one or both of the following:[0m
[0m* Update external systems with the latest state from React.[0m
[0m* Subscribe for updates from some external system, calling setState in a callback function when external state changes.[0m
[0m[0m
[0mCalling setState synchronously within an effect body causes cascading renders that can hurt performance, and is not recommended. (https://react.dev/learn/you-might-not-need-an-effect).[0m
[0m[0m
[0mc:\AI\Git\training\HomeHealth\Policies_and_Procedures_V2\src\v6\shell\V6Shell.tsx:93:21[0m
[0m  91 |[0m
[0m  92 |   // Close the nav drawer whenever the route changes.[0m
[0m> 93 |   useEffect(() => { setNavOpen(false); }, [pathname]);[0m
[0m     |                     ^^^^^^^^^^ Avoid calling setState() directly within an effect[0m
[0m  94 |[0m
[0m  95 |   useEffect(() => {[0m
[0m  96 |     let timer: any;                                                       [2mreact-hooks/set-state-in-effect[22m[0m
[0m   [2m96:16[22m  [31merror[39m    Unexpected any. Specify a different type                                                                                                                                                                                                                                                                                                                                                                                                                                                                                                                                                                                                                                                                                                                                                                                                                                                                                                                                                                                                                                                                                                                 [2m@typescript-eslint/no-explicit-any[22m[0m
[0m  [2m100:7[22m   [33mwarning[39m  Error: Calling setState synchronously within an effect can trigger cascading renders[0m
[0m[0m
[0mEffects are intended to synchronize state between React and external systems such as manually updating the DOM, state management libraries, or other platform APIs. In general, the body of an effect should do one or both of the following:[0m
[0m* Update external systems with the latest state from React.[0m
[0m* Subscribe for updates from some external system, calling setState in a callback function when external state changes.[0m
[0m[0m
[0mCalling setState synchronously within an effect body causes cascading renders that can hurt performance, and is not recommended. (https://react.dev/learn/you-might-not-need-an-effect).[0m
[0m[0m
[0mc:\AI\Git\training\HomeHealth\Policies_and_Procedures_V2\src\v6\shell\V6Shell.tsx:100:7[0m
[0m   98 |[0m
[0m   99 |     if (isPersonalOpsOpen) {[0m
[0m> 100 |       setRenderPersonalPanel(true);[0m
[0m      |       ^^^^^^^^^^^^^^^^^^^^^^ Avoid calling setState() directly within an effect[0m
[0m  101 |       frame = window.requestAnimationFrame(() => setPersonalPanelVisible(true));[0m
[0m  102 |     } else {[0m
[0m  103 |       setPersonalPanelVisible(false);  [2mreact-hooks/set-state-in-effect[22m[0m
[0m  [2m143:7[22m   [33mwarning[39m  Error: Calling setState synchronously within an effect can trigger cascading renders[0m
[0m[0m
[0mEffects are intended to synchronize state between React and external systems such as manually updating the DOM, state management libraries, or other platform APIs. In general, the body of an effect should do one or both of the following:[0m
[0m* Update external systems with the latest state from React.[0m
[0m* Subscribe for updates from some external system, calling setState in a callback function when external state changes.[0m
[0m[0m
[0mCalling setState synchronously within an effect body causes cascading renders that can hurt performance, and is not recommended. (https://react.dev/learn/you-might-not-need-an-effect).[0m
[0m[0m
[0mc:\AI\Git\training\HomeHealth\Policies_and_Procedures_V2\src\v6\shell\V6Shell.tsx:143:7[0m
[0m  141 |[0m
[0m  142 |     if (feedbackOpen) {[0m
[0m> 143 |       setRenderFeedbackPanel(true);[0m
[0m      |       ^^^^^^^^^^^^^^^^^^^^^^ Avoid calling setState() directly within an effect[0m
[0m  144 |       frame = window.requestAnimationFrame(() => setFeedbackPanelVisible(true));[0m
[0m  145 |     } else {[0m
[0m  146 |       setFeedbackPanelVisible(false);       [2mreact-hooks/set-state-in-effect[22m[0m
[0m[0m
[0m[4mc:\AI\Git\training\HomeHealth\Policies_and_Procedures_V2\tmp_classify.ts[24m[0m
[0m  [2m27:34[22m  [31merror[39m  Unexpected any. Specify a different type  [2m@typescript-eslint/no-explicit-any[22m[0m
[0m[0m
[0m[31m[1m✖ 994 problems (913 errors, 81 warnings)[22m[39m[0m
[0m[31m[1m[22m[39m[31m[1m  2 errors and 0 warnings potentially fixable with the `--fix` option.[22m[39m[0m
[0m[31m[1m[22m[39m[0m
