"Scene_ID","Slide_Type","Scene_Title","Detailed_Image_Description","FLUX1Dev_Image_Prompt","PuLID_Character_Guidance","Negative_Prompt","Camera_Framing","Status"
"M01-PA-INTRO","pre-assessment-intro","Pre-Assessment: Before the Journey Begins","","Photorealistic documentary interior of a modest Filipino living room at evening, Filipina nurse seated at table with packed bag nearby and parol lantern glowing on wall, quiet contemplative mood, 35mm lens, warm incandescent light.","Character anchor: Tess, Filipina, early 30s, tied-back dark hair, navy scrubs, woven bracelet left wrist, calm eyes, consistent badge and stethoscope. Evening light, bracelet visible, pensive but composed expression.","anime, cartoon, CGI, plastic skin, distorted hands, extra fingers, watermark, oversaturated HDR, fantasy lighting, stock-photo smile","Medium close — Tess at table","NEEDS REVIEW — LTX/Detail missing"
"M01-PA-Q1","pre-assessment-challenge","Pre-Assessment Question 1: Comprehension Signals","","Photorealistic documentary image of Filipina nurse at bedside in Philippine home, elderly patient nodding during medication instruction, warm natural light, 35mm lens, authentic body language.","Character anchor: Tess, Filipina, early 30s, tied-back dark hair, navy scrubs, woven bracelet left wrist, calm eyes, consistent badge and stethoscope. Philippine home setting — modest bedroom, natural light.","anime, cartoon, CGI, plastic skin, distorted hands, extra fingers, watermark, oversaturated HDR, fantasy lighting, stock-photo smile","Medium two-shot — nurse and patient","NEEDS REVIEW — LTX/Detail missing"
"M01-PA-D1","pre-assessment-debrief","Pre-Assessment Debrief 1: The Nod Is Not Enough","","Photorealistic debrief visual — nurse reviewing teach-back documentation at modest Philippine desk, warm light, 35mm lens.","Character anchor: Tess, Filipina, early 30s, tied-back dark hair, navy scrubs, woven bracelet left wrist, calm eyes, consistent badge and stethoscope. Reflective documentation posture. Philippines home context.","anime, cartoon, CGI, plastic skin, distorted hands, extra fingers, watermark, oversaturated HDR, fantasy lighting, stock-photo smile","Medium close — nurse with chart","NEEDS REVIEW — LTX/Detail missing"
"M01-PA-Q2","pre-assessment-challenge","Pre-Assessment Question 2: Interpreter Services","","Photorealistic documentary image of nurse at residential front door, adult son present as informal interpreter offer, realistic body language, natural exterior light, 35mm lens.","Character anchor: Tess, Filipina, early 30s, tied-back dark hair, navy scrubs, woven bracelet left wrist, calm eyes, consistent badge and stethoscope. Residential doorway — realistic suburban setting.","anime, cartoon, CGI, plastic skin, distorted hands, extra fingers, watermark, oversaturated HDR, fantasy lighting, stock-photo smile","Medium — doorway two-shot","NEEDS REVIEW — LTX/Detail missing"
"M01-PA-D2","pre-assessment-debrief","Pre-Assessment Debrief 2: Family Is Not a Qualified Interpreter","","Photorealistic debrief image — nurse on interpreter phone call in modest home, patient present, realistic setting, 35mm lens.","Character anchor: Tess, Filipina, early 30s, tied-back dark hair, navy scrubs, woven bracelet left wrist, calm eyes, consistent badge and stethoscope. Interpreter call in session — bracelet and badge consistent.","anime, cartoon, CGI, plastic skin, distorted hands, extra fingers, watermark, oversaturated HDR, fantasy lighting, stock-photo smile","Medium — nurse with phone at patient home","NEEDS REVIEW — LTX/Detail missing"
"M01-PA-Q3","pre-assessment-challenge","Pre-Assessment Question 3: Rights and Accommodation","","Photorealistic documentary image of nurse at residential front door with concerned family member, clinical urgency visible in nurse's posture, realistic natural light, 35mm lens.","Character anchor: Tess, Filipina, early 30s, tied-back dark hair, navy scrubs, woven bracelet left wrist, calm eyes, consistent badge and stethoscope. At patient doorway — first visit energy. Bracelet visible.","anime, cartoon, CGI, plastic skin, distorted hands, extra fingers, watermark, oversaturated HDR, fantasy lighting, stock-photo smile","Medium — doorway with family in background","NEEDS REVIEW — LTX/Detail missing"
"M01-PA-D3","pre-assessment-debrief","Pre-Assessment Debrief 3: Rights and Urgency Travel Together","","Photorealistic debrief image — nurse on phone outside residential home, supervisor call in progress, chart open, bracelet visible, realistic documentary realism, 35mm lens.","Character anchor: Tess, Filipina, early 30s, tied-back dark hair, navy scrubs, woven bracelet left wrist, calm eyes, consistent badge and stethoscope. Outside patient home — escalation call posture. Bracelet close.","anime, cartoon, CGI, plastic skin, distorted hands, extra fingers, watermark, oversaturated HDR, fantasy lighting, stock-photo smile","Medium — nurse with phone at doorway","NEEDS REVIEW — LTX/Detail missing"
"M01-S01","content","Before Sunrise in Quezon City","","Photorealistic documentary still of a Filipina woman in navy scrubs sitting in a small pre-dawn kitchen, rice cooker visible, warm incandescent light, cinematic 35mm lens, shallow depth of field, authentic film grain.","Character anchor: Tess, Filipina, early 30s, tied-back dark hair, navy scrubs, woven bracelet left wrist, calm eyes, consistent badge and stethoscope.","anime, cartoon, CGI, plastic skin, distorted hands, extra fingers, watermark, oversaturated HDR, fantasy lighting, stock-photo smile","Medium wide eye-level","NEEDS REVIEW — LTX/Detail missing"
"M01-S02","content","The Mano Po Moment","","Photorealistic close documentary shot of Filipina nurse bowing slightly, taking elderly woman's hand and pressing it to her forehead in traditional Mano Po greeting, warm morning kitchen light, 50mm lens, true skin texture.","Character anchor: Tess, Filipina, early 30s, tied-back dark hair, navy scrubs, woven bracelet left wrist, calm eyes, consistent badge and stethoscope. Lola: elderly Filipina woman, white hair, simple church dress, deeply warm expression.","anime, cartoon, CGI, plastic skin, distorted hands, extra fingers, watermark, oversaturated HDR, fantasy lighting, stock-photo smile","Close two-shot — eye-level","NEEDS REVIEW — LTX/Detail missing"
"M01-S03","content","Family Breakfast and Bayanihan","","Photorealistic documentary wide shot of a crowded Filipino family breakfast table, multiple generations, traditional bibingka on table, warm natural morning light through shuttered windows, authentic chaos of communal meal, 35mm lens.","Character anchor: Tess, Filipina, early 30s, tied-back dark hair, navy scrubs, woven bracelet left wrist, calm eyes, consistent badge and stethoscope. Secondary family members: varied ages, casual Filipino home clothing, authentic warm expressions.","anime, cartoon, CGI, plastic skin, distorted hands, extra fingers, watermark, oversaturated HDR, fantasy lighting, stock-photo smile","Wide ensemble — eye-level","NEEDS REVIEW — LTX/Detail missing"
"M01-S04","content","The Christmas Parol and What Home Sounds Like","","Photorealistic documentary interior of a modest Filipino living room with a traditional star-shaped parol lantern glowing softly on the wall, family photos, morning light filtering through curtains, 35mm lens, warm authentic tones.","Character anchor: Tess, Filipina, early 30s, tied-back dark hair, navy scrubs, woven bracelet left wrist, calm eyes, consistent badge and stethoscope. Minimal — focus on parol and Tess' face in reflection.","anime, cartoon, CGI, plastic skin, distorted hands, extra fingers, watermark, oversaturated HDR, fantasy lighting, stock-photo smile","Medium — Tess in foreground, parol in background","NEEDS REVIEW — LTX/Detail missing"
"M01-S05","content","Grandmother and the Bracelet","","Photorealistic close-up of elderly Filipino woman's weathered hands tying a simple woven thread bracelet onto a younger woman's wrist, warm soft interior light, shallow depth of field, documentary realism, 85mm lens.","Character anchor: Tess, Filipina, early 30s, tied-back dark hair, navy scrubs, woven bracelet left wrist, calm eyes, consistent badge and stethoscope. Focus on hands and bracelet. Lola continuity from S02.","anime, cartoon, CGI, plastic skin, distorted hands, extra fingers, watermark, oversaturated HDR, fantasy lighting, stock-photo smile","Extreme close-up on hands to medium two-shot","NEEDS REVIEW — LTX/Detail missing"
"M01-S06","content","Tess at Work: The Philippine Clinic","","Photorealistic documentary image of Filipina nurse at bedside in modest Philippine clinic demonstrating wound care to elderly female patient, daughter present, warm fluorescent-balanced light, 35mm lens, authentic clinical setting.","Character anchor: Tess, Filipina, early 30s, tied-back dark hair, navy scrubs, woven bracelet left wrist, calm eyes, consistent badge and stethoscope. Elderly Filipino female patient. Daughter in background.","anime, cartoon, CGI, plastic skin, distorted hands, extra fingers, watermark, oversaturated HDR, fantasy lighting, stock-photo smile","Medium over-shoulder alternating","NEEDS REVIEW — LTX/Detail missing"
"M01-S07","content","Po and Opo — The Language of Respect","Philippine community clinic hallway. Tess walks toward a doorway at the same moment an elderly male patient approaches from the opposite direction, using a cane. Without breaking stride, Tess steps to the side and holds the door frame open, gesturing slightly toward the patient with her other hand — ""after you."" Her body is angled deferentially. Her expression is warm, natural — this is reflex, not courtesy performance. The patient passes through with a slow nod of acknowledgment. The hallway is narrow: tiled floor, fluorescent strip lighting, bulletin board with health advisories in Tagalog and English. A laundry cart is pushed by an orderly in the far background. The scene is functional and unhurried. Tess's bracelet is visible on the arm holding the door.","Photorealistic documentary medium shot, Philippine community clinic narrow hallway, Filipina nurse early 30s in navy scrubs standing to the side holding door frame open with one arm, other hand gesturing ""after you"" to elderly Filipino male patient with cane, deferential natural body posture, warm reflex expression not performative, tiled floor, fluorescent strip lighting, Tagalog/English health advisory bulletin board, orderly with laundry cart blurred in background, woven bracelet visible on door-holding arm, 35mm lens, documentary realism, authentic cultural interaction.","Tess, Filipina, early 30s, tied-back dark hair, navy scrubs, woven bracelet left wrist, badge, stethoscope. Philippine clinic setting. Elderly male patient: Filipino, 70s, cane. Natural fluorescent hallway light.","anime, cartoon, CGI, plastic skin, distorted hands, extra fingers, watermark, oversaturated HDR, fantasy lighting, stock-photo smile","Medium — side angle showing deference in body language","COMPLETE"
"M01-S08","content","Packing the Bag","Tess's bedroom — same modest room from S01b, now lit by a slightly brighter overhead lamp, late evening. The bed is covered in organized stacks: three sets of labeled manila folders fanned out, a clear plastic sleeve containing a nursing license, a small stack of credential evaluation documents, a vaccination record booklet with a red cover. A dark blue canvas nursing bag sits open on the floor. Tess is crouching beside it, carefully placing a folded document into a labeled folder. Beside the bag: a small plastic container with a red label (sinigang mix), a passport-sized clinic photo. The bracelet is on her wrist — she is about to remove it and wrap it in a small white cloth visible beside her knee. Her expression: methodical, focused. Everything has a place.","Photorealistic documentary medium close shot, modest Filipino bedroom, Filipina nurse early 30s crouching beside open dark blue canvas nursing bag on floor, organized labeled manila folders and credential documents stacked on bed behind her, nursing license in clear plastic sleeve visible, small plastic sinigang powder container and clinic photo beside bag, white cloth beside her knee, woven bracelet still on left wrist, bright overhead lamp lighting, methodical focused expression, 35mm lens, documentary realism, authentic preparation detail.","Tess, Filipina, early 30s, simple blouse, woven bracelet on left wrist (being removed and wrapped at end of scene). Same bedroom. Evening lamp light. Bracelet wrapped — not on wrist until after landing.","anime, cartoon, CGI, plastic skin, distorted hands, extra fingers, watermark, oversaturated HDR, fantasy lighting, stock-photo smile","Overhead medium insert","COMPLETE"
"M01-S09","content","Airport: The Goodbye That Does Not Ask for Crying","Ninoy Aquino International Airport departure area — mid-morning. Tess stands near the security line entry in navy scrubs with her packed bag over one shoulder. Her family clusters around her in a loose circle — not dramatic, just present. Her mother (mid-50s, house dress, practical short hair) holds the boarding pass in both hands, checking it. Her kuya (late 20s, hospital scrubs — he came directly from a shift) hands Tess a SIM card in a small envelope. Her tita (50s, floral blouse) stands slightly back, watching. Her grandmother (same elderly woman from S02 and S05 — white hair, cream church dress) holds Tess's right hand with both of hers. Tess is looking at her grandmother. Airport background: busy but not theatrical. Overhead departure board. Other travelers walking through. Fluorescent overhead with skylights admitting pale morning light. No tears visible. Just presence, contact, and the practicality of love.","Photorealistic documentary medium wide shot, Ninoy Aquino International Airport departure area mid-morning, Filipina nurse early 30s in navy scrubs with bag on shoulder surrounded by family cluster, mother mid-50s in house dress checking boarding pass, kuya late 20s in hospital scrubs handing SIM card envelope, tita 50s in floral blouse standing back watching, elderly grandmother in white hair and cream church dress holding granddaughter's right hand with both hands, no tears — practical present farewell energy, departure board and other travelers blurred in background, fluorescent and skylight morning light, 35mm lens, documentary realism, authentic Filipino family goodbye.","Tess, Filipina, early 30s, navy scrubs, bag on shoulder. No bracelet visible — wrapped in bag from S08. Lola: white hair, cream church dress — continuity from S02 and S05. Kuya: late 20s, hospital scrubs. Mother: mid-50s, house dress. Tita: 50s, floral blouse. Airport — morning light.","anime, cartoon, CGI, plastic skin, distorted hands, extra fingers, watermark, oversaturated HDR, fantasy lighting, stock-photo smile","Wide establishing to medium close on bracelet touch","COMPLETE"
"M01-S10","content","Landing: The First Cultural Shock","U.S. airport arrivals hall — large, high-ceilinged, brightly lit with commercial lighting. Tess walks through the arrivals area pulling her wheeled bag, nursing bag over her shoulder. Other travelers walk briskly around her, eyes on phones or departure boards. Nobody interacts. Tess holds a printed paper with an address. She looks around — not lost, just calibrating. The environment is efficient and clean and completely indifferent. Her expression: observant, processing, slightly still. No bracelet visible yet — still in bag. Cut to: a dim small furnished room — temporary housing. Tess sits on the edge of a narrow bed, a paper cup of instant noodles in her hand, phone propped against her nursing bag in video call mode. On the phone screen: the living room from S03/S04, the parol visible on the wall, her mother's hand holding the phone. The room is spare — a dresser, a window showing night lights outside, a radiator. Tess watches the phone screen while eating. Her expression: tired, okay, not okay.","Photorealistic documentary medium shot, two-part card: first — large U.S. airport arrivals hall with high commercial lighting, Filipina nurse early 30s pulling wheeled bag with nursing bag over shoulder amid brisk travelers who don't interact, printed address paper in hand, observant calibrating expression; second — dim temporary furnished room, narrow bed, Filipina nurse sitting on bed edge with paper cup instant noodles and phone propped against bag showing parol on wall through video call, spare dresser and window with night lights, tired-okay expression, 35mm lens, documentary realism.","Tess, Filipina, early 30s, navy scrubs and travel clothes, no bracelet visible (in bag), nursing bag. Airport — commercial overhead lighting. Furnished room — night, sparse, dim. Phone screen shows parol lantern continuity from S04.","anime, cartoon, CGI, plastic skin, distorted hands, extra fingers, watermark, oversaturated HDR, fantasy lighting, stock-photo smile","Wide to medium — isolation composition","COMPLETE"
"M01-S11","content","First Week: The System Is Different","Agency nursing station. Tess sits at a workstation terminal, the EHR interface on screen showing a complex patient record with multiple tabs and required fields — several fields have red asterisks indicating mandatory entry. She holds a small notebook, pen moving steadily, copying abbreviations and field names she doesn't recognize. The office around her is mid-morning functional: another nurse walks past with a chart, a phone rings at a distant desk, a printer runs. Fluorescent overhead. Tess's expression: focused, methodical, not flustered. On her left wrist — the bracelet is back. She has taken it out of the white cloth and put it on again. The notebook on the desk beside her keyboard shows neat handwriting: a list of abbreviations with her own translated notes beside each one.","Photorealistic documentary medium close shot, agency nursing station workstation, Filipina nurse early 30s seated at EHR terminal with complex patient record showing multiple tabs and red-asterisk required fields, small notebook beside keyboard with neat handwritten abbreviation translations, pen in hand, focused methodical expression, woven bracelet back on left wrist, fluorescent office overhead, other nurse walking past blurred in background, 35mm lens, documentary realism, authentic EHR learning moment.","Tess, Filipina, early 30s, navy scrubs, woven bracelet back on left wrist — first reappearance after being wrapped in S08. Badge on lanyard. Agency workstation — fluorescent. Notebook as key prop.","anime, cartoon, CGI, plastic skin, distorted hands, extra fingers, watermark, oversaturated HDR, fantasy lighting, stock-photo smile","Over-shoulder medium close","COMPLETE"
"M01-S12","content","First Grocery Store and Small Shocks","Large U.S. grocery store — rice and grain aisle. Tess stands in front of a floor-to-ceiling rice section in casual clothing — jeans, a simple top, no scrubs (day off). She holds a standard bag of plain white long-grain rice and is looking at it with an expression caught between mild amusement and mild grief. The aisle is wide, brightly lit, anonymous. No one else is in the aisle. A cart sits beside her. She has also placed a bulb of garlic in the cart. The aisle is full of varieties she wasn't looking for. The bracelet is visible on her left wrist. Her phone is in her right hand — she is about to take a photo of the rice bag.","Photorealistic documentary medium shot, large U.S. grocery store rice and grain aisle, Filipina woman early 30s in casual jeans and simple top holding plain white long-grain rice bag, woven bracelet on left wrist, phone in right hand being raised to photograph the rice bag, shopping cart with single garlic bulb beside her, wide anonymous brightly lit aisle with floor-to-ceiling rice varieties, mild amused grieving expression, 35mm lens, documentary realism, authentic off-duty moment.","Tess, Filipina, early 30s, casual clothing (jeans, simple top — off duty), woven bracelet left wrist, no badge or scrubs. Grocery store — commercial bright lighting. Phone as key prop. Mild expression of humor and quiet cultural displacement.","anime, cartoon, CGI, plastic skin, distorted hands, extra fingers, watermark, oversaturated HDR, fantasy lighting, stock-photo smile","Medium — Tess in foreground, grocery aisle in background","COMPLETE"
"M01-S13","content","Resilience in Practice","Agency break room. Tess sits at the round table with a coffee mug, alone or nearly alone. Through the break room doorway — the hallway and part of the nursing station are visible. A male nurse (mid-30s, different from the antagonist coworker — a frustrated but non-hostile colleague) leans against the hallway wall, talking to another clinician, gesturing toward the ceiling with hands open as if venting about something operational. Tess watches from the doorway sightline, her expression: calm, observational, registering without judgment. Her coffee mug is held with both hands. The bracelet is visible on her left wrist. She is not performing composure — this is just how she processes. The break room is unglamorous: a small fridge, microwave, motivational poster, coffee maker.","Photorealistic documentary medium shot, agency break room, Filipina nurse early 30s seated at round table with both hands on coffee mug, observational calm expression, through doorway visible: male nurse mid-30s in hallway leaning against wall gesturing while venting to another clinician, woven bracelet on left wrist, unglamorous break room with small fridge and microwave and motivational poster, fluorescent light, 35mm lens, documentary realism, observational composure moment.","Tess, Filipina, early 30s, navy scrubs, woven bracelet left wrist, coffee mug, notebook. Break room — fluorescent. Male nurse visible through doorway: mid-30s, different person from antagonist coworker, frustrated but ordinary expression.","anime, cartoon, CGI, plastic skin, distorted hands, extra fingers, watermark, oversaturated HDR, fantasy lighting, stock-photo smile","Medium two-shot — Tess observing","COMPLETE"
"M01-S13-EC1","educator-commentary","Educator Side Comment: First Contact Signal","","Photorealistic documentary scene of Filipina nurse in U.S. agency break room observing colleagues expressing frustration, her expression calm and observational, realistic office environment, natural light, 35mm lens.","Character anchor: Tess, Filipina, early 30s, tied-back dark hair, navy scrubs, woven bracelet left wrist, calm eyes, consistent badge and stethoscope. Seated at break room table, coffee cup, observational posture.","anime, cartoon, CGI, plastic skin, distorted hands, extra fingers, watermark, oversaturated HDR, fantasy lighting, stock-photo smile","Medium two-shot — Tess observing","NEEDS REVIEW — LTX/Detail missing"
"M01-S14","content","Agency Orientation: Reading the Policies with New Eyes","Agency conference room — orientation day. A rectangular table with four other new hires seated around it (diverse — not described in detail). Tess sits near the middle, a large policy binder open in front of her, yellow highlighter in hand. She has highlighted several lines on the current page. The page is from a ""Language Access and Interpreter Services"" section — visible tab label on the binder's edge. The room has overhead fluorescent light, a projector screen at the front showing a slide (blurred), a whiteboard. Other new hires are at various stages of engagement — one takes notes, one looks at their phone. Tess is the most visibly engaged. Her bracelet is on her left wrist, holding the binder open. Her expression is focused, slightly struck by what she's reading.","Photorealistic documentary medium shot, agency conference room orientation, Filipina nurse early 30s seated at table with large policy binder open to Language Access section, yellow highlighter in hand with highlighted lines visible, binder edge tab showing section title, woven bracelet left wrist holding binder open, other new hires blurred in background at various engagement levels, fluorescent overhead light, blurred projector screen at front, focused slightly struck expression, 35mm lens, documentary realism, authentic policy orientation moment.","Tess, Filipina, early 30s, navy scrubs, woven bracelet left wrist, highlighter and pen. Agency conference room — fluorescent. Binder with visible Language Access tab as key prop. Focused, slightly struck expression.","anime, cartoon, CGI, plastic skin, distorted hands, extra fingers, watermark, oversaturated HDR, fantasy lighting, stock-photo smile","Medium over-shoulder close on binder","COMPLETE"
"M01-S15","content","First Handoff: A New Rhythm","Agency nursing station — morning huddle. The charge nurse (female, 50s, reading glasses on a chain, clipboard with patient list) stands at the whiteboard, moving through the assignment list at a businesslike pace. Tess stands in the group of five or six clinicians, notebook open, writing steadily. She has underlined something on her notebook page from the previous night. When the charge nurse reaches a specific patient entry, Tess raises her hand — not dramatically, just a clear signal. The charge nurse glances at her, answers in two sentences, moves on. Tess writes. The other clinicians are in various states of attention. Aldrin (Filipino-American male, early 40s, first appearance — calm, professional polo shirt) stands two people away, noticing Tess's catch with a slight approving nod. Fluorescent morning light. Clock on the wall: 7:00 AM.","Photorealistic documentary medium wide shot, agency nursing station morning huddle, charge nurse female 50s with reading glasses at whiteboard moving through patient list, Filipina nurse early 30s in group with open notebook writing steadily, hand raised with clear targeted question gesture, Filipino-American male mentor early 40s in polo shirt two people away with slight approving nod, fluorescent morning light, clock on wall showing 7:00 AM, 35mm lens, documentary realism, authentic clinical morning handoff.","Tess, Filipina, early 30s, navy scrubs, woven bracelet, notebook. FIRST APPEARANCE of Aldrin: Filipino-American male, early 40s, polo shirt with badge, calm professional demeanor — this is his introduction scene. Charge nurse: female, 50s, reading glasses, clipboard. Agency nursing station — morning.","anime, cartoon, CGI, plastic skin, distorted hands, extra fingers, watermark, oversaturated HDR, fantasy lighting, stock-photo smile","Wide ensemble narrowing to medium close on Tess","COMPLETE"
"M01-S16","content","The Rights Board: Rules Become Real","Agency hallway. A large laminated board mounted on the wall — professional, official-looking. Clearly printed headers: ""Patient Rights,"" ""Language Access,"" ""Interpreter Services Available at No Cost,"" ""Non-Discrimination Policy,"" ""Grievance Process."" The text is in English with smaller Spanish text below each section. Tess stands in front of it, partially turned toward the board, phone raised to photograph it. Her expression: attentive, studying. Not looking for something wrong — reading as orientation. The hallway is otherwise empty. Fluorescent light. The board's vinyl surface reflects slightly. Bracelet visible on the phone-holding hand.","Photorealistic documentary medium close shot, agency hallway, official laminated wall board with headers for Patient Rights, Language Access, Interpreter Services at No Cost, Non-Discrimination Policy, and Grievance Process in English with Spanish below, Filipina nurse early 30s standing partially turned toward board with phone raised to photograph it, attentive studying expression, woven bracelet visible on phone-holding left hand, fluorescent hallway light with slight vinyl glare on board surface, 35mm lens, documentary realism, authentic institutional setting.","Tess, Filipina, early 30s, navy scrubs, woven bracelet, badge, phone. Agency hallway — fluorescent. Rights board as key prop with clearly legible headers. Studying not suspicious expression.","anime, cartoon, CGI, plastic skin, distorted hands, extra fingers, watermark, oversaturated HDR, fantasy lighting, stock-photo smile","Insert close on board to medium of Tess reading","COMPLETE"
"M01-S17","content","Pre-Visit Preparation: First Patient","Tess's car — parked in a residential street, morning. She sits in the driver's seat with the engine off. Her nursing bag is on the passenger seat beside her. A tablet is propped against the steering wheel — the EHR patient chart is open, showing a patient profile. She is reading. Her lips move slightly — she is silently rehearsing the patient's name. Her left hand rests on the steering wheel, the bracelet visible. Morning light through the windshield — slightly overcast, realistic suburban neighborhood visible through the glass. A residential house is partially visible through the passenger window — she is parked outside the patient's home. She touches the bracelet, glances in the rearview mirror once, and reaches for the door handle.","Photorealistic documentary medium close shot, interior of parked car in residential suburban street morning, Filipina nurse early 30s in driver's seat with engine off, nursing bag on passenger seat, tablet propped against steering wheel showing EHR patient profile, lips slightly moving while rehearsing patient name, left hand on steering wheel with woven bracelet visible, slightly overcast morning light through windshield, partial view of residential house through passenger window, 35mm lens, shallow depth of field on tablet and nurse, documentary realism, authentic pre-visit preparation.","Tess, Filipina, early 30s, navy scrubs, woven bracelet left wrist, badge, tablet. Interior of parked car — overcast morning light. Nursing bag on passenger seat. Residential neighborhood through windows. Pre-visit composure ritual.

BATCH 2 — SCENES S26, S27, S29, S30, S32–S39","anime, cartoon, CGI, plastic skin, distorted hands, extra fingers, watermark, oversaturated HDR, fantasy lighting, stock-photo smile","Close over-shoulder — tablet and hands in focus","COMPLETE"
"M01-S18-Q","challenge","Challenge 1: Cultural Preference vs Clinical Urgency — Question","","Photorealistic documentary image of nurse pausing at patient front door with chart and phone, subtle clinical urgency in posture, realistic residential exterior, natural morning light, 35mm lens.","Character anchor: Tess, Filipina, early 30s, tied-back dark hair, navy scrubs, woven bracelet left wrist, calm eyes, consistent badge and stethoscope. Bracelet visible. Neutral decision-moment expression.","anime, cartoon, CGI, plastic skin, distorted hands, extra fingers, watermark, oversaturated HDR, fantasy lighting, stock-photo smile","POV medium — door in background","NEEDS REVIEW — LTX/Detail missing"
"M01-S18-D","debrief","Challenge 1 Debrief: Rights and Urgency Are Not a Choice","","Photorealistic documentary image of nurse on phone outside residential home, supervisor call in progress, chart open, bracelet visible, natural morning light, 35mm lens.","Character anchor: Tess, Filipina, early 30s, tied-back dark hair, navy scrubs, woven bracelet left wrist, calm eyes, consistent badge and stethoscope. Escalation call posture — composed and purposeful.","anime, cartoon, CGI, plastic skin, distorted hands, extra fingers, watermark, oversaturated HDR, fantasy lighting, stock-photo smile","Medium — nurse at doorway with phone","NEEDS REVIEW — LTX/Detail missing"
"M01-S19","content","Handoff Under Pressure","","Photorealistic documentary frame of crowded morning nursing station huddle, Tess speaking while colleague talks over her, realistic fluorescent lighting, subtle tension in body language.","Character anchor: Tess, Filipina, early 30s, tied-back dark hair, navy scrubs, woven bracelet left wrist, calm eyes, consistent badge and stethoscope. Composure under interruption — no exaggerated frustration.","anime, cartoon, CGI, plastic skin, distorted hands, extra fingers, watermark, oversaturated HDR, fantasy lighting, stock-photo smile","Wide ensemble to medium close on Tess","NEEDS REVIEW — LTX/Detail missing"
"M01-S19-EC2","educator-commentary","Educator Side Comment: Handoff Safety","","Photorealistic documentary frame of crowded morning nursing station huddle, Tess speaking while colleague talks over her, realistic fluorescent lighting, subtle tension in body language.","Character anchor: Tess, Filipina, early 30s, tied-back dark hair, navy scrubs, woven bracelet left wrist, calm eyes, consistent badge and stethoscope. Composure under interruption — no exaggerated frustration.","anime, cartoon, CGI, plastic skin, distorted hands, extra fingers, watermark, oversaturated HDR, fantasy lighting, stock-photo smile","Wide ensemble to medium close on Tess","NEEDS REVIEW — LTX/Detail missing"
"M01-S20","content","Unsafe Shortcut Introduced","","Photorealistic documentary hallway scene with two clinicians in quiet tense discussion, realistic passive-aggressive dismissiveness from one, calm controlled posture from other, 35mm lens.","Character anchor: Tess, Filipina, early 30s, tied-back dark hair, navy scrubs, woven bracelet left wrist, calm eyes, consistent badge and stethoscope. Bracelet visible during pause. Coworker: male, mid-30s, impatient posture.","anime, cartoon, CGI, plastic skin, distorted hands, extra fingers, watermark, oversaturated HDR, fantasy lighting, stock-photo smile","Medium two-shot","NEEDS REVIEW — LTX/Detail missing"
"M01-S20-EC3","educator-commentary","Educator Side Comment: Interpreter Shortcut Risk","","Photorealistic documentary hallway scene with two clinicians in quiet tense discussion, realistic passive-aggressive dismissiveness from one, calm controlled posture from other, 35mm lens.","Character anchor: Tess, Filipina, early 30s, tied-back dark hair, navy scrubs, woven bracelet left wrist, calm eyes, consistent badge and stethoscope. Bracelet visible during pause. Coworker: male, mid-30s, impatient posture.","anime, cartoon, CGI, plastic skin, distorted hands, extra fingers, watermark, oversaturated HDR, fantasy lighting, stock-photo smile","Medium two-shot","NEEDS REVIEW — LTX/Detail missing"
"M01-S21","content","Mentor Review with Aldrin","","Photorealistic documentary image of two nurses reviewing chart notes together at nursing station, mentor pointing to documentation gap, warm concentrated expressions, 35mm lens.","Character anchor: Tess, Filipina, early 30s, tied-back dark hair, navy scrubs, woven bracelet left wrist, calm eyes, consistent badge and stethoscope. Aldrin: male Filipino-American, early 40s, calm mentor posture.","anime, cartoon, CGI, plastic skin, distorted hands, extra fingers, watermark, oversaturated HDR, fantasy lighting, stock-photo smile","Medium two-shot profile","NEEDS REVIEW — LTX/Detail missing"
"M01-S22-Q","challenge","Challenge 2: Interpreter Workflow Timing — Question","","Photorealistic documentary scene of nurse pausing insulin teaching to activate interpreter service on phone, patient and daughter present, realistic home setting, natural lighting, 35mm lens.","Character anchor: Tess, Filipina, early 30s, tied-back dark hair, navy scrubs, woven bracelet left wrist, calm eyes, consistent badge and stethoscope. Patient: elderly non-English-proficient female. Daughter nearby.","anime, cartoon, CGI, plastic skin, distorted hands, extra fingers, watermark, oversaturated HDR, fantasy lighting, stock-photo smile","Medium over-shoulder","NEEDS REVIEW — LTX/Detail missing"
"M01-S22-D","debrief","Challenge 2 Debrief: Interpreter Workflow Is a Safety Control","","Photorealistic debrief image — nurse on interpreter phone call with patient in realistic home setting, chart visible, natural light, 35mm lens.","Character anchor: Tess, Filipina, early 30s, tied-back dark hair, navy scrubs, woven bracelet left wrist, calm eyes, consistent badge and stethoscope. Interpreter call in session. Patient present — relaxed.","anime, cartoon, CGI, plastic skin, distorted hands, extra fingers, watermark, oversaturated HDR, fantasy lighting, stock-photo smile","Medium — nurse and patient at table with phone","NEEDS REVIEW — LTX/Detail missing"
"M01-S23","content","Consequence Scene: Medication Confusion","","Photorealistic documentary image of nurse at kitchen table with patient reviewing pill organizer, concern visible in nurse's posture upon finding discrepancy, natural daylight, 35mm lens.","Character anchor: Tess, Filipina, early 30s, tied-back dark hair, navy scrubs, woven bracelet left wrist, calm eyes, consistent badge and stethoscope. Patient: same continuity from prior scenes. Pill organizer on table.","anime, cartoon, CGI, plastic skin, distorted hands, extra fingers, watermark, oversaturated HDR, fantasy lighting, stock-photo smile","Medium close two-shot","NEEDS REVIEW — LTX/Detail missing"
"M01-S24","content","Breakroom Microaggression","","Photorealistic documentary break room scene with subtle accent mockery incident, group of staff, Tess visible with contained restrained expression, realistic workplace environment, 35mm lens.","Character anchor: Tess, Filipina, early 30s, tied-back dark hair, navy scrubs, woven bracelet left wrist, calm eyes, consistent badge and stethoscope. Bracelet fingered during stressful moment. Emotional restraint — no exaggerated reaction.","anime, cartoon, CGI, plastic skin, distorted hands, extra fingers, watermark, oversaturated HDR, fantasy lighting, stock-photo smile","Medium group shot","NEEDS REVIEW — LTX/Detail missing"
"M01-S24-EC4","educator-commentary","Educator Side Comment: Documentation Gap Escalation Trigger","","Photorealistic documentary break room scene with subtle accent mockery incident, group of staff, Tess visible with contained restrained expression, realistic workplace environment, 35mm lens.","Character anchor: Tess, Filipina, early 30s, tied-back dark hair, navy scrubs, woven bracelet left wrist, calm eyes, consistent badge and stethoscope. Bracelet fingered during stressful moment. Emotional restraint — no exaggerated reaction.","anime, cartoon, CGI, plastic skin, distorted hands, extra fingers, watermark, oversaturated HDR, fantasy lighting, stock-photo smile","Medium group shot","NEEDS REVIEW — LTX/Detail missing"
"M01-S25-Q","challenge","Challenge 3: Bystander Duty and Reporting — Question","","Photorealistic documentary image of nurse composedly addressing coworker in break room, calm assertive posture, realistic work environment, 35mm lens.","Character anchor: Tess, Filipina, early 30s, tied-back dark hair, navy scrubs, woven bracelet left wrist, calm eyes, consistent badge and stethoscope. Assertive but composed — no theatrical anger. Bracelet visible.","anime, cartoon, CGI, plastic skin, distorted hands, extra fingers, watermark, oversaturated HDR, fantasy lighting, stock-photo smile","Medium close — Tess in foreground","NEEDS REVIEW — LTX/Detail missing"
"M01-S25-D","debrief","Challenge 3 Debrief: Professional Correction Is Mandatory","","Photorealistic documentary image of nurse writing formal incident report at desk, detailed notes visible, professional composed expression, realistic office setting, 35mm lens.","Character anchor: Tess, Filipina, early 30s, tied-back dark hair, navy scrubs, woven bracelet left wrist, calm eyes, consistent badge and stethoscope. At desk — composed, documenting. Bracelet near keyboard.","anime, cartoon, CGI, plastic skin, distorted hands, extra fingers, watermark, oversaturated HDR, fantasy lighting, stock-photo smile","Medium close — nurse at desk writing","NEEDS REVIEW — LTX/Detail missing"
"M01-S26","content","Supervisor Coaching: Objective Reporting Language","Supervisor's office — a small but organized room. Desk with a computer monitor (screen off or angled away), a stack of HR policy binders spine-out on the shelf behind her, a potted plant on the windowsill that is visibly healthy — watered, full-leafed. The supervisor (female, mid-50s, professional blouse in muted blue-grey, reading glasses resting on the desk surface, lanyard with badge) sits behind the desk, upper body slightly forward, both hands flat on the desk surface in front of a printed incident report form. The form faces Tess and Aldrin across the desk. One of the supervisor's index fingers is positioned on a specific field — the ""Behavioral Description"" field — labeled in clear black type. Tess sits in the chair directly across — navy scrubs, bracelet on left wrist resting on the arm of the chair, notebook open on her knee, pen in right hand, writing steadily. Aldrin sits in the adjacent chair slightly to Tess's right — polo shirt, badge on lanyard, one hand on his knee, body leaning back fractionally, listening posture. The window behind the supervisor shows afternoon natural light — warm, diffused, through partially drawn blinds creating horizontal light bands across the desk. The door behind Tess and Aldrin is closed. The room has overhead fluorescent supplemented by a desk lamp on the supervisor's left — warm incandescent bulb. The incident report form between them shows visible section headers: ""Date/Time,"" ""Location,"" ""Witnesses Present,"" ""Behavioral Description,"" ""Observed Impact,"" ""Requested Follow-Up."" The Behavioral Description field is where the supervisor's finger rests.","Photorealistic documentary medium three-shot, supervisor's small organized office, supervisor female mid-50s in muted blue-grey professional blouse seated behind desk with both hands flat on desk surface, one index finger resting on Behavioral Description field of printed incident report form, reading glasses on desk, HR policy binders on shelf behind, healthy potted plant on windowsill, Filipina nurse early 30s in navy scrubs in chair across desk with open notebook on knee and pen in right hand writing, woven bracelet on left wrist resting on chair arm, Filipino-American male mentor early 40s in polo shirt in adjacent chair with listening posture one hand on knee, afternoon window light through partially drawn blinds creating horizontal bands, warm desk lamp on supervisor's left, closed door behind visitors, 35mm lens, documentary realism, authentic coaching session.","Tess, Filipina, early 30s, navy scrubs, woven bracelet on left wrist, notebook on knee, pen in right hand. Aldrin: Filipino-American, early 40s, polo shirt, badge on lanyard, listening posture — continuity from S15. Supervisor: female, mid-50s, muted blue-grey professional blouse, reading glasses on desk surface, badge on lanyard. Supervisor's office — warm desk lamp and afternoon window light. Incident report form with visible field headers as central prop.","anime, cartoon, CGI, plastic skin, distorted hands, extra fingers, watermark, oversaturated HDR, fantasy lighting, stock-photo smile","Medium conference shot — two-shot","COMPLETE"
"M01-S26-EC5","educator-commentary","Educator Side Comment: Corrective Action Process","","Photorealistic documentary image of supervisor and nurse in office discussion, professional coaching posture, neutral tone, realistic office setting, 35mm lens.","Character anchor: Tess, Filipina, early 30s, tied-back dark hair, navy scrubs, woven bracelet left wrist, calm eyes, consistent badge and stethoscope. Seated in coaching session. Supervisor: female, mid-50s, professional attire.","anime, cartoon, CGI, plastic skin, distorted hands, extra fingers, watermark, oversaturated HDR, fantasy lighting, stock-photo smile","Medium conference shot — two-shot","NEEDS REVIEW — LTX/Detail missing"
"M01-S27","content","Documentation Audit Moment","Agency workstation — end of day. The overhead fluorescent panels are still on but most of the adjacent workstations are empty or being cleared — a coat being pulled on in the background, a bag lifted from a chair hook, a monitor going dark. Tess's station is still active. The EHR screen shows a patient record — a standard-format chart page. Two fields in the middle of the screen are visibly empty: ""Patient Language Preference"" is blank, the dropdown shows no selection. Below it: ""Interpreter Services Used"" — also blank, no entry. Both fields have a faint yellow background indicating incomplete status. A second chart tab is open in the browser — this tab also shows the same two fields blank, different patient name at the top. Tess sits in the desk chair, slightly turned toward the monitor, one elbow on the desk edge. Her pen is in her right hand but resting on the desk — not writing yet. Her nursing bag is packed and standing upright on the floor beside the chair leg, ready to go. Her left wrist with bracelet is near the keyboard edge. Her expression is analytical, steady — she has recognized a pattern, not reacted to an emergency. Late afternoon daylight from the window behind the workstation mixes with the dimmer fluorescent overhead — the ratio has shifted, the natural light is orange-warm and lower angle, the fluorescent cooler. Most overhead lights in the background have not been dimmed, but the general energy of the office is end-of-shift.","Photorealistic documentary medium close shot, agency workstation end of day, EHR screen showing patient chart with two empty fields highlighted in faint yellow — Patient Language Preference blank dropdown and Interpreter Services Used blank — second browser tab visible with different patient name and same blank fields, Filipina nurse early 30s in chair turned toward monitor with pen resting in right hand on desk not writing, woven bracelet near keyboard edge on left wrist, packed nursing bag standing on floor beside chair leg, analytical steady expression — pattern recognition not alarm, late afternoon warm orange daylight from window behind mixing with cooler fluorescent overhead, other workstations empty or being cleared in blurred background, 35mm lens, documentary realism, end-of-day audit discovery.","Tess, Filipina, early 30s, navy scrubs, woven bracelet near keyboard on left wrist, pen in right hand resting on desk. EHR screen with two blank highlighted fields as primary visual. Packed nursing bag on floor — she was about to leave. Late afternoon agency workstation — end-of-shift energy in background.","anime, cartoon, CGI, plastic skin, distorted hands, extra fingers, watermark, oversaturated HDR, fantasy lighting, stock-photo smile","Over-shoulder close on screen and hands","COMPLETE"
"M01-S27-EC6","educator-commentary","Educator Side Comment: Retaliation Early Warning","","Photorealistic workstation scene showing nurse reviewing EHR records with missing data fields, realistic monitor glow, documentary tone, 35mm lens.","Character anchor: Tess, Filipina, early 30s, tied-back dark hair, navy scrubs, woven bracelet left wrist, calm eyes, consistent badge and stethoscope. Focused posture at workstation. Bracelet near keyboard.","anime, cartoon, CGI, plastic skin, distorted hands, extra fingers, watermark, oversaturated HDR, fantasy lighting, stock-photo smile","Over-shoulder close on screen and hands","NEEDS REVIEW — LTX/Detail missing"
"M01-S28-Q","challenge","Challenge 4: Corrective Documentation — Question","","Photorealistic documentary scene of nurse composing EHR addendum note, realistic interface, natural office light, 35mm lens.","Character anchor: Tess, Filipina, early 30s, tied-back dark hair, navy scrubs, woven bracelet left wrist, calm eyes, consistent badge and stethoscope. Focused on screen — typing deliberate addendum.","anime, cartoon, CGI, plastic skin, distorted hands, extra fingers, watermark, oversaturated HDR, fantasy lighting, stock-photo smile","POV with screen and hands visible","NEEDS REVIEW — LTX/Detail missing"
"M01-S28-D","debrief","Challenge 4 Debrief: Defensible Correction Has a Sequence","","Photorealistic documentary image of nurse reviewing completed compliant addendum entry on EHR screen, timestamps visible, natural office light, 35mm lens.","Character anchor: Tess, Filipina, early 30s, tied-back dark hair, navy scrubs, woven bracelet left wrist, calm eyes, consistent badge and stethoscope. Satisfied completion posture — not relieved, just thorough.","anime, cartoon, CGI, plastic skin, distorted hands, extra fingers, watermark, oversaturated HDR, fantasy lighting, stock-photo smile","Over-shoulder close on screen","NEEDS REVIEW — LTX/Detail missing"
"M01-S29","content","Mentor Lesson: Survey Defensibility","A narrow alcove beside the chart room — a corridor dead-end that has been informally claimed as a break spot. Two institutional chairs pushed against the wall with a small round table between them — the kind found in waiting areas, laminate top, metal legs. Two paper coffee cups on the table. The chart room doorway is visible directly behind Aldrin — through the open door, shelves of binders and manila folders are visible, labeled tabs in multiple colors. A wall sconce on the right side provides warm incandescent light — the only light source in the alcove besides the spill from the chart room's fluorescent. The alcove is quiet, slightly removed from the main floor noise. Aldrin sits in the left chair, body turned slightly toward Tess — not lecturing posture, more like someone telling her something true that she needs to hear. His coffee cup is held with both hands, resting on his knee. He is leaning forward fractionally. His expression is calm, direct, not dramatizing. Tess sits in the right chair, facing him. Her left hand is around her coffee cup on the table. Her right hand holds a pen loosely over an open notebook on her knee — but she has not been writing. She has been listening. The notebook page is partially filled from earlier in the day but the pen has not touched it during this conversation yet. Both are in end-of-day posture — unhurried, not rushing to leave. Aldrin's badge lanyard hangs forward as he leans in. Tess's bracelet is visible on the hand holding the coffee cup.","Photorealistic documentary medium two-shot, narrow alcove beside chart room, Filipino-American male mentor early 40s in polo shirt seated in institutional chair turned toward Filipina nurse with both hands holding coffee cup on knee and forward lean — calm direct not lecturing posture, Filipina nurse early 30s in adjacent chair with left hand on coffee cup on table and pen held loosely over open notebook on knee but not writing — listening posture, chart room doorway behind mentor with shelves of labeled binders visible through opening, warm incandescent wall sconce light in alcove, two paper coffee cups on small round laminate table, mentor's badge lanyard hanging forward, woven bracelet on nurse's coffee-holding hand, quiet end-of-day alcove atmosphere, 35mm lens, documentary realism.","Aldrin: Filipino-American, early 40s, polo shirt, badge on lanyard hanging forward during lean. Tess: navy scrubs, woven bracelet visible on coffee-holding left hand, pen in right hand over notebook. Alcove setting — warm incandescent sconce only, chart room fluorescent spill. Two paper coffee cups on table. End-of-day, quiet, unhurried.","anime, cartoon, CGI, plastic skin, distorted hands, extra fingers, watermark, oversaturated HDR, fantasy lighting, stock-photo smile","Medium two-shot","COMPLETE"
"M01-S30","content","Near-Miss Escalation","Mr. Henderson's kitchen — a modest suburban kitchen with a round wooden table, four chairs, a window over the sink showing morning light. Mr. Henderson sits across from Tess at the table — same elderly Caucasian man from S18, but now more alert, more upright in posture than in the earlier hospital bed scene, wearing a plaid flannel shirt and grey slacks, seated in a wooden chair. He is not in a hospital bed — this is a resumed home visit. A plastic pill organizer sits on the table between them — seven-day, two-compartments-per-day style, the Monday morning and Monday noon sections both open and showing pills. A prescription bottle and a glass of water also on the table. Tess has her tablet on the table in front of her showing two visit notes side by side — both visible on screen, the timing entries highlighted in yellow: one reads ""8 AM"" and the other reads ""8 AM and 12 PM"" — the conflict is visible on the screen. Her expression: controlled recognition — the moment of catching something. Not alarmed. Operational. Her jaw is slightly set. Mr. Henderson is watching her face, reading her expression — he is puzzled, attentive, slightly worried. He is holding a small white oval pill between his thumb and index finger, raised — he was about to take it. Tess has placed her right hand gently on top of the pill organizer — a subtle ""wait"" gesture, palm down, fingers flat. Her phone is on the table beside the pill organizer — she has already placed it there in preparation to call. The kitchen window light is morning warm. A dish rack on the counter. A magnetic notepad on the refrigerator. Tess's nursing bag is on the floor beside her chair.","Photorealistic documentary medium two-shot, Mr. Henderson's modest suburban kitchen table morning, elderly Caucasian man late 70s in plaid flannel shirt sitting upright across from nurse holding small white pill between thumb and forefinger raised — about to take it, Filipina nurse early 30s with tablet on table showing two visit notes side by side with conflicting time entries highlighted yellow, right hand placed flat and gently on pill organizer in subtle wait gesture, controlled recognition expression — catching something, patient looking puzzled and attentive, phone placed on table beside pill organizer, prescription bottle and water glass on table, seven-day two-compartment pill organizer open, morning kitchen window light, nursing bag on floor beside chair, woven bracelet visible on phone-side left wrist, 35mm lens, documentary realism, near-miss discovery moment.","Tess, Filipina, early 30s, navy scrubs, woven bracelet on left wrist visible near phone, tablet in front of her showing conflicting notes. Mr. Henderson: elderly Caucasian male, late 70s, plaid flannel shirt — CONTINUITY: more upright and alert than S18, kitchen table not hospital bed, same patient. Pill organizer as critical prop with pill mid-air in patient's hand. Morning kitchen light.","anime, cartoon, CGI, plastic skin, distorted hands, extra fingers, watermark, oversaturated HDR, fantasy lighting, stock-photo smile","Medium close two-shot","COMPLETE"
"M01-S31-Q","challenge","Challenge 5: Teach-Back Under Risk — Question","Mr. Henderson's kitchen table — the moment of decision, continuous from S30. The same kitchen: round wooden table, morning light through the window, prescription bottle and water glass. Mr. Henderson sits across from Tess, now with the small white pill placed back on the table in front of him — he has set it down. He is watching Tess's face with attentive concern. His hands are in his lap. The pill organizer sits between them, both morning compartments open. Tess has her tablet in front of her, two visit notes still visible side by side on screen with conflicting time entries. Her phone is now in her right hand, raised slightly — she is in the act of dialing. Her left hand rests on the edge of the tablet. Her expression: composed, focused. Not alarmed. Operational. She is looking at Mr. Henderson while dialing — maintaining contact with the patient while initiating the escalation call. The bracelet is on her left wrist near the tablet edge. Her nursing bag is on the floor beside her chair.","Photorealistic documentary medium shot, Mr. Henderson's kitchen table decision moment, elderly Caucasian man late 70s in plaid flannel shirt with small pill set back on table in front of him and hands in lap watching nurse with attentive concern, Filipina nurse early 30s with tablet on table showing two conflicting visit notes side by side and phone in right hand raised and dialing while looking at patient to maintain contact, left hand on tablet edge with woven bracelet visible, pill organizer between them with both morning compartments open, composed focused operational expression on nurse, prescription bottle and water glass, morning kitchen window light, nursing bag on floor beside chair, 35mm lens, documentary realism, near-miss escalation moment.","Tess, Filipina, early 30s, navy scrubs, woven bracelet on left wrist near tablet edge, phone in right hand dialing, composed focused expression. Mr. Henderson: same elderly Caucasian male, plaid flannel, pill set back on table, watching attentively. Pill organizer as critical prop. Same kitchen — morning light continuity from S30.","anime, cartoon, CGI, plastic skin, distorted hands, extra fingers, watermark, oversaturated HDR, fantasy lighting, stock-photo smile","Medium close — nurse and patient at table","COMPLETE"
"M01-S31-D","debrief","Challenge 5 Debrief: Near-Miss Requires Same-Visit Response","Mr. Henderson's kitchen table — the moment of decision, continuous from S30. The same kitchen: round wooden table, morning light through the window, prescription bottle and water glass. Mr. Henderson sits across from Tess, now with the small white pill placed back on the table in front of him — he has set it down. He is watching Tess's face with attentive concern. His hands are in his lap. The pill organizer sits between them, both morning compartments open. Tess has her tablet in front of her, two visit notes still visible side by side on screen with conflicting time entries. Her phone is now in her right hand, raised slightly — she is in the act of dialing. Her left hand rests on the edge of the tablet. Her expression: composed, focused. Not alarmed. Operational. She is looking at Mr. Henderson while dialing — maintaining contact with the patient while initiating the escalation call. The bracelet is on her left wrist near the tablet edge. Her nursing bag is on the floor beside her chair.","Photorealistic documentary medium shot, Mr. Henderson's kitchen table decision moment, elderly Caucasian man late 70s in plaid flannel shirt with small pill set back on table in front of him and hands in lap watching nurse with attentive concern, Filipina nurse early 30s with tablet on table showing two conflicting visit notes side by side and phone in right hand raised and dialing while looking at patient to maintain contact, left hand on tablet edge with woven bracelet visible, pill organizer between them with both morning compartments open, composed focused operational expression on nurse, prescription bottle and water glass, morning kitchen window light, nursing bag on floor beside chair, 35mm lens, documentary realism, near-miss escalation moment.","Tess, Filipina, early 30s, navy scrubs, woven bracelet on left wrist near tablet edge, phone in right hand dialing, composed focused expression. Mr. Henderson: same elderly Caucasian male, plaid flannel, pill set back on table, watching attentively. Pill organizer as critical prop. Same kitchen — morning light continuity from S30.","anime, cartoon, CGI, plastic skin, distorted hands, extra fingers, watermark, oversaturated HDR, fantasy lighting, stock-photo smile","Over-shoulder medium close","COMPLETE"
"M01-S32","content","Formal Grievance Trigger","Agency supervisor's office — a different session from S26. The supervisor sits at her desk alone, on the phone. Her posture is upright, professional — this is a working call, not casual. On her computer screen: a grievance intake form — visible fields include ""Complaint Category,"" ""Date of Incident,"" ""Clinician(s) Involved,"" ""Family/Patient Representative,"" ""Routing Number."" A routing number is visible on screen — a format like GR-2024-047. On the desk beside the keyboard: a printed confirmation slip with the same routing number visible at the top, printed on agency letterhead. The supervisor's notepad beside the phone shows handwritten notes — dates, initials, a time notation. Her reading glasses are on this time, on her face as she reads from the screen while speaking. Her expression: measured, procedural — this is workflow management, not crisis response. The door to the office is open — through the open doorway and across a short stretch of hallway, Tess is partially visible, seated at a workstation near a window in the adjacent workspace. Tess is writing in her chart, looking at her tablet. She is not on the phone. She is not part of this call. She is unaware she is visible from this angle. The afternoon light is natural and warm through the supervisor's window — later afternoon than S26. The office layout is the same small organized room: HR binders, plant on windowsill (same thriving plant), desk lamp on.","Photorealistic documentary medium shot, agency supervisor's small organized office, supervisor female mid-50s at desk on phone with reading glasses on, grievance intake form on computer screen showing visible fields including routing number GR-2024-047, printed confirmation slip with routing number on letterhead on desk beside keyboard, handwritten notepad with dates and initials, measured procedural expression — workflow not crisis, through open office doorway Filipina nurse early 30s visible at workstation near window writing in chart unaware she is in frame, same thriving plant on windowsill as S26, desk lamp on, afternoon warm natural light through window, 35mm lens, documentary realism, authentic grievance intake administrative moment.","Supervisor: female, mid-50s, reading glasses on face this scene, professional blouse — same from S26. Tess: navy scrubs, bracelet, visible through doorway in background — NOT part of this call, writing independently. Agency office — afternoon natural light. Grievance intake form with routing number as key visual.","anime, cartoon, CGI, plastic skin, distorted hands, extra fingers, watermark, oversaturated HDR, fantasy lighting, stock-photo smile","Medium office shot","COMPLETE"
"M01-S33","content","Leadership Process: Fair and Documented","Agency conference room — formal review session, different from the orientation room in S14. A longer rectangular table with six chairs — three occupied, three empty. The three reviewers sit on the same side of the table, facing slightly inward toward a spread of documents between them. Left: the supervisor — same woman from S26 and S32, reading glasses on, one hand pointing to a printed visit note. Center: HR representative — female, early 40s, dark blazer over a white blouse, hair pulled back, professional and efficient, writing on a legal notepad with a ballpoint pen. Right: compliance officer — male, mid-50s, reading glasses, grey button-down shirt, sitting with a laptop open, cross-referencing something on screen against a printed document in his other hand. The table surface has a spread of printed documents: multiple visit notes in a stack, the incident report Tess filed (visible header ""Incident Report"" at top), a printed patient care timeline showing dates and visit entries, and a manila folder open to show a contents list. The HR representative is currently writing. The supervisor has one finger on a specific date entry in the visit note she's holding. The compliance officer has his laptop screen visible — a patient chart is open. Behind the three reviewers: a whiteboard showing an investigation timeline written in blue dry-erase marker — boxes and arrows with dates. The room has overhead fluorescent lighting. The door is closed. No windows visible — interior conference room. The atmosphere is working, disciplined, unhurried. No raised voices implied. Just process.","Photorealistic documentary medium wide shot, agency conference room formal review session, three professionals seated on same side of rectangular table: supervisor female mid-50s with reading glasses pointing to date entry on printed visit note, HR representative female early 40s in dark blazer writing on legal notepad, compliance officer male mid-50s with reading glasses cross-referencing laptop screen against printed document, table surface spread with multiple visit notes and incident report with visible header and patient care timeline and open manila folder, whiteboard behind three showing investigation timeline in blue dry-erase with dates and arrows, closed door, overhead fluorescent lighting, disciplined working atmosphere not punitive or heated, 35mm lens, documentary realism, authentic compliance review.","No Tess in this scene. Supervisor: same from S26/S32, reading glasses on. HR representative: female, early 40s, dark blazer, white blouse, hair back — NEW character, first appearance. Compliance officer: male, mid-50s, grey button-down, reading glasses, laptop — NEW character, first appearance. Conference room — fluorescent, formal, interior.","anime, cartoon, CGI, plastic skin, distorted hands, extra fingers, watermark, oversaturated HDR, fantasy lighting, stock-photo smile","Wide conference room shot","COMPLETE"
"M01-S34","content","Corrective Action and Coaching","HR office — a small, separate room from the main conference room and supervisor's office. A standard desk with a phone on one corner, a computer monitor at an angle, and a fax machine or printer on a credenza behind. Two chairs on the visitor side of the desk. The HR representative from S33 sits behind the desk — same dark blazer, same professional appearance, pen in hand. Across from her on the visitor side sits the male coworker — same mid-30s clinician from S19, S20, and S24, but his posture is substantially different: no crossed arms, no casual lean. He is sitting forward slightly, elbows near his knees, reading a document on the desk in front of him. A Performance Improvement Plan — the header is visible at the top of the document in bold: ""PERFORMANCE IMPROVEMENT PLAN."" Below the header, typed sections are partially visible. At the bottom of the visible page: a signature line with ""Employee Signature"" and a date line beneath it. The coworker's expression: subdued, processing — reading the document. Not crying, not dramatic, just absorbing what is on the page. A pen sits on the desk between them — not yet picked up. The room has a narrow window showing afternoon light — a slice of warm outdoor light against the otherwise institutional interior. The door is closed. The HR representative has her hands folded on the desk, patient posture — waiting for him to finish reading. This is procedural accountability, not punishment theater.","Photorealistic documentary medium two-shot, small HR office, HR representative female early 40s in dark blazer seated behind desk with hands folded patient posture, male clinician mid-30s in scrubs seated forward in visitor chair reading Performance Improvement Plan document on desk — header bold and visible, signature line visible at bottom of page, pen on desk between them not yet picked up, subdued processing expression on coworker — absorbing not dramatic, narrow window with afternoon light on one side, closed door, printer on credenza behind HR rep, procedural accountability atmosphere not theatrical, 35mm lens, documentary realism, authentic corrective action meeting.","Male coworker: same mid-30s clinician from S19/S20/S24 — subdued, forward-leaning reading posture, no crossed arms, chastened energy. HR representative: female, early 40s, dark blazer — same from S33. HR office — separate from main spaces. No Tess appearance in this scene.","anime, cartoon, CGI, plastic skin, distorted hands, extra fingers, watermark, oversaturated HDR, fantasy lighting, stock-photo smile","Medium formal two-shot","COMPLETE"
"M01-S34-EC7","educator-commentary","Educator Side Comment: Inclusion to Operations Bridge","","Photorealistic documentary HR meeting scene with professional review and written corrective action documentation, neutral institutional tone, realistic office setting, 35mm lens.","No primary character lock — institutional process focus.","anime, cartoon, CGI, plastic skin, distorted hands, extra fingers, watermark, oversaturated HDR, fantasy lighting, stock-photo smile","Medium formal two-shot","NEEDS REVIEW — LTX/Detail missing"
"M01-S35","content","Tess Reflection Under Pressure","Agency parking lot — late afternoon, the light low and golden, the angle suggesting 5 or 6 PM. The agency building is visible behind Tess — a standard commercial building exterior, glass-and-metal door, the agency name or logo on a sign above the entrance, partially visible. The parking lot is mostly empty — several cars remain, ordinary sedans and small SUVs. Tess walks on the asphalt toward her car — an ordinary silver-grey sedan parked in the second row. She is walking at a normal pace: not hurried, not dragging. Her nursing bag is on her right shoulder. She has not changed clothes — same navy scrubs, same badge (lanyard slightly loose after a long day). Her left arm swings naturally as she walks. Her right hand has crossed to touch the bracelet on her left wrist — fingers wrapped around the thread loosely, holding for a step or two as she walks. The bracelet thread catches the golden light briefly. Her expression: inward. Not performing composure, not visibly distressed. The look of someone at the end of a hard day who got through it by working correctly. She is tired. She is okay. These are not contradictions. The golden light catches the side of her face and the bracelet simultaneously. The parking lot surface is marked with faded white lines. A cart return stand is visible near the building. Other cars parked — ordinary, no drama in the environment.","Photorealistic documentary medium wide shot, agency parking lot late afternoon golden declining light at low angle, Filipina nurse early 30s walking toward ordinary silver-grey sedan in second row with nursing bag on right shoulder and right hand touching woven bracelet on left wrist with fingers wrapped loosely around thread, inward not-performing expression — tired and okay simultaneously, agency building with glass door and sign visible behind her, mostly empty parking lot with faded white lane markings, golden light catching side of face and bracelet, ordinary environment, navy scrubs and badge with loose lanyard, 35mm lens, documentary realism, quiet earned end-of-shift moment.","Tess, Filipina, early 30s, navy scrubs, badge with slightly loose lanyard — end of long shift, bracelet on left wrist touched during walk with right hand, nursing bag on right shoulder, silver-grey sedan destination. Parking lot — golden late afternoon light. Inward expression, not theatrical. Same bracelet — coarse thread, continuity.","anime, cartoon, CGI, plastic skin, distorted hands, extra fingers, watermark, oversaturated HDR, fantasy lighting, stock-photo smile","Medium wide to bracelet close-up insert","COMPLETE"
"M01-S36","content","Transition to Mastery","Mr. Henderson's living room — a resumed morning visit. The room is recognizable from S18 but the hospital bed has been moved — through the back doorway, visible in the room beyond, is now a standard bed with a simple bedspread, indicating improved mobility and health progression. The living room itself is occupied as a living room again — the recliner chair is in its natural position by the window, a small end table beside it with a cup of coffee and a folded newspaper. Mr. Henderson sits in the recliner — same elderly Caucasian man, late 70s, wearing a grey cardigan over a plaid shirt, alert and upright, more open in posture and expression than in S18. His walker is beside the recliner, not in front as a barrier. Tess has pulled a straight chair from the dining area and positioned it at his eye level, directly across from him — not standing above him, not at a distance. She is sitting. Her nursing bag is on the floor beside her chair. Her tablet is on her knee, open to the care plan. Mr. Henderson is speaking — his body language is engaged, forward slightly, hands in his lap but active. Tess is listening. Her expression: present, attentive, settled. Not performing warmth — just there. The room has natural daylight from a window — morning light, diffused, warm. A framed family photo on the wall. A coffee cup on the end table — his. No coffee for Tess — she arrived to work.","Photorealistic documentary medium two-shot, Mr. Henderson's living room resumed morning visit, elderly Caucasian man late 70s in grey cardigan and plaid shirt seated in recliner with walker beside it — upright alert open posture, Filipina nurse early 30s in straight chair pulled to his eye level across from him — seated, not standing, nursing bag on floor beside chair and tablet on knee with care plan open, patient speaking with hands active and slightly forward posture, nurse listening with present attentive settled expression, standard bed visible through back doorway replacing hospital bed from S18, natural morning daylight through window, coffee cup on end table beside recliner, family photo on wall, 35mm lens, documentary realism, resumed trust visit.","Tess, Filipina, early 30s, navy scrubs, bracelet, tablet on knee. Mr. Henderson: same elderly Caucasian male, grey cardigan over plaid shirt — MORE OPEN and ALERT than S18, recliner not hospital bed, walker beside not in front. Living room with standard bed visible through back doorway — visual evidence of health progress. Natural morning daylight.","anime, cartoon, CGI, plastic skin, distorted hands, extra fingers, watermark, oversaturated HDR, fantasy lighting, stock-photo smile","Medium wide — driveway and patient home exterior","COMPLETE"
"M01-S37","content","Communication Adapted, Identity Preserved","Same Mr. Henderson living room, slightly later in the same resumed visit. The light has shifted fractionally — the morning sun has moved and the quality of the light through the window is slightly brighter, more direct. Tess has moved from her chair and is now standing near the window, having repositioned to show Mr. Henderson something on her tablet. The tablet is angled toward him, screen facing his direction. She has stepped slightly to his right so he can see the screen without craning. Mr. Henderson has turned in his recliner to face her — his right hand is raised slightly, one finger up — he is asking a question or making a point. His expression is engaged: eyebrows slightly raised, genuinely curious. Not confused — interested. Tess is turned toward him, holding the tablet in her left hand angled outward, her right hand gesturing slightly in explanation — fingers open, palm slightly up, a natural clarifying gesture. The bracelet is visible on the tablet-holding left hand. Her pace looks unhurried. Her expression: focused on what he's asking, working through the explanation. The recliner, end table, coffee cup, walker are all in their same positions. The nursing bag remains on the floor. This is a working visit that has found its rhythm.","Photorealistic documentary medium two-shot, Mr. Henderson's living room continued morning visit, Filipina nurse early 30s standing near window with tablet angled toward elderly patient — tablet in left hand facing outward so patient can see screen, right hand in open clarifying gesture, woven bracelet visible on tablet-holding left hand, elderly Caucasian man late 70s turned in recliner with right hand raised one finger — asking a question, engaged curious expression, unhurried working rhythm between them, slightly brighter direct morning window light, recliner and walker and end table with coffee cup in same positions as S36, nursing bag on floor, 35mm lens, documentary realism, adapted communication in action.","Tess, Filipina, early 30s, navy scrubs, bracelet visible on left hand holding tablet, right hand gesturing. Mr. Henderson: same elderly Caucasian male, recliner, engaged body language — SECOND question in this scene indicates growing engagement. Same living room, same natural light now slightly more direct. Bracelet visible during gesture.","anime, cartoon, CGI, plastic skin, distorted hands, extra fingers, watermark, oversaturated HDR, fantasy lighting, stock-photo smile","Medium seated two-shot — eye-level","COMPLETE"
"M01-S38","content","Interpreter Workflow Executed Correctly","Mr. Henderson's living room — interpreter call in progress, same visit. The arrangement has shifted slightly from S37: Tess is now seated again in her chair, positioned close to the coffee table between the chairs. The phone — her agency-issued smartphone — is on the coffee table surface, propped on its edge or lying face-up, on speaker. The phone screen shows a call in progress — a call timer is visible. An interpreter's voice is present but not seen. Mr. Henderson sits in his recliner — he is holding an insulin pen in his right hand, demonstrating back to Tess as part of the teach-back. He is pointing to the correct injection site on his abdomen with his left hand while holding the pen in his right — the demonstration is active. His expression is focused and calm — he is concentrating but not confused. He understood. Tess watches him demonstrate, her chart open on her knee, pen poised over the documentation page — ready to write what she observes, not what she assumed. Her left hand is on the chart, bracelet catching the light from the window. Teaching materials — a laminated instruction sheet with illustrated steps — are in a clear folder on the coffee table beside the phone. The room is otherwise quiet. Natural daylight through the window. The interaction has the quality of careful work being done correctly.","Photorealistic documentary medium two-shot, Mr. Henderson's living room interpreter call in progress, phone on coffee table face-up on speaker with call timer visible, elderly Caucasian man late 70s in recliner holding insulin pen in right hand demonstrating injection technique while pointing to correct injection site on abdomen with left hand — focused calm expression indicating comprehension, Filipina nurse early 30s in chair with chart open on knee and pen poised watching demonstration, woven bracelet catching window light on chart-holding left hand, laminated teaching materials in clear folder on coffee table beside phone, natural daylight, teach-back active moment, 35mm lens, documentary realism.","Tess, Filipina, early 30s, navy scrubs, bracelet catching window light on chart-holding left hand, pen in right hand. Mr. Henderson: same elderly Caucasian male, recliner, insulin pen in hand for teach-back — focused comprehension expression. Phone on speaker on coffee table — call in progress. Laminated teaching folder on table. Natural daylight.","anime, cartoon, CGI, plastic skin, distorted hands, extra fingers, watermark, oversaturated HDR, fantasy lighting, stock-photo smile","Medium over-shoulder","COMPLETE"
"M01-S38-EC8","educator-commentary","Educator Side Comment: What Documentation Must Capture","","Photorealistic documentary scene of nurse facilitating interpreter call with patient consent discussion in living room, realistic phone on table, natural light, 35mm lens.","Character anchor: Tess, Filipina, early 30s, tied-back dark hair, navy scrubs, woven bracelet left wrist, calm eyes, consistent badge and stethoscope. Bracelet and badge consistent. Patient present — relaxed more than prior scenes.","anime, cartoon, CGI, plastic skin, distorted hands, extra fingers, watermark, oversaturated HDR, fantasy lighting, stock-photo smile","Medium over-shoulder","NEEDS REVIEW — LTX/Detail missing"
"M01-S39","content","Trust Rebuilt Through Clarity","Mr. Henderson's front doorway — end of this mid-module visit, not the final S48 goodbye. The front door is open. Mr. Henderson stands at the threshold, one hand on the door frame, the other on his walker handle — upright, unhurried. He is wearing the same grey cardigan and plaid shirt from S36/S37. His expression is genuinely open — not effusive, not theatrical, just the face of someone who has understood something and is acknowledging it. Tess stands on the porch step, one step below the threshold, nursing bag on her right shoulder, tablet closed and tucked under her left arm. Her expression: a brief, small, real smile — not a performance smile, the kind that appears for a second in the corners of the mouth and eyes and then settles. The bracelet is visible on her left wrist below where the tablet is tucked. Behind Mr. Henderson in the hallway: his daughter — the same Caucasian woman in her 40s from S18-Qa and S18-Qb — is visible. But her posture is different: in S18 she was firm, protective, gate-keeping. Now she stands with arms at her sides, body slightly turned toward the door rather than positioned between Tess and her father. The protective stance is gone. Ordinary late morning light — not golden hour, just a clear mid-morning, diffused natural light.","Photorealistic documentary medium shot, residential front doorway mid-module visit close, elderly Caucasian man late 70s in grey cardigan and plaid shirt standing at threshold with one hand on door frame and other on walker handle — genuinely open expression not theatrical, Filipina nurse early 30s on porch step below with nursing bag on right shoulder and closed tablet under left arm, brief real small smile not performed, woven bracelet visible on left wrist below tablet, daughter visible in hallway behind patient with arms at sides and relaxed posture — contrast to protective stance from S18, late morning natural diffused light, 35mm lens, documentary realism, rebuilt trust ordinary moment.","Tess, Filipina, early 30s, navy scrubs, bracelet on left wrist below tucked tablet, small real smile. Mr. Henderson: grey cardigan, plaid shirt, walker, doorway, genuinely open expression. Daughter: same Caucasian woman from S18 — RELAXED posture now, arms at sides, contrast to earlier gate-keeping. Late morning natural light.

BATCH 3 — FULL CHALLENGE AND FINAL ASSESSMENT EXPANSION","anime, cartoon, CGI, plastic skin, distorted hands, extra fingers, watermark, oversaturated HDR, fantasy lighting, stock-photo smile","Close two-shot — eye-level","COMPLETE"
"M01-S40-Q","challenge","Challenge 6: Integrated Workflow Sequencing — Question","New patient's living room — first visit, Tess has just entered the room and is still near the entrance. She has not yet put her nursing bag down. The bag is still on her left shoulder. A folder of teaching materials is under her right arm. The new patient is an elderly woman in a wheelchair positioned near the window — late 70s, not ethnicity-specified, wearing a house dress, a blanket across her lap. She has just shifted slightly in the wheelchair — her shoulders have tensed and her face has registered a brief wince, a tightening around the eyes and a slight draw at the corners of the mouth. The wince is the visual center of this frame. A female family member in her 40s stands beside the wheelchair, facing Tess, speaking with animated and welcoming energy — her hand is gesturing toward Tess and then toward the coffee table where a surface has been cleared, as if presenting a workspace. The family member is not looking at the patient. She is not noticing the wince. Tess is not looking at the family member. Tess's eyes are on the patient. Her expression: locked and assessing — she has caught the wince and is reading it. Not reacting yet. Just seeing. Natural daylight from the window behind the patient. The room is a modest living room: a couch, a low coffee table, a side table with family photos, a religious ornament on the wall. The patient's wheelchair has a footrest extended.","Photorealistic documentary medium shot, new patient's living room first visit, Filipina nurse early 30s standing near room entrance with nursing bag still on left shoulder and teaching materials folder under right arm — has not yet set bag down, elderly woman in wheelchair near window with blanket across lap in the act of wincing — shoulders tensed, slight face tightening around eyes, family member female 40s standing beside wheelchair gesturing toward cleared coffee table space with welcoming animated energy — not noticing wince, nurse's eyes locked directly on patient wince expression — assessing not yet reacting, natural window light behind patient, modest living room with couch and side table and family photos, woven bracelet visible on bag-strap left shoulder hand, 35mm lens, documentary realism, clinical observation priority moment.","Tess, Filipina, early 30s, navy scrubs, woven bracelet visible on bag-strap hand, teaching folder under right arm, nursing bag still on shoulder — has not settled in yet. New patient: elderly woman in wheelchair, wincing during shift. Family member: female 40s, welcoming energy, not noticing patient. New patient home — different from Henderson scenes, natural daylight.","anime, cartoon, CGI, plastic skin, distorted hands, extra fingers, watermark, oversaturated HDR, fantasy lighting, stock-photo smile","POV decision frame — medium","COMPLETE"
"M01-S40-D","debrief","Challenge 6 Debrief: Right Steps, Right Order","New patient's living room — first visit, Tess has just entered the room and is still near the entrance. She has not yet put her nursing bag down. The bag is still on her left shoulder. A folder of teaching materials is under her right arm. The new patient is an elderly woman in a wheelchair positioned near the window — late 70s, not ethnicity-specified, wearing a house dress, a blanket across her lap. She has just shifted slightly in the wheelchair — her shoulders have tensed and her face has registered a brief wince, a tightening around the eyes and a slight draw at the corners of the mouth. The wince is the visual center of this frame. A female family member in her 40s stands beside the wheelchair, facing Tess, speaking with animated and welcoming energy — her hand is gesturing toward Tess and then toward the coffee table where a surface has been cleared, as if presenting a workspace. The family member is not looking at the patient. She is not noticing the wince. Tess is not looking at the family member. Tess's eyes are on the patient. Her expression: locked and assessing — she has caught the wince and is reading it. Not reacting yet. Just seeing. Natural daylight from the window behind the patient. The room is a modest living room: a couch, a low coffee table, a side table with family photos, a religious ornament on the wall. The patient's wheelchair has a footrest extended.","Photorealistic documentary medium shot, new patient's living room first visit, Filipina nurse early 30s standing near room entrance with nursing bag still on left shoulder and teaching materials folder under right arm — has not yet set bag down, elderly woman in wheelchair near window with blanket across lap in the act of wincing — shoulders tensed, slight face tightening around eyes, family member female 40s standing beside wheelchair gesturing toward cleared coffee table space with welcoming animated energy — not noticing wince, nurse's eyes locked directly on patient wince expression — assessing not yet reacting, natural window light behind patient, modest living room with couch and side table and family photos, woven bracelet visible on bag-strap left shoulder hand, 35mm lens, documentary realism, clinical observation priority moment.","Tess, Filipina, early 30s, navy scrubs, woven bracelet visible on bag-strap hand, teaching folder under right arm, nursing bag still on shoulder — has not settled in yet. New patient: elderly woman in wheelchair, wincing during shift. Family member: female 40s, welcoming energy, not noticing patient. New patient home — different from Henderson scenes, natural daylight.","anime, cartoon, CGI, plastic skin, distorted hands, extra fingers, watermark, oversaturated HDR, fantasy lighting, stock-photo smile","Medium close — nurse with checklist and chart","COMPLETE"
"M01-S41","content","Independent Shift Preparation","","Photorealistic documentary image of supervisor and nurse reviewing completed readiness checklist at workstation, calm professional tone, realistic office, 35mm lens.","Character anchor: Tess, Filipina, early 30s, tied-back dark hair, navy scrubs, woven bracelet left wrist, calm eyes, consistent badge and stethoscope. Supervisor: consistent from S26. Readiness confirmation posture.","anime, cartoon, CGI, plastic skin, distorted hands, extra fingers, watermark, oversaturated HDR, fantasy lighting, stock-photo smile","Medium two-shot — side angle","NEEDS REVIEW — LTX/Detail missing"
"M01-S41-EC9","educator-commentary","Educator Side Comment: Readiness Judgment","","Photorealistic documentary image of supervisor and nurse reviewing completed readiness checklist at workstation, calm professional tone, realistic office, 35mm lens.","Character anchor: Tess, Filipina, early 30s, tied-back dark hair, navy scrubs, woven bracelet left wrist, calm eyes, consistent badge and stethoscope. Supervisor: consistent from S26. Readiness confirmation posture.","anime, cartoon, CGI, plastic skin, distorted hands, extra fingers, watermark, oversaturated HDR, fantasy lighting, stock-photo smile","Medium two-shot — side angle","NEEDS REVIEW — LTX/Detail missing"
"M01-S42","challenge","Final Assessment Q1: Barrier Prioritization","Agency nursing station — pre-shift morning, 7:45 AM. The station is active but not at full capacity — two other clinicians at adjacent workstations, one on the phone, one reviewing a chart. Tess stands at her workstation — she has not yet sat down. Her nursing bag is packed and standing on the floor beside the desk. Her car keys are visible on the desk surface. The computer monitor shows the day's patient assignment schedule. On the desk beside the keyboard, a clipboard holds a pre-shift structured note form — a form with clear field sections: Patient 1, Patient 2, Patient 3, each with sub-fields for barrier type, required pre-action, and escalation threshold. Tess is writing in the Patient 1 section with a pen. Beside the clipboard: her phone, screen up. A wall clock behind the workstation shows 7:45 AM. Her expression: methodical, focused, not hurried — this is pre-departure preparation discipline. The bracelet is visible on her writing left wrist. The whiteboard on the wall behind the workstations shows three patient names with assignment markers beside them.","Photorealistic documentary medium close shot, agency nursing station pre-shift morning 7:45 AM, Filipina nurse early 30s standing at workstation with packed nursing bag on floor and car keys on desk surface, computer monitor showing patient assignment schedule, clipboard on desk with structured pre-shift note form showing Patient 1/2/3 sections with barrier and escalation fields, nurse writing in Patient 1 section with pen, phone screen-up beside clipboard, wall clock showing 7:45 AM, whiteboard behind with three patient names and assignment markers, methodical focused not-hurried expression, woven bracelet visible on writing left wrist, fluorescent morning office light, other clinicians at adjacent workstations in background, 35mm lens, documentary realism, authentic pre-shift preparation.","Tess, Filipina, early 30s, navy scrubs, woven bracelet on writing left wrist, clipboard with structured note form, car keys on desk, packed nursing bag. Agency nursing station — 7:45 AM morning. Pre-shift confidence and preparation energy — different from earlier scenes of uncertainty. Clock visible.","anime, cartoon, CGI, plastic skin, distorted hands, extra fingers, watermark, oversaturated HDR, fantasy lighting, stock-photo smile","Medium prep shot","COMPLETE"
"M01-S43","challenge","Final Assessment Q2: Complex Interaction","Second patient's kitchen table mid-visit. Tess is seated at the kitchen table with care plan materials — a printed care plan, her tablet, a teaching folder. The materials have been pushed slightly toward the center of the table — she is not currently in the teaching session. The patient is an elderly woman, East Asian appearance, 70s, seated across from Tess. She has one hand placed flat on her sternum — just below her collarbone — and is speaking. Her expression: seeking, slightly concerned. The family member — a woman in her 40s, likely her daughter — is seated adjacent to the patient at the table corner. She has leaned forward toward Tess, mouth slightly open, about to speak — offering to translate. Tess has one hand held up slightly toward the family member — palm partially visible, a gentle ""one moment"" gesture that does not touch and is not aggressive. Her other hand — the left hand — has moved to her nursing bag on the floor beside her chair and her fingers are reaching into the front pocket — she is reaching for her stethoscope. Her expression is locked on the patient, not the family member. Clinical assessment posture — direct eye contact with the patient, listening, the body already orienting toward assessment before the verbal response is complete. Natural kitchen daylight. The same kitchen environment established for this patient — modest, unfamiliar to Tess, first visit. Bracelet visible on the bag-reaching left hand.","Photorealistic documentary medium shot, second patient's kitchen table mid-visit, care plan materials pushed toward table center, elderly East Asian female patient 70s speaking with one hand flat on sternum below collarbone with concerned seeking expression, adult daughter 40s leaning forward at table corner with mouth slightly open about to offer to translate, Filipina nurse early 30s with right hand held partially up in gentle one-moment gesture toward daughter and left hand reaching into nursing bag on floor toward front pocket for stethoscope — eyes directly on patient not daughter, clinical assessment orientation already beginning before verbal response complete, woven bracelet visible on bag-reaching left hand, natural kitchen daylight, modest unfamiliar kitchen environment first visit, 35mm lens, documentary realism, complex clinical observation moment.","Tess, Filipina, early 30s, navy scrubs, woven bracelet on left hand reaching into bag, stethoscope being retrieved, right hand in gentle pause gesture. Patient: elderly East Asian female, 70s, hand on sternum. Daughter: 40s, leaning forward to translate — paused by Tess's gesture. Same modest kitchen — natural daylight. First visit to this patient — Tess is not settled in this home yet.","anime, cartoon, CGI, plastic skin, distorted hands, extra fingers, watermark, oversaturated HDR, fantasy lighting, stock-photo smile","Wide to medium close","COMPLETE"
"M01-S44","challenge","Final Assessment Q3: Documentation Defensibility","Second patient's kitchen table — post-visit documentation. The teaching session is complete and the patient and family member have moved to the living room, visible through the kitchen doorway — they are sitting on a couch, the daughter speaking to her mother. The kitchen table is now Tess's workspace. She sits alone at the table, nursing bag beside her chair on the floor, tablet open and positioned upright on a small stand she has propped against the salt shaker. The EHR documentation screen is active on the tablet — visible fields are organized vertically: ""New Symptom/Finding"" — a field that has been partially completed with a typed entry. ""Communication Barrier"" — completed with a dropdown showing ""LEP — Tagalog."" ""Interpreter ID/Method/Time"" — field being actively typed into. ""Teach-Back Result"" — partially filled. ""Escalation — Supervisor Contact"" — blank, awaiting entry. A sticky note is stuck to the edge of the tablet stand — handwritten on it: the interpreter ID number, the supervisor's name, and a time notation in her handwriting. Her pen is in her right hand but she is typing with her left and right hands alternately. Her left hand, bracelet visible, is resting near the keyboard area of the tablet. Her expression: focused, thorough, methodical. Not hurrying. Not summarizing. Filling in each field from the top. Natural kitchen daylight.","Photorealistic documentary medium close shot, second patient's kitchen table post-visit documentation, Filipina nurse early 30s seated alone at table with tablet propped upright showing EHR structured documentation screen with visible field labels — New Symptom/Finding partially filled, Communication Barrier showing LEP Tagalog, Interpreter ID/Method/Time being typed into, Teach-Back Result partially filled, Escalation Supervisor Contact blank, sticky note on tablet stand with handwritten interpreter ID and supervisor name and time, patient and daughter visible through kitchen doorway in living room on couch in background, nursing bag on floor beside chair, woven bracelet visible on left hand near keyboard, focused thorough methodical expression not hurrying, natural kitchen daylight, 35mm lens, documentary realism.","Tess, Filipina, early 30s, navy scrubs, woven bracelet on left hand near keyboard, pen in right hand when not typing. Tablet propped with EHR documentation screen showing structured fields — some complete, some in progress. Sticky note with interpreter ID as critical prop. Patient and daughter visible through doorway — visit concluded. Natural kitchen daylight.","anime, cartoon, CGI, plastic skin, distorted hands, extra fingers, watermark, oversaturated HDR, fantasy lighting, stock-photo smile","Over-shoulder close","COMPLETE"
"M01-S45","challenge","Final Assessment Q4: Dignity and Consent","Third patient's bedroom — a home care setup. A hospital bed positioned along the wall near a window with a half-drawn curtain. Natural afternoon daylight enters from the window — warm, slightly angled. The patient is an elderly person sitting up against stacked pillows in the hospital bed — gender presentation is neutral in this scene, same patient established for this visit. They are wearing a thin hospital-style gown and are watching Tess with a slightly uncertain expression — cautious but not hostile. Tess has already set up her wound care supplies on the rolling tray table positioned at the foot of the bed — sealed gauze packages, a basin, tape, gloves in a sealed packet. The tray is visible at the bed's foot. Tess has stepped away from the tray and turned fully to face the patient. She is standing at the patient's eye level — not looming over, not too far back. Both of her hands are visible: her right hand is at her side, and her left hand — bracelet visible — is resting on the bedrail with a light, open touch, not gripping. She is speaking. Her posture is open, turned fully toward the patient, not toward the supplies. The rolling tray behind her with the wound care materials is visible but she is not touching it. A family photo in a wooden frame on the dresser beside the bed. A glass of water on the bedside stand.","Photorealistic documentary medium two-shot, home care bedroom with hospital bed near window, elderly patient sitting up against pillows in thin hospital gown with cautious slightly uncertain expression watching nurse, Filipina nurse early 30s standing at patient's eye level facing patient fully — not facing supply tray, left hand with woven bracelet resting lightly on bedrail open touch not gripping, right hand at side, open body posture turned toward patient, wound care rolling tray visible at bed foot with sealed supplies but nurse not touching it — fully explaining before beginning, family photo in wooden frame on dresser, glass of water on bedside stand, warm afternoon daylight through half-drawn curtain, 35mm lens, documentary realism, informed consent communication moment.","Tess, Filipina, early 30s, navy scrubs, woven bracelet on left hand resting on bedrail, open consent communication posture — fully facing patient, not supply tray. Elderly patient: sitting up in hospital bed, cautious but engaged expression. Home care bedroom — warm afternoon daylight. Rolling supply tray at bed foot with sealed supplies — Tess is NOT touching it during consent communication. Family photo and glass of water as environmental continuity props.","anime, cartoon, CGI, plastic skin, distorted hands, extra fingers, watermark, oversaturated HDR, fantasy lighting, stock-photo smile","Medium close two-shot","COMPLETE"
"M01-S46","challenge","Final Assessment Q5: Closed-Loop Escalation","Third patient's bedroom — end of visit, wound care complete. The wound site is now dressed — clean gauze in place, secured with tape. The patient is settled in the hospital bed, visibly more relaxed post-procedure, eyes open and calm. The rolling supply tray has been partially repacked — used gloves removed and disposed, empty packaging set aside, remaining supplies consolidated. Tess stands at the wound site with her phone pressed to her left ear — a call in progress. In her right hand, she holds her tablet open to the documentation screen. She is speaking into the phone while typing on the tablet simultaneously — describing the finding she observed, and documenting it at the same time. Her expression: focused, clinical, reporting mode. The bracelet is visible on the left hand holding the phone. The family member — an adult present for this visit — stands in the bedroom doorway at the back of the frame, watching but not interfering. They have the posture of someone waiting to understand what is happening. Tess has not turned to speak to them yet — she is completing the escalation call first. Natural afternoon daylight. The same bedroom established at the beginning of this visit — the half-drawn curtain, the dresser with family photo, the glass of water on the bedside stand. The hospital bed rail is partially lowered on one side.","Photorealistic documentary medium shot, home care bedroom end of visit, wound care complete with fresh dressed wound visible on patient in hospital bed, patient relaxed eyes open post-procedure, rolling supply tray partially repacked with used materials set aside, Filipina nurse early 30s standing at wound site with phone pressed to left ear — call in progress — and tablet open in right hand with documentation screen, speaking and typing simultaneously — clinical reporting mode, woven bracelet visible on phone-holding left hand, focused clinical expression, family member in bedroom doorway in background watching and waiting, natural afternoon daylight through half-drawn curtain, dresser with family photo visible, glass of water on bedside stand, hospital bed rail partially lowered, 35mm lens, documentary realism, closed-loop escalation execution.","Tess, Filipina, early 30s, navy scrubs, woven bracelet on left hand holding phone, tablet in right hand with documentation open. Patient: elderly, wound dressed, relaxed post-procedure in hospital bed. Family member: in doorway, watching and waiting — not interfering. Same bedroom — natural afternoon daylight. End-of-visit energy: deliberate loop-closing, not rushing toward the door.

END OF PART 1. PLEASE SAY ""CONTINUE"" TO PROCEED TO SCENE S47 (Final Debrief), S48 (Thank You for Not Rushing Me), and S49 (Certificate Reveal) — the remaining three production cards for module M01 completion.","anime, cartoon, CGI, plastic skin, distorted hands, extra fingers, watermark, oversaturated HDR, fantasy lighting, stock-photo smile","Medium with document insert","COMPLETE"
"M01-S47","debrief","Final Debrief and Competency Confirmation","Agency workstation — Tess's desk, end of shift, same day as the final assessment simulation. The workstation is in end-of-day state: monitor on, EHR open to a completed visit note — the last entry of the shift, a note that has been submitted and is showing in read-only view. The note fields are all completed — no empty fields visible on screen. Tess is not at the desk. The chair is pushed in slightly — she has just left. On the desk surface: her coffee mug from the morning, now empty, a pen, the pre-shift clipboard from S42 with all three patient sections filled in with handwriting, a sticky note with the interpreter ID from the second visit, and a phone charging cable. The desk has the accumulated evidence of a full shift of documented work. The monitor glows with the completed note. Fluorescent overhead. Other workstations around it are either dark or being closed down by other clinicians. The clock on the wall shows 6:05 PM. Through the window: the parking lot in last-light, ordinary. The desk tells the shift's story without Tess in frame. The note on screen is the last thing she did before she left.","Photorealistic documentary medium close shot, agency workstation end of shift 6:05 PM, EHR monitor showing completed submitted visit note in read-only view with all fields populated — no empty fields, chair pushed in slightly as if recently vacated, desk surface showing empty coffee mug and pen and pre-shift clipboard with all three patient sections filled in handwriting and sticky note with interpreter ID and phone charging cable — accumulated evidence of a full documented shift, clock on wall showing 6:05 PM, other workstations dark or closing down in background, last light visible through window showing parking lot, fluorescent overhead, no person in frame — the desk tells the shift, 35mm lens, documentary realism, authentic end-of-shift workstation.","No Tess in frame — environmental debrief card. Workstation continuity from S42 pre-shift. Pre-shift clipboard from S42 now fully filled in — visual arc closure. EHR screen showing completed note as evidence of documentation discipline. Clock: 6:05 PM echoes 7:45 AM from S42 — full shift arc. End-of-day agency atmosphere.","anime, cartoon, CGI, plastic skin, distorted hands, extra fingers, watermark, oversaturated HDR, fantasy lighting, stock-photo smile","Medium close","COMPLETE"
"M01-S48","content","Closing Scene: Thank You for Not Rushing Me","Mr. Henderson's front doorway — late afternoon, golden light at a low angle. This is a later visit in the module timeline, not the same day as S36–S39 — the light quality and the relaxed finality of the interaction make this feel like a visit further along in the care relationship. Mr. Henderson stands at the open front door. He is more upright than in S18 — his physical improvement is visible. He is using his walker but his weight distribution is more confident, less effortful. He is wearing a blue chambray shirt and dark trousers — slightly more put-together than the flannel and slacks from S36, suggesting this is later in his recovery trajectory. His expression is not theatrical gratitude — it is the quiet, direct acknowledgment of someone who has been genuinely helped. His eyes are on Tess. His grip on the walker handle is relaxed. Tess stands on the porch step one step below the threshold — below his eye level slightly, as she has been throughout the Henderson scenes. Her nursing bag is on her right shoulder. Her tablet is closed and tucked under her left arm. She is in the process of giving a small nod — her chin slightly down, a brief real acknowledgment of what he said. Her right hand has crossed to touch the bracelet on her left wrist — a brief, unconscious gesture, fingers resting on the thread for a moment before she drops her hand and adjusts the tablet under her arm. The bracelet catches the late afternoon golden light. Her expression: a brief small real smile — the corners of the mouth and eyes, settled within a second. Not performed. Through the doorway behind Mr. Henderson: the interior of the house is dim but the living room is visible — the recliner, the side table, the same room but more ordered than in the early visits, less medical equipment visible. His daughter is not in frame this scene — this is between the two of them. The porch has the same rubber doormat, the same wilting potted plant from S18 — but the plant has been moved to a different corner of the porch, and it has been watered, the soil visibly darker. A small detail of normalcy restored. Golden afternoon light — the same quality as S35, same time of day, different location.","Photorealistic documentary medium shot, Mr. Henderson's residential front doorway late afternoon golden light, elderly Caucasian man late 70s standing at open door in blue chambray shirt and dark trousers with walker — more upright and confident than S18, direct quiet gratitude expression, Filipina nurse early 30s on porch step one below threshold with nursing bag on right shoulder and closed tablet under left arm, right hand touching woven bracelet on left wrist briefly — bracelet catching golden light, brief small real smile not performed, original potted plant now in different corner and visibly watered with dark soil, rubber doormat, dim interior living room visible through doorway behind patient, golden afternoon light at low angle, 35mm lens, documentary realism, quiet earned interaction.","Tess, Filipina, early 30s, navy scrubs, woven bracelet on left wrist touched briefly by right hand — bracelet catches golden light, closed tablet under left arm, nursing bag on right shoulder, brief real small smile. Mr. Henderson: same elderly Caucasian male — blue chambray shirt, dark trousers, walker, more upright than S18, direct quiet expression. Porch — potted plant watered and moved, continuity detail. Golden late afternoon light. No daughter in this scene.","anime, cartoon, CGI, plastic skin, distorted hands, extra fingers, watermark, oversaturated HDR, fantasy lighting, stock-photo smile","Wide establishing then close-up bracelet insert","COMPLETE"
"M01-S49","content","The Reveal and the Legacy","A modern but functional home health agency office. A standard office with a door, a desk, and the accumulated artifacts of twenty years of clinical leadership. Wood-laminate desk over a metal frame — practical, not decorative. On the desk: a closed laptop, a stack of orientation binders with tabbed sections, a ceramic coffee mug with a small chip on the handle rim. A framed photo angled away from the camera. A small potted succulent on the right corner.

The woman seated behind the desk is Filipina, early 50s. Short professional dark hair cut just below the jaw, with natural grey visible at both temples. Natural aging: fine lines at the outer corners of her eyes, weathering around the mouth — twenty years of clinical expression. The same facial bone structure as young Tess — the same wide cheekbones, the same eye shape, the same small mole on the left cheek. She is recognizably the same person, two decades later. Navy blazer over a cream collared blouse. Director of Nursing badge on retractable reel. Relaxed authoritative posture: shoulders square, body slightly forward, forearms resting on the desk. She is not performing authority. She has it.

Her left arm rests on the desk beside the laptop. Between her simple silver watch and the edge of her blazer sleeve: the bracelet. The same thin woven thread bracelet from the grandmother's hands. It has aged visibly: the original earth-brown thread faded to a pale grey-tan over decades of wear. Several strands slightly frayed at the edges. One short section thinner from friction. The grandmother's knot still present — still holding. The bracelet catches the overhead light.

The office: overhead fluorescent mixed with natural window light from the left. Whiteboard behind her showing a partial staff schedule in dry-erase marker. Bookshelf with labeled compliance binders: ACHC Survey Prep, Policy Manual Vol. 1, Policy Manual Vol. 2, QA Records, HR Documentation. A small clock on the whiteboard frame shows 4:45 PM — a direct mirror of the 4:45 AM from S01. Certificate of Completion UI element appears as a clean subtle overlay lower right.","Photorealistic documentary medium shot, modern functional home health agency office, Filipina woman early 50s seated behind standard wood-laminate desk facing camera directly, short professional dark hair cut below jaw with natural grey at temples, natural aging — fine lines at eye corners and weathering around mouth, same wide cheekbones and eye shape and small left-cheek mole as young Tess — recognizably same person older, navy blazer over cream collared blouse, Director of Nursing badge on retractable reel on lapel, warm grounded knowing expression not theatrical, relaxed authoritative posture with forearms on desk, left arm resting beside closed laptop with woven thread bracelet clearly visible between simple silver watch and blazer sleeve — bracelet visibly aged: original earth-brown faded to pale grey-tan, several strands frayed at edges, one two-centimeter section thinner from wear, grandmother's knot still intact and visible, desk with chipped ceramic mug and orientation binders with tabbed edges and small succulent on corner, whiteboard behind with partial staff schedule and compliance binder bookshelf, small clock on whiteboard frame showing 4:45 PM, overhead fluorescent mixed with natural window light from left, Certificate of Completion UI element as clean subtle overlay lower right corner, 35mm lens, true skin texture documentary realism, earned authority presence.","OLDER TESS — critical character reveal and module payoff. Same Filipina ethnicity. NOW early 50s. Short professional dark hair with natural grey at temples — not dyed. Same facial bone structure as young Tess: wide cheekbones, same eye shape, same small mole on left cheek — recognizably the same person, naturally aged. Natural aging: fine lines at eye corners, slight weathering around mouth, softening of jaw. Navy blazer, cream collared blouse, Director of Nursing badge on retractable reel. CRITICAL BRACELET CONTINUITY: Same woven thread bracelet, same left wrist. NOW visibly aged: original earth-brown thread faded to pale grey-tan. Several strands frayed at edges. One short section thinner from two decades of daily wear. Grandmother's knot still intact and visible. Clock at 4:45 PM mirrors 4:45 AM from S01. Expression: warm, grounded, knowing — not inspirational performance.","anime, cartoon, CGI, plastic skin, distorted hands, extra fingers, watermark, oversaturated HDR, fantasy lighting, stock-photo smile, obvious aging makeup, Hollywood glamour","Medium — direct camera address, desk in foreground","COMPLETE"
