"Scene_ID","Module","Slide_Type","Scene_Title","Narration_Text","TTS_Pacing_s","Estimated_Card_Duration","Status"
"M01-PA-INTRO","M01","pre-assessment-intro","Pre-Assessment: Before the Journey Begins","Before Tess boards her flight from Manila, we pause. The house is quiet. Her bags are packed. Her lola's bracelet is on her wrist. This is your pre-assessment checkpoint. Three questions — drawn from the real situations Tess is about to walk into. They test what you already know about cultural competence, language access, and patient rights in home health. There are no penalties here. Answer honestly. Your responses calibrate the journey ahead. Ready? Let us begin.","55","58","NEEDS REVIEW — LTX/Detail missing"
"M01-PA-Q1","M01","pre-assessment-challenge","Pre-Assessment Question 1: Comprehension Signals","Question one. During a home visit in Quezon City, Tess is teaching an elderly patient how to manage her medications. After each instruction, the patient nods and says yes. Tess pauses. What does this most likely tell her? Option A: The patient understood each instruction completely. Option B: The patient is being respectful and attentive — but comprehension has not been verified. Option C: The teaching session is complete and documentation can reflect successful education. Option D: A family member can confirm understanding at the next visit. Choose the answer that best reflects safe clinical practice.","52","55","NEEDS REVIEW — LTX/Detail missing"
"M01-PA-D1","M01","pre-assessment-debrief","Pre-Assessment Debrief 1: The Nod Is Not Enough","Operational Case Review
1) Correct decision: Option B is correct because it preserves patient safety and workflow integrity under pressure.
2) Why correct: The patient is being respectful and attentive — but comprehension has not been verified.
3) Incorrect option analysis:
- Option A risk: The patient understood each instruction completely.. Looks reasonable under pressure, but creates a preventable documentation and escalation gap.
- Option C risk: The teaching session is complete and documentation can reflect successful education.. Looks reasonable under pressure, but creates a preventable documentation and escalation gap.
- Option D risk: A family member can confirm understanding at the next visit.. Looks reasonable under pressure, but creates a preventable documentation and escalation gap.
4) Patient safety implications: uncontrolled communication barriers or delayed escalation can compound into harm.
5) Workflow implications: sequence matters; right actions in the wrong order still produce risk.
6) Documentation implications: chart objective findings, what was verified, what was escalated, and who received handoff.
7) Escalation implications: trigger supervisor pathway when unresolved clinical, communication, or conduct risk remains.
8) Survey implications: ACHC/CMS reviewers focus on evidence chain, not intent.
9) Operational consequences: unresolved gaps can lead to adverse events, corrective action, and loss of trust.
10) Disciplinary/legal/defensibility: omissions and unsupported charting increase disciplinary risk and weaken legal defense.

The correct answer is B. In many cultures — including Filipino, Asian, and Latin American communities — nodding and saying yes during instruction is a gesture of respect and attentiveness, not a signal of comprehension. If you selected A or C, this module will show you exactly why assumed understanding is one of the most common pathways to patient harm in home health. If you selected D, family confirmation is not a substitute for verified comprehension at the point of teaching. If you selected B, you already think like a clinician who closes the gap between what was said and what was understood. That gap is where medication errors, missed symptoms, and safety failures live. Throughout this module, you will see Tess practice the correct alternative: teach-back, with documented results.","95","98","NEEDS REVIEW — LTX/Detail missing"
"M01-PA-Q2","M01","pre-assessment-challenge","Pre-Assessment Question 2: Interpreter Services","Question two. Tess is preparing for a home visit where the patient speaks limited English. The patient's adult son meets her at the door and offers to interpret for his mother. The teaching session today covers insulin injection technique and dosage. What is the most appropriate response? Option A: Accept the offer — family interpretation is faster and more personal. Option B: Accept — the patient nodded agreement when asked. Option C: Thank the son for offering and explain that a qualified interpreter will be requested for clinical teaching. Option D: Proceed with teaching and note in the chart that a family member assisted with interpretation. Choose the option that reflects safe practice and agency policy.","55","58","NEEDS REVIEW — LTX/Detail missing"
"M01-PA-D2","M01","pre-assessment-debrief","Pre-Assessment Debrief 2: Family Is Not a Qualified Interpreter","Operational Case Review
1) Correct decision: Option C is correct because it preserves patient safety and workflow integrity under pressure.
2) Why correct: Thank the son and explain that a qualified interpreter will be requested for clinical teaching.
3) Incorrect option analysis:
- Option A risk: Accept the offer — family interpretation is faster and more personal for the patient.. Looks reasonable under pressure, but creates a preventable documentation and escalation gap.
- Option B risk: Accept — the patient nodded agreement when asked.. Looks reasonable under pressure, but creates a preventable documentation and escalation gap.
- Option D risk: Proceed with teaching and note in the chart that a family member assisted with interpretation.. Looks reasonable under pressure, but creates a preventable documentation and escalation gap.
4) Patient safety implications: uncontrolled communication barriers or delayed escalation can compound into harm.
5) Workflow implications: sequence matters; right actions in the wrong order still produce risk.
6) Documentation implications: chart objective findings, what was verified, what was escalated, and who received handoff.
7) Escalation implications: trigger supervisor pathway when unresolved clinical, communication, or conduct risk remains.
8) Survey implications: ACHC/CMS reviewers focus on evidence chain, not intent.
9) Operational consequences: unresolved gaps can lead to adverse events, corrective action, and loss of trust.
10) Disciplinary/legal/defensibility: omissions and unsupported charting increase disciplinary risk and weaken legal defense.

The correct answer is C. CLAS Standards and agency policy require a qualified interpreter for clinical decision-making and education — not because the son is untrustworthy, but because medical interpretation requires specific training that most family members do not have. Family members may simplify instructions to protect the patient, introduce errors in medical terminology, withhold distressing information, or be placed in an emotionally impossible position between provider and loved one. If you selected A, B, or D, this module will walk you through the full interpreter activation workflow — including what to say to families who offer to help, when to activate the service, and what to document afterward. Insulin administration is high-stakes. An incorrect dose taught through an unqualified interpreter is a preventable adverse event with documentation consequences.","95","98","NEEDS REVIEW — LTX/Detail missing"
"M01-PA-Q3","M01","pre-assessment-challenge","Pre-Assessment Question 3: Rights and Accommodation","Question three. Tess arrives at a patient's home for a scheduled wound care visit. The patient's family tells her that their religious beliefs require gender-concordant care — the patient cannot be treated by a provider of the opposite gender. Tess notices the wound dressing appears soiled and the wound may be deteriorating. She is the only clinician available in the area within the next two hours. What is the most defensible response? Option A: Explain respectfully that clinical urgency takes priority over accommodation requests in situations like this. Option B: Acknowledge the request, assess the wound urgency immediately, contact your supervisor for accommodation options, and document the preference and your clinical findings. Option C: Ask the patient to sign a temporary waiver so care can proceed. Option D: Leave the home and schedule a callback for when an appropriate clinician is available, without assessing the wound. Choose the option you believe is most defensible.","60","63","NEEDS REVIEW — LTX/Detail missing"
"M01-PA-D3","M01","pre-assessment-debrief","Pre-Assessment Debrief 3: Rights and Urgency Travel Together","Operational Case Review
1) Correct decision: Option B is correct because it preserves patient safety and workflow integrity under pressure.
2) Why correct: Acknowledge the request, assess wound urgency immediately, contact your supervisor for accommodation options, and document both.
3) Incorrect option analysis:
- Option A risk: Explain respectfully that clinical urgency takes priority over accommodation requests in this situation.. Looks reasonable under pressure, but creates a preventable documentation and escalation gap.
- Option C risk: Ask the patient to sign a temporary waiver so care can proceed.. Looks reasonable under pressure, but creates a preventable documentation and escalation gap.
- Option D risk: Leave the home and schedule a callback for when an appropriate clinician is available — without assessing the wound.. Looks reasonable under pressure, but creates a preventable documentation and escalation gap.
4) Patient safety implications: uncontrolled communication barriers or delayed escalation can compound into harm.
5) Workflow implications: sequence matters; right actions in the wrong order still produce risk.
6) Documentation implications: chart objective findings, what was verified, what was escalated, and who received handoff.
7) Escalation implications: trigger supervisor pathway when unresolved clinical, communication, or conduct risk remains.
8) Survey implications: ACHC/CMS reviewers focus on evidence chain, not intent.
9) Operational consequences: unresolved gaps can lead to adverse events, corrective action, and loss of trust.
10) Disciplinary/legal/defensibility: omissions and unsupported charting increase disciplinary risk and weaken legal defense.

The correct answer is B. Patient rights and dignity are not suspended when clinical urgency is present. The defensible response holds both obligations simultaneously — you do not choose one and abandon the other. You acknowledge the accommodation request. You assess clinical urgency immediately at the bedside. You escalate to your supervisor for accommodation routing. You document the preference, your clinical findings, and the plan. Option A is wrong because it unilaterally overrides a legitimate right without attempting an accommodation process — this creates survey exposure and trust rupture. Option C is wrong because a waiver form before a clinical urgency assessment inverts the correct sequence. Option D abandons the patient at the moment of highest clinical risk with no urgency finding on record. If you selected B, you already understand the principle this module will reinforce through Tess' story. If you selected anything else, you will see exactly how this decision plays out — and why the correct sequence matters — when Tess faces it for the first time at Mr. Henderson's door.","95","98","NEEDS REVIEW — LTX/Detail missing"
"M01-S01","M01","content","Before Sunrise in Quezon City","It is 4:45 in the morning in Quezon City. Tess is already awake. This is not unusual. In the Philippines, the day begins before the sun does. She can hear her mother moving in the kitchen — rice cooker clicking, garlic hitting oil — the sounds of a family that has always started early and worked hard. She folds her scrub top, smooths out the sleeve, and lays it across her nursing bag. On the bag's outer pocket is a small photo: her grandmother standing in front of a mango tree after Sunday Mass. Tess touches it before she does anything else. She is not a new nurse. She has managed post-surgical wounds, administered intravenous medications, and handled difficult family conversations at three in the morning. What is new is the country she is about to work in — and she knows that professional competence and system fluency are two different things.","72","75","NEEDS REVIEW — LTX/Detail missing"
"M01-S02","M01","content","The Mano Po Moment","Her lola — her grandmother — sits at the table already dressed for six o'clock Mass. When Tess enters the kitchen, she bows slightly and takes her grandmother's hand, pressing the back of it gently to her forehead. Mano po, Lola. Her grandmother closes her eyes for a moment, then places her hand on Tess' head in blessing. This is Mano Po — a greeting and a gesture of deep respect that Tess has performed every morning since she was four years old. It is not ceremony. It is how she begins every day: by honoring the person who taught her that other people's dignity is not optional. Her grandmother says quietly: Take care of them the way I know you do. This daily ritual is not separate from Tess' clinical practice. She does not have to be taught to slow down, to soften her language, or to make eye contact without condescension — it is already the grammar of her days.","80","83","NEEDS REVIEW — LTX/Detail missing"
"M01-S03","M01","content","Family Breakfast and Bayanihan","Breakfast is loud and crowded. Her kuya has already stopped by before his hospital shift. Her tita from next door brought bibingka. Two cousins are arguing about basketball. Nobody was called. Everyone just came. Tess' grandmother grew up in a barangay where Bayanihan was not a concept — it was a physical event. When a family needed to move their bahay kubo — their bamboo home raised on stilts — the entire village would gather unannounced, crouch beneath the structure together, and carry the whole house to its new location on their collective shoulders. Fifteen, twenty men. No one appointed, no one paid. Lifting and moving because the need was visible and the community was the response. When it was done, the family prepared food. That was the entire exchange. Today we carry yours. Tomorrow you carry ours. That is Bayanihan. Not a feeling. A physical act. A village that can lift a house when one family cannot. Tess sits down and her plate is filled before she asks. Her mother says: Kumain ka na — eat now — meaning: you take care of everyone else, so let us take care of you. Nobody cries when the conversation turns to departure. They problem-solve. Her kuya: Keep a printed copy of your license. Do not trust only digital. Her tita: Call us Sundays, we will all be home. Her mother: Eat rice. Even over there. In U.S. healthcare workplaces, Bayanihan instinct can create friction. Unsolicited help across role boundaries can be received as overstepping or scope confusion. Tess will need to translate this instinct — offer support through sanctioned channels, coordinate rather than self-deploy. The spirit stays. The execution adapts.","88","91","NEEDS REVIEW — LTX/Detail missing"
"M01-S04","M01","content","The Christmas Parol and What Home Sounds Like","On the living room wall, there is still a parol — the star-shaped Christmas lantern — left from the holiday season. In the Philippines, Christmas begins in September. Not metaphorically. The radio stations switch to carols. The malls put up lights. Families begin planning who will host Noche Buena — the midnight Christmas Eve feast. By December, Simbang Gabi has started — nine consecutive dawn Masses, attended even by people who sleep through the rest of the year. Tess has not missed a single one since she was seven. She pauses at the parol before picking up her bag. She knows she will not be home for the ber months. She will not be at Noche Buena. She will not hear her family sing during Simbang Gabi. She tucks that away somewhere quiet and keeps moving. Workers who migrate for caregiving roles carry invisible emotional burdens. Strong organizational inclusion practices — not just policy posters — create environments where that burden is not compounded by workplace exclusion.","88","91","NEEDS REVIEW — LTX/Detail missing"
"M01-S05","M01","content","Grandmother and the Bracelet","Before Tess zips her bag, her grandmother calls her to the sala — the living room. She is holding something small: a thin bracelet woven from coarse thread, the kind sold at the church market after Simbang Gabi. It has been on her grandmother's wrist for forty years. She ties it carefully onto Tess' left wrist and holds both her hands for a moment without speaking. Then: When it gets loud, breathe before you answer. Your patients need you steady, not fast. Tess nods. She does not trust herself to say much. Her grandmother adds: You already know how to take care of people. You learned it at this table. Now go show them. The bracelet will appear again and again throughout this module — during stress, during conflict, during failure, during success. It is the through-line. It is who she is. Emotional regulation is not a soft skill. In home health, rushed responses cause documentation errors, communication failures, missed clinical cues, and unnecessary escalation.","82","85","NEEDS REVIEW — LTX/Detail missing"
"M01-S06","M01","content","Tess at Work: The Philippine Clinic","At her clinic in Quezon City, Tess is the nurse colleagues ask for when a patient interaction is going wrong. Today she is teaching wound care to an elderly patient whose daughter is translating. Tess stops partway through and says gently: Nay, pwede bang ulitin mo sa akin? — Can you repeat that back to me? The patient hesitates, then describes the steps back — correctly, but with one small inversion. Tess does not say wrong. She smiles and says: Almost — let me show you that part once more. When the daughter tries to shortcut and says she got it, Tess says calmly: I just want to make sure for her safety. One more minute. She documents exactly what was explained, what the patient repeated back, and what still needs reinforcement. This is teach-back. It is not a formality. It is the verification mechanism that closes the gap between what was said and what was understood. The wrong answer to whether the patient understood is she nodded. The right answer is a documented description of what the patient demonstrated or repeated back.","90","93","NEEDS REVIEW — LTX/Detail missing"
"M01-S07","M01","content","Po and Opo — The Language of Respect","Tess never addresses a patient without using po — the Tagalog softening particle that signals respect toward elders and authority. It is so automatic she does not notice it anymore. She calls older women Ma'am or Ate — older sister, even when they are strangers. She calls men Kuya or Sir. She steps back to let elders through doorways. She waits to be seated before sitting. These are not performance behaviors. They are the grammar of respect she was raised speaking. She will arrive in the U.S. and find that some of these signals land differently. A patient might interpret her deference as uncertainty. A colleague might read her careful listening as passivity. A supervisor might not recognize her soft-spoken precision as confidence. She will need to translate not just language, but communication register — and she will need to do it without losing the core values underneath. Every culture has a distinct communication register. Assuming a shared communication code creates patient safety risk.","78","10","COMPLETE"
"M01-S08","M01","content","Packing the Bag","She packs with the same precision she uses for a complex visit. Nursing license in a clear sleeve. Employment authorization. Credential evaluations. Vaccination records. Three printed copies of everything — because her kuya organized the folders and labeled them, because that is what family does. At the bottom of the bag: a small plastic container of sinigang powder, a photo from the clinic. Her mother put them there. So you remember what competence looks like, she said — without irony. Tess wraps the bracelet in a clean cloth so it won't catch on anything during the flight. She is not sentimental. She is prepared.","70","15","COMPLETE"
"M01-S09","M01","content","Airport: The Goodbye That Does Not Ask for Crying","At Ninoy Aquino International, the goodbye is practical and full. Her mother re-checks her boarding pass — once, then again. Her kuya hands her a local SIM card and tells her to call when she lands. Her tita slips a rosary into her jacket pocket. Her grandmother holds her hand until the last possible second and then says simply: Alis na. Go now. No speech. Filipino goodbyes are often like this — enormous on the inside, matter-of-fact on the outside. Emotion carried, not performed. Tess picks up her bag. She does not look back. Not because she doesn't want to, but because she already knows what she'd see.","75","15","COMPLETE"
"M01-S10","M01","content","Landing: The First Cultural Shock","The airport in the United States is large, efficient, and impersonal. Nobody helps without being asked first. Nobody makes eye contact unless they need something. The signage is clear. The process is fast. Nobody lingers. In the Philippines, airports are loud with reunions. Here, arrivals walk briskly and separately. She takes the bus to her temporary housing. The driver does not respond to her greeting. Not rudely — he just does not respond. She files that away. Different system. Her first evening: she unpacks, eats a Cup Noodles because the grocery run can wait, and calls her family on video chat. Her grandmother is already asleep. Her mother holds the phone up anyway so she can see the parol still on the wall. She keeps the video open until the data connection drops. Culture shock is not weakness. It is the cognitive load of recalibrating every social and professional assumption simultaneously. For healthcare workers, unmanaged culture shock can affect communication quality, documentation accuracy, and patient relationship-building.","85","15","COMPLETE"
"M01-S11","M01","content","First Week: The System Is Different","The EHR system has twelve required fields she has never seen. The abbreviations are different from the ones she trained on. The handoff format is faster and more verbal — less written, more assumed. In the Philippines, a ward handoff included written notes, verbal confirmation, and physical bedside assessment. Here, the expectation is a ten-minute verbal briefing and a chart review. The first time she asks a clarifying question during handoff, the charge nurse glances at the clock. Not unkindly — but the signal is clear: brevity is currency here. She writes everything down. She stays an extra twenty minutes reviewing charts before leaving. She does not ask questions she can answer herself. She saves her questions for the ones that matter. Adapting to a faster handoff culture does not mean abandoning closed-loop communication. It means executing it efficiently. One targeted clarifying question, timed correctly, is more valuable than ten vague ones at the wrong moment.","82","12","COMPLETE"
"M01-S12","M01","content","First Grocery Store and Small Shocks","She goes to the grocery store on her day off. She spends twenty minutes looking for garlic rice. She cannot find it. She settles for white rice and garlic from the produce section. She brings everything to the cashier and says: Good morning, Ma'am — and the cashier, without looking up, says: You have a rewards card? Not rude. Just transactional. In the Philippines, strangers at market stalls ask where you are going, who your family is, whether you have eaten. The cashier is doing her job efficiently. Tess is grieving a style of warmth she did not know she needed. She buys her groceries and walks back to her apartment. She texts her lola a photo of the white rice. Her lola responds with three rice emojis and a laughing face. She laughs alone in her apartment and feels slightly better. Clinical relationships in American home health are professional and boundaried — not cold, but structured. Knowing this difference allows the clinician to adapt without misreading professional distance as hostility.","78","12","COMPLETE"
"M01-S13","M01","content","Resilience in Practice","She's worked through a typhoon warning, a dengue outbreak in her barangay, and a generator failure during a night shift. She kept working. Filipino resilience — the cultural habit of maintaining a positive face and continuing to function under pressure — is not denial. It's a survival skill practiced so consistently it becomes reflex. Here, she watches colleagues express frustration openly. At the system, at the scheduler, at the EHR. In ways she was trained to absorb quietly. She's not sure yet whether venting like that makes things better. She suspects it sometimes does. She's building a new vocabulary for this, deliberately. One thing she has noticed: speaking up here isn't the same as complaining. Sometimes it's how the system gets fixed.","80","12","COMPLETE"
"M01-S13-EC1","M01","educator-commentary","Educator Side Comment: First Contact Signal","Notice what just happened here. Mr. Henderson looked at Tess' hands before he answered. In home health, that micro-pause can signal mistrust, hearing uncertainty, or fear of losing control. A competent clinician slows down, confirms preferences, and documents the interaction signal.","32","35","NEEDS REVIEW — LTX/Detail missing"
"M01-S14","M01","content","Agency Orientation: Reading the Policies with New Eyes","At agency orientation, Tess is given a thick binder. She reads it the way she prepared for licensing exams — front to back, with a highlighter. She marks: Language Access. Interpreter Services Required. Patient Rights. Anti-Discrimination. Reporting Obligations. Anti-Retaliation. In her Philippine clinic, many of these existed as values rather than written operational standards. Here they are legal obligations with documented workflows, survey traceability, and corrective action pathways. The commitment is the same. The architecture is more formal. She reads the Anti-Retaliation clause twice. She has never worked somewhere that explicitly wrote down that she could not be punished for reporting a concern. She finds this remarkable. ACHC accreditation requires that agencies not only have these policies but demonstrate evidence that staff understand and apply them. Orientation is the beginning of audit-traceable competency documentation. Staff who read carefully and ask questions are building defensibility.","82","12","COMPLETE"
"M01-S15","M01","content","First Handoff: A New Rhythm","First full team handoff — Thursday morning. The charge nurse moves through fifteen patients in fifteen minutes. Allergy flags. Visit priorities. Documentation holds. Interpreter requests pending. Tess listens, writes, and maps each patient against what she already reviewed the night before. When a wound classification comes up she doesn't recognize, she raises her hand and asks one targeted question. The charge nurse answers without breaking pace. Tess writes it down. In the hallway afterward, Aldrin catches up with her: Good catch on the classification. Most people let that one go. She caught it because she prepared the night before.","75","15","COMPLETE"
"M01-S16","M01","content","The Rights Board: Rules Become Real","In the hallway outside the patient coordination room, there is a laminated board. Patient rights. Language access. Interpreter services at no charge. Anti-discrimination protections. Grievance process. Tess stops and reads it carefully — because here, these aren't background values. They are the operational landscape she will work in every day. She notices: interpreter services are explicitly required, not suggested. Family members may not substitute for qualified interpretation in clinical decisions. This is different from what necessity sometimes demanded at home. She photographs the board with her phone. Not for evidence — for study.","72","12","COMPLETE"
"M01-S17","M01","content","Pre-Visit Preparation: First Patient","Before driving to her first solo visit, Tess reviews the patient chart, checks language preference, identifies the interpreter contact number, reviews allergies and risk markers, and rehearses the patient's name. She says it aloud three times: Henderson. Mr. Henderson. She checks her watch, calculates her drive time, and notes that she has a five-minute window before the appointment to compose herself and review her teaching plan. She touches her bracelet. She knocks. Pre-visit preparation is a patient safety habit. Reviewing language access needs, allergy flags, communication preferences, and care plan priorities before arrival — not during — reduces the cognitive load at the door and gives the clinician the space to be fully present with the patient.","65","15","COMPLETE"
"M01-S18-Q","M01","challenge","Challenge 1: Cultural Preference vs Clinical Urgency — Question","Help Tess make the correct operational decision. She has arrived at Mr. Henderson's home for a wound care visit. The family meets her at the door and tells her their religious beliefs require gender-concordant care — Tess cannot provide the treatment. She looks at the wound dressing. It is soiled. The wound may be deteriorating. The patient cannot speak to confirm or deny the accommodation request. Tess has four options. What is the most defensible immediate action? Option A: Acknowledge the family's request, rapidly assess wound urgency at the bedside, call the supervisor immediately for accommodation routing, and document both the preference and the clinical findings. Option B: Respect the family's preference completely by leaving the home and messaging the office to reschedule with a different clinician. Option C: Proceed with wound care because clinical urgency overrides accommodation requests when deterioration is present. Option D: Ask the family to sign a refusal form first, then determine next steps based on available staffing.","58","61","NEEDS REVIEW — LTX/Detail missing"
"M01-S18-D","M01","debrief","Challenge 1 Debrief: Rights and Urgency Are Not a Choice","Operational Case Review
1) Correct decision: Option A is correct because it preserves patient safety and workflow integrity under pressure.
2) Why correct: Acknowledge the family's request, rapidly assess wound urgency at the bedside, call the supervisor immediately for accommodation routing, and document both the preference and the clinical findings.
3) Incorrect option analysis:
- Option B risk: Respect the family's preference completely by leaving the home and messaging the office to reschedule with a different clinician.. Looks reasonable under pressure, but creates a preventable documentation and escalation gap.
- Option C risk: Proceed with wound care because clinical urgency overrides accommodation requests when deterioration is present.. Looks reasonable under pressure, but creates a preventable documentation and escalation gap.
- Option D risk: Ask the family to sign a refusal form first, then determine next steps based on available staffing.. Looks reasonable under pressure, but creates a preventable documentation and escalation gap.
4) Patient safety implications: uncontrolled communication barriers or delayed escalation can compound into harm.
5) Workflow implications: sequence matters; right actions in the wrong order still produce risk.
6) Documentation implications: chart objective findings, what was verified, what was escalated, and who received handoff.
7) Escalation implications: trigger supervisor pathway when unresolved clinical, communication, or conduct risk remains.
8) Survey implications: ACHC/CMS reviewers focus on evidence chain, not intent.
9) Operational consequences: unresolved gaps can lead to adverse events, corrective action, and loss of trust.
10) Disciplinary/legal/defensibility: omissions and unsupported charting increase disciplinary risk and weaken legal defense.

The correct answer is A. In home health, you will face moments where two legitimate obligations pull in opposite directions. The defensible response is never to choose one and abandon the other. Option A is correct because it holds both simultaneously — urgency assessment at bedside, supervisor escalation for accommodation routing, and complete documentation of the preference, the clinical findings, and the plan. Option B abandons the patient at the moment of highest clinical risk. A wound deteriorating with no assessment on record is a patient safety failure, regardless of how respectful the departure was. Option C overrides an accommodation process the patient has a legal right to access. Proceeding without attempting accommodation — even in clinical urgency — creates survey exposure and trust rupture. Documentation that appears to override rights without process is a compliance liability. Option D inverts the correct sequence. Paperwork before urgency assessment is a workflow error with direct patient harm potential. The rule that holds across every challenge in this module: assess urgency first, escalate immediately, document both the preference and the clinical findings, and let your supervisor route the solution. You do not carry the accommodation decision alone. That is what escalation is for.","95","98","NEEDS REVIEW — LTX/Detail missing"
"M01-S19","M01","content","Handoff Under Pressure","In morning huddle, Tess is interrupted twice while confirming allergy details. Nobody yells. This is realistic pressure, not cartoon hostility. The risk is subtle and operationally dangerous. A coworker talks over her during a key safety detail. The charge nurse moves on before she can complete her question. The allergy flag is almost missed. She catches it — because she wrote it down the night before. Interruption control and closed-loop handoff are safety mechanisms. When small details drop in handoff, the downstream clinical risk does not announce itself — it waits.","68","71","NEEDS REVIEW — LTX/Detail missing"
"M01-S19-EC2","M01","educator-commentary","Educator Side Comment: Handoff Safety","This is often missed during busy visits. A rushed handoff is not a personality issue; it is a workflow hazard. Surveyors look for whether critical facts were transferred clearly. If details are dropped, document what is missing and close the loop before you leave.","32","35","NEEDS REVIEW — LTX/Detail missing"
"M01-S20","M01","content","Unsafe Shortcut Introduced","A rushed coworker pulls Tess aside in the hallway. He has a suggestion. The interpreter line takes forever. The patient's daughter is right there. She speaks English fine. Just use the family. Nobody will know and it saves forty minutes. Tess pauses. The bracelet is between her fingers. She recognizes the convenience and she recognizes the risk. In clinical communication, speed cannot replace qualified language access and comprehension verification. Family interpretation is often incomplete for clinical decisions and can compromise autonomy, consent, and medication accuracy.","62","65","NEEDS REVIEW — LTX/Detail missing"
"M01-S20-EC3","M01","educator-commentary","Educator Side Comment: Interpreter Shortcut Risk","This is where many teams fail. The shortcut sounds practical, but skipping qualified interpretation converts a communication issue into a patient safety issue. A competent clinician identifies language barrier type, activates interpreter workflow, and records interpreter method and ID.","32","35","NEEDS REVIEW — LTX/Detail missing"
"M01-S21","M01","content","Mentor Review with Aldrin","Aldrin reviews Tess' note from the prior visit and pauses. The empathy is there. The observation is sharp. But then he points to a field: comprehension verification. It is blank. He says quietly: You did the right thing in the room. But the record does not show how you know she understood. Good care that is not documented is good care that cannot be defended. This is the standard: not just what you said, but what the patient demonstrated back — and that you wrote it down.","60","63","NEEDS REVIEW — LTX/Detail missing"
"M01-S22-Q","M01","challenge","Challenge 2: Interpreter Workflow Timing — Question","Help Tess make the correct call. She is at the home of an elderly patient with limited English proficiency. Today's visit covers insulin injection technique and dosage timing. The patient's daughter is present and immediately offers to interpret. She says her mother is comfortable with her. The patient nods in agreement. Tess has four options. What is the most defensible action? Option A: Accept the family's offer and proceed with insulin teaching, then document education as completed. Option B: Thank the daughter for offering, pause the education session, activate the qualified agency interpreter, perform teach-back with verified comprehension, and document the barrier, interpreter ID, and patient response. Option C: Deliver the core teaching points now with the daughter interpreting, and schedule a qualified interpreter for the next visit to reinforce. Option D: Ask the patient to sign a written understanding statement now, then follow up with a qualified interpreter at a future visit.","58","61","NEEDS REVIEW — LTX/Detail missing"
"M01-S22-D","M01","debrief","Challenge 2 Debrief: Interpreter Workflow Is a Safety Control","Operational Case Review
1) Correct decision: Option B is correct because it preserves patient safety and workflow integrity under pressure.
2) Why correct: Thank the daughter for offering, pause education, activate the qualified agency interpreter, perform teach-back, and document the barrier, interpreter ID, and patient response.
3) Incorrect option analysis:
- Option A risk: Accept the family's offer and proceed with insulin teaching, then document education as completed.. Looks reasonable under pressure, but creates a preventable documentation and escalation gap.
- Option C risk: Deliver the core teaching points now with the daughter interpreting, and schedule a qualified interpreter for the next visit to reinforce.. Looks reasonable under pressure, but creates a preventable documentation and escalation gap.
- Option D risk: Ask the patient to sign a written understanding statement now, then follow up with a qualified interpreter at a future visit.. Looks reasonable under pressure, but creates a preventable documentation and escalation gap.
4) Patient safety implications: uncontrolled communication barriers or delayed escalation can compound into harm.
5) Workflow implications: sequence matters; right actions in the wrong order still produce risk.
6) Documentation implications: chart objective findings, what was verified, what was escalated, and who received handoff.
7) Escalation implications: trigger supervisor pathway when unresolved clinical, communication, or conduct risk remains.
8) Survey implications: ACHC/CMS reviewers focus on evidence chain, not intent.
9) Operational consequences: unresolved gaps can lead to adverse events, corrective action, and loss of trust.
10) Disciplinary/legal/defensibility: omissions and unsupported charting increase disciplinary risk and weaken legal defense.

The correct answer is B. Option A fails the language access standard for clinical teaching and creates a documentation problem. A note saying education completed when comprehension was never verified is not defensible during a survey review — and it is not safe for the patient. Option C creates a fragmented education record. The most dangerous teaching is teaching that was partially delivered before the communication barrier was controlled. A patient who heard half an explanation and remembered pieces of it is more hazardous than a patient who received no teaching yet. Option D substitutes a signature for comprehension. A signature is not evidence of understanding. It is a form. Option B is correct because it controls the communication barrier before education begins, uses a qualified interpreter who meets the professional standard for clinical accuracy, performs teach-back to verify what was understood, and documents the barrier, the interpreter ID, the method, and the patient's demonstrated comprehension. That chain is what ACHC surveyors will look for. It is also what protects the patient from an insulin dosing error that begins with an assumption.","95","98","NEEDS REVIEW — LTX/Detail missing"
"M01-S23","M01","content","Consequence Scene: Medication Confusion","At a follow-up visit, Tess finds a medication timing discrepancy. The patient was taking her dose at the wrong time — a confusion that traces back to a prior visit where the family interpreted and the teaching was never verified. It is not a crisis yet. But it could have been. Tess catches it during teach-back before harm occurs. She corrects, documents, and flags the pattern to her supervisor. Communication shortcuts do not always produce immediate visible harm. They produce delayed downstream risk that surfaces across visits — in a different clinician's chart, after the responsible clinician has moved on.","62","65","NEEDS REVIEW — LTX/Detail missing"
"M01-S24","M01","content","Breakroom Microaggression","In the break room, a coworker mimics Tess' accent while retelling a story. A few people laugh. The room goes briefly quiet when they notice Tess is there. The coworker does not apologize. He just moves on. This is not a cartoon villain scene. It is realistic exclusion behavior — the kind that does not make headlines but degrades team communication, trust, and safety culture one small moment at a time. Workforce disrespect is not a separate issue from patient care. When a team member is excluded, their ability to communicate freely, raise concerns early, and collaborate safely is directly impaired. The damage is operational, not just personal.","58","61","NEEDS REVIEW — LTX/Detail missing"
"M01-S24-EC4","M01","educator-commentary","Educator Side Comment: Documentation Gap Escalation Trigger","A surveyor would immediately flag this pattern. If an order changed and the chart did not, you now have a high-risk documentation conflict. Escalation should begin the same visit with objective findings, incident pathway activation, and a clear transfer note.","32","35","NEEDS REVIEW — LTX/Detail missing"
"M01-S25-Q","M01","challenge","Challenge 3: Bystander Duty and Reporting — Question","Help Tess decide what to do right now. A coworker has just mocked her accent in the break room in front of witnesses. He did not stop when she walked in — he just moved on. Tess has four options. Which response is the most professionally defensible and operationally correct? Option A: Calmly and directly address the behavior in the moment, then submit a formal written report to her supervisor that includes the exact quote or behavior, the witnesses present, the time and location, and a note requesting anti-retaliation protection. Option B: Wait until after her shift and report it to HR the following morning to avoid making the situation worse right now. Option C: Confront the coworker loudly in the break room to make clear the behavior is unacceptable and will not be tolerated. Option D: Focus on patient care and avoid getting involved in personnel issues — the workplace environment is not her responsibility to correct.","58","61","NEEDS REVIEW — LTX/Detail missing"
"M01-S25-D","M01","debrief","Challenge 3 Debrief: Professional Correction Is Mandatory","Operational Case Review
1) Correct decision: Option A is correct because it preserves patient safety and workflow integrity under pressure.
2) Why correct: Calmly address the behavior in the moment, then submit a formal report to the supervisor with the exact behavior, witnesses, time, location, and an anti-retaliation request.
3) Incorrect option analysis:
- Option B risk: Wait until after shift and report it to HR the following morning to avoid making the situation worse right now.. Looks reasonable under pressure, but creates a preventable documentation and escalation gap.
- Option C risk: Confront the coworker loudly in the break room to make clear the behavior is unacceptable.. Looks reasonable under pressure, but creates a preventable documentation and escalation gap.
- Option D risk: Focus on patient care and avoid getting involved in personnel issues — the workplace environment is not her responsibility to correct.. Looks reasonable under pressure, but creates a preventable documentation and escalation gap.
4) Patient safety implications: uncontrolled communication barriers or delayed escalation can compound into harm.
5) Workflow implications: sequence matters; right actions in the wrong order still produce risk.
6) Documentation implications: chart objective findings, what was verified, what was escalated, and who received handoff.
7) Escalation implications: trigger supervisor pathway when unresolved clinical, communication, or conduct risk remains.
8) Survey implications: ACHC/CMS reviewers focus on evidence chain, not intent.
9) Operational consequences: unresolved gaps can lead to adverse events, corrective action, and loss of trust.
10) Disciplinary/legal/defensibility: omissions and unsupported charting increase disciplinary risk and weaken legal defense.

The correct answer is A. Option A is correct because it does two things at once: it stops the behavior in real time and it creates a defensible formal record. Calm, direct, in-the-moment correction is not aggression — it is professionalism applied at the right moment. The formal report with objective behavioral detail is what makes the correction traceable, investigable, and protected from retaliation. Option B delays correction and weakens the record. Memory fades overnight. Witnesses may not recall details the next morning. The behavior continues in the gap. Option C is incorrect because aggressive confrontation creates a second conduct issue and muddies the reporting process. When an incident becomes a dual-conduct conflict, the original behavior becomes harder to address cleanly. Option D is the most dangerous answer. Silence normalizes exclusion behavior. Workforce disrespect compounds over time — it erodes team trust, impairs communication safety, and eventually touches patient care. The correct standard in an ACHC-accredited agency: see it, address it, document it, escalate it. Anti-retaliation protections exist specifically so that staff can report without fear. Using them is not weakness — it is the job.","95","98","NEEDS REVIEW — LTX/Detail missing"
"M01-S26","M01","content","Supervisor Coaching: Objective Reporting Language","The supervisor sits with Tess and Aldrin in her office. She walks through what a defensible incident report looks like. Not: he was unprofessional. Instead: at approximately 2:15 PM in the break room, in the presence of three colleagues, the following statement was made — and you write it down exactly. Report behavior, not character. Facts, not interpretations. Include the exact quote or behavior, the time, the location, the witnesses, the observed impact, and your requested follow-up. Character judgments get argued. Objective behavioral evidence gets investigated. That's the distinction.","55","15","COMPLETE"
"M01-S26-EC5","M01","educator-commentary","Educator Side Comment: Corrective Action Process","Notice the leadership response. Corrective action is not automatic punishment; it is evidence-driven review, documented coaching, and accountability tracking. Competent clinicians cooperate with investigation and preserve objective records instead of private side resolutions.","32","35","NEEDS REVIEW — LTX/Detail missing"
"M01-S27","M01","content","Documentation Audit Moment","End of the day. Tess is reviewing charts before logging off. She finds two prior visit records — not hers — with blank cultural preference and interpreter fields. The fields exist. They were never filled. She stares at it for a moment. This isn't one person having a bad day. It's a workflow gap quietly producing incomplete records across multiple visits, multiple patients. She recognizes she needs to do two things: correct the record, and flag the pattern. Missing fields don't just fail surveys. They leave the next clinician working blind.","62","12","COMPLETE"
"M01-S27-EC6","M01","educator-commentary","Educator Side Comment: Retaliation Early Warning","This becomes a legal and workforce safety risk if ignored. Low-volume statements can still be retaliation indicators when tied to a report. The safe move is immediate written documentation and supervisor notification, not personal confrontation.","32","35","NEEDS REVIEW — LTX/Detail missing"
"M01-S28-Q","M01","challenge","Challenge 4: Corrective Documentation — Question","Help Tess correct the incomplete records. She has found two prior visit notes with missing cultural preference and interpreter fields. She needs to correct them now. What is the most defensible corrective action? Option A: Create a late-entry addendum for each record with a timestamp, note that it is a late-entry correction, add the cultural preference details, the interpreter information, and the comprehension findings objectively, and notify her supervisor about the pattern. Option B: Go back into the original note text and rewrite it to include the missing information so the record appears complete and consistent. Option C: Add a brief note at the end of each record saying patient understands and move forward. Option D: Leave both records as they are and document the missing information fully at the next visit instead.","55","58","NEEDS REVIEW — LTX/Detail missing"
"M01-S28-D","M01","debrief","Challenge 4 Debrief: Defensible Correction Has a Sequence","Operational Case Review
1) Correct decision: Option A is correct because it preserves patient safety and workflow integrity under pressure.
2) Why correct: Create a late-entry addendum for each record with a timestamp, objective detail including cultural preference and interpreter information, and notify the supervisor about the pattern.
3) Incorrect option analysis:
- Option B risk: Go back into the original note text and rewrite it to include the missing information so the record appears complete and consistent.. Looks reasonable under pressure, but creates a preventable documentation and escalation gap.
- Option C risk: Add a brief note at the end of each record saying 'patient understands' and move forward.. Looks reasonable under pressure, but creates a preventable documentation and escalation gap.
- Option D risk: Leave both records as they are and document the missing information fully at the next visit.. Looks reasonable under pressure, but creates a preventable documentation and escalation gap.
4) Patient safety implications: uncontrolled communication barriers or delayed escalation can compound into harm.
5) Workflow implications: sequence matters; right actions in the wrong order still produce risk.
6) Documentation implications: chart objective findings, what was verified, what was escalated, and who received handoff.
7) Escalation implications: trigger supervisor pathway when unresolved clinical, communication, or conduct risk remains.
8) Survey implications: ACHC/CMS reviewers focus on evidence chain, not intent.
9) Operational consequences: unresolved gaps can lead to adverse events, corrective action, and loss of trust.
10) Disciplinary/legal/defensibility: omissions and unsupported charting increase disciplinary risk and weaken legal defense.

The correct answer is A. Option B is the most dangerous answer in this challenge. Going back into the original note and rewriting it is record alteration. It destroys chronological integrity, creates legal exposure, and in a survey context can constitute falsification. If an auditor or surveyor compares electronic metadata with note content and finds they do not align, the consequences extend far beyond the two missing fields. Option C is the most common wrong answer — not because it is aggressive, but because it is vague. Patient understands is not a clinical finding. It is an assertion. It tells no one what was taught, how understanding was verified, what the patient demonstrated back, or what still needs reinforcement. Option D delays correction into a different visit with a different clinical context, leaving the existing gap open and the care team acting on incomplete information in the meantime. Option A is correct because it does three things: it preserves record integrity by creating a transparent late-entry with a timestamp, it adds objective clinical detail that actually means something to the next clinician reading the chart, and it escalates the pattern to a supervisor and QA so the workflow gap can be corrected at the system level. Defensible documentation is not about length. It is about specificity, objectivity, completeness, and correct sequence.","95","98","NEEDS REVIEW — LTX/Detail missing"
"M01-S29","M01","content","Mentor Lesson: Survey Defensibility","Aldrin, over coffee in the alcove beside the chart room: Surveyors don't grade intentions. They don't care that you meant to do the right thing. They review evidence chains. Risk was recognized. Action was taken. Escalation was completed. Documentation shows what happened and when. If any link in that chain is missing, the rest doesn't matter. A well-intentioned clinician with incomplete documentation is indistinguishable from a careless one in a survey record. That's why documentation isn't bureaucracy. It's the proof that you did what you said you did.","52","15","COMPLETE"
"M01-S30","M01","content","Near-Miss Escalation","Mr. Henderson's kitchen table. Tess is running through the medication teach-back. He nearly double-doses. He's been taking his medication twice in the morning because two different visit notes documented conflicting timing instructions — one from a prior clinician, one from a nurse practitioner's phone order that was transcribed differently. He has been following both, dutifully. Tess catches it during the teach-back. She pauses. Looks at the two instructions side by side. This isn't a teaching moment. This is a near-miss. She corrects the schedule at the bedside, calls her supervisor from the patient's kitchen, and documents the near-miss, the corrected instruction, the teach-back result, and the escalation — before she leaves the home.","70","15","COMPLETE"
"M01-S31-Q","M01","challenge","Challenge 5: Teach-Back Under Risk — Question","Help Tess respond correctly right now, at Mr. Henderson's kitchen table. He has been double-dosing his medication for five days. Two conflicting instructions from two different visit notes. He has not yet taken today's dose. The window to act correctly is open.

Challenge_Question: Mr. Henderson has been double-dosing due to conflicting instructions in two prior visit notes. He hasn't taken today's dose yet. What is the most defensible immediate response?

Option_A: Correct his understanding at the bedside immediately, update the medication schedule in the chart, call the supervising clinician during this same visit, document the near-miss event, the corrected education, the teach-back result, and the revised care plan — all before leaving the home.

Option_B: Correct his understanding now and explain the right schedule verbally, then document the correction at the end of the day after all visits are complete to ensure you have time to document thoroughly.

Option_C: Ask the patient's family member to monitor his medication intake closely and call the agency if any confusion continues, then notify the supervising clinician at your next scheduled check-in.

Option_D: Wait to adjust the medication instructions until the next scheduled physician order update, so you are not providing instructions that contradict a prior documented order without physician authorization.

Correct_Answer: A

Operational_Rationale: Option A is the only answer that closes every risk loop at the point of care. Near-miss events require same-visit documentation because the chart must be corrected before any other clinician accesses it. The chart does not protect the next clinician from the error until the correction exists in it. Every hour the chart remains uncorrected is an hour during which another clinician accessing the record — a supervisor reviewing remotely, a covering nurse dispatched for an after-hours call, a family member reading a portal — sees the same two conflicting instructions and has no way to know the error was identified and corrected. That is a documented harm pathway.

Option B introduces a specific, measurable gap: if Tess documents at end of day after completing her remaining visits, a clinician assigned to Mr. Henderson for a 7 AM check the following morning will open the chart, find both conflicting instructions still visible, and make a dosing decision based on information Tess knew was wrong but had not yet corrected in the record. It is no longer a near-miss. It is a medication error with a downstream harm event attached to a chart Tess had in her hands the day before.

Option C transfers a clinical safety function to a family member. Monitoring medication intake for accuracy in a double-dosing scenario requires clinical judgment to identify whether a dose has been taken, whether the timing is correct, and whether the instructions as understood by the patient match the corrected order. Asking a family member to ""watch and call if confused"" does not meet that standard. The family member may not recognize that the patient has returned to the incorrect schedule after a day of correct dosing. By the time they call, harm has occurred.

Option D inverts clinical urgency and administrative sequence. A patient who is actively at risk of a pharmacological error today — because of conflicting instructions currently in the chart — cannot safely wait for a physician order update scheduled for a future date. The bedside correction Tess makes is a clinical education correction, not a change in the underlying prescription. She is correcting what the patient understands, escalating to her supervising clinician, and ensuring the chart reflects the accurate instruction. None of those steps require a new physician order. Waiting for one while the patient continues double-dosing is not procedural caution — it is inaction during an active safety event.

Full_Debrief: Two people are responsible for what happens in the next twenty-four hours: Tess, and the next clinician who opens this chart. If Tess chooses Option B and documents at end of day, the next clinician who visits Mr. Henderson at 7 AM the following morning will open the chart, see two conflicting instructions — both still there — and make a dosing decision based on stale incorrect information. It is no longer a near-miss. It is a documented medication error with a harm outcome that traces directly to the gap between when the error was identified and when the chart was corrected.

Near-miss documentation is not a punitive function. It is a safety function that protects the next person who touches this patient. It closes the information loop so that every clinician who opens the chart after Tess has the corrected picture. Every link in the chain depends on the previous link being closed.

The near-miss note must contain: the specific conflicting instructions identified by visit date and source, the corrected dosing schedule, what Mr. Henderson demonstrated in teach-back after correction, the supervisor's name and the exact time of the escalation call, and the revised care plan with documented next steps. Without all of those elements, the note does not meet the standard for near-miss documentation under ACHC accreditation requirements.

Surveyors reviewing this record will look for four things: whether the near-miss was identified, whether it was escalated during the same visit, whether the patient was corrected and comprehension verified through teach-back, and whether the corrected plan was transmitted to the next clinician in the chart before the visiting clinician departed. A well-intentioned verbal correction with a note entered the following morning fails all four criteria. The survey finding is not that Tess was careless. It is that the safety loop was left open overnight.","58","15","COMPLETE"
"M01-S31-D","M01","debrief","Challenge 5 Debrief: Near-Miss Requires Same-Visit Response","Operational Case Review
1) Correct decision: Option A is correct because it preserves patient safety and workflow integrity under pressure.
2) Why correct: Correct the patient's understanding at the bedside, update the medication schedule, call the supervising clinician during this visit, and document the near-miss, corrected education, and revised care plan.
3) Incorrect option analysis:
- Option B risk: Correct the patient's understanding now and document the correction at the end of the day after all visits are complete.. Looks reasonable under pressure, but creates a preventable documentation and escalation gap.
- Option C risk: Ask the patient's family to monitor his medication closely and call the agency if any confusion continues.. Looks reasonable under pressure, but creates a preventable documentation and escalation gap.
- Option D risk: Wait to adjust the medication instructions until the next scheduled physician order update to avoid contradicting a prior documented order.. Looks reasonable under pressure, but creates a preventable documentation and escalation gap.
4) Patient safety implications: uncontrolled communication barriers or delayed escalation can compound into harm.
5) Workflow implications: sequence matters; right actions in the wrong order still produce risk.
6) Documentation implications: chart objective findings, what was verified, what was escalated, and who received handoff.
7) Escalation implications: trigger supervisor pathway when unresolved clinical, communication, or conduct risk remains.
8) Survey implications: ACHC/CMS reviewers focus on evidence chain, not intent.
9) Operational consequences: unresolved gaps can lead to adverse events, corrective action, and loss of trust.
10) Disciplinary/legal/defensibility: omissions and unsupported charting increase disciplinary risk and weaken legal defense.

The correct answer is A. Option B — correct now, document later — is one of the most common documentation errors in home health. End-of-day documentation of a same-visit near-miss is memory-dependent, continuity-fragmented, and legally weaker than a same-visit record. If another clinician visits this patient tonight or tomorrow morning before your documentation is complete, they will act on the old conflicting instructions. Option C transfers clinical responsibility to a family member. Monitoring medication intake is not a family surveillance task — it is a clinical safety function that requires a clinician's judgment, not a worried family member's observation. Option D waits for a physician order update before correcting a patient who is actively at risk of dosing error. That is a delay with a direct harm pathway. Option A is correct because it acts in the correct sequence: correct the patient at the point of care, escalate to the supervising clinician during the same visit so the order can be clarified, and document the near-miss with the correction, the teach-back result, and the updated care plan before you leave the home. Near-miss documentation is not punishment. It is a safety tool that closes the risk loop and protects the next clinician who opens this chart.","95","15","COMPLETE"
"M01-S32","M01","content","Formal Grievance Trigger","The Henderson family has filed a formal grievance. They cite communication confusion from an earlier visit and report that a family member was treated dismissively by a prior clinician — not Tess, but a clinician who came the week before. The complaint has moved from sentiment to an operational document. It now has intake fields, a routing number, and a review timeline. Grievances are not failures. They are signals. The formal process exists precisely because informal complaints disappear. When a grievance is filed, there is now a documented record that must be investigated, responded to, and closed with evidence.","52","12","COMPLETE"
"M01-S33","M01","content","Leadership Process: Fair and Documented","The supervisor, HR, and compliance review the chronology together. They go through patient records, visit notes, witness accounts, and the incident report Tess filed. The process is firm. It is fair. Accountability is anchored to documented behavior and patient impact — not to who is more likable, who filed first, or who was louder. The rushed coworker's pattern of unsafe shortcuts is visible in the records. The investigation is not a witch hunt. It is a documented process designed to produce a correctable finding.","60","12","COMPLETE"
"M01-S34","M01","content","Corrective Action and Coaching","The rushed coworker receives a formal coaching session, increased supervision, and documentation requirements for a ninety-day period. After a second incident involving an interpreter shortcut the following month, he is removed from direct patient assignments pending review. The removal is not theatrical. It is a safety governance decision with a documented rationale. Accountability is protection — for patients from repeated unsafe behavior, for the agency from survey liability, and for the team from a member whose shortcuts make everyone's documentation and credibility weaker.","58","12","COMPLETE"
"M01-S34-EC7","M01","educator-commentary","Educator Side Comment: Inclusion to Operations Bridge","Notice how Tess turns observation into system improvement. Inclusion is not symbolic when it changes workflow. A competent clinician proposes process controls that can be audited, adopted, and repeated across the team.","32","35","NEEDS REVIEW — LTX/Detail missing"
"M01-S35","M01","content","Tess Reflection Under Pressure","End of a long shift. Tess walks out to the parking lot. Her feet hurt. It has been a day that asked everything of her — clinical judgment, documentation discipline, workplace navigation, and the steady management of her own reactions. She did not win by being louder. She did not survive by staying silent. She reported what she saw. She documented what she did. She escalated when it was required. The bracelet is between her fingers as she walks. Steady, not fast. Her grandmother was right.","52","12","COMPLETE"
"M01-S36","M01","content","Transition to Mastery","The Henderson family has agreed to continue visits. Not because the grievance was closed — though it was. Because Tess showed up the next day, reviewed the corrected care plan, confirmed the medication schedule, and asked Mr. Henderson directly how he was doing. Trust isn't repaired by speeches or apology emails. It's rebuilt through repeated defensible actions. Clear communication. Verified understanding. Correct escalation. Complete documentation. That's the only currency that actually transfers between visits.","50","12","COMPLETE"
"M01-S37","M01","content","Communication Adapted, Identity Preserved","Tess adjusts her pace for Mr. Henderson. She confirms his preferred form of address, validates his concern before responding, and doesn't rush what needs to be said. She adapts how she says things — not what she stands for. He asks a question. Then another. He's more open than he was in week one. She didn't lose herself to fit in. She translated herself — so he could receive what she's always offered. Adapt style. Not safety requirements.","66","12","COMPLETE"
"M01-S38","M01","content","Interpreter Workflow Executed Correctly","Before placing the interpreter call, Tess explains to Mr. Henderson: I want to make sure this is clear and comfortable for you. I'm bringing in qualified interpretation support for this step — not because I doubt you, but because your care plan deserves the most accurate communication I can give you. He nods. She activates the interpreter, introduces them, confirms his consent to proceed, and delivers the insulin teaching. Teach-back follows. He repeats the dosage timing correctly. She documents the interpreter ID, the method, the date, the content taught, the comprehension result, and the follow-up plan. That note is defensible.","62","12","COMPLETE"
"M01-S38-EC8","M01","educator-commentary","Educator Side Comment: What Documentation Must Capture","Key charting checkpoint. The record should capture interpreter ID, consent confirmation, what was taught, what the patient demonstrated in teach-back, and what follow-up was ordered. Without those fields, the visit may feel successful but remain non-defensible.","32","35","NEEDS REVIEW — LTX/Detail missing"
"M01-S39","M01","content","Trust Rebuilt Through Clarity","At the end of the visit, Mr. Henderson says something he hasn't said before: I understand now. Nobody explained it this clearly before. Tess doesn't say she's glad. She says: That's exactly what I was hoping for. The relationship shifted — not because she worked harder or cared more, but because she controlled the communication environment. She removed the barrier. She verified the understanding. She documented it. The emotional payoff is real. It's also operational. Trust built through clear communication improves adherence, reduces preventable escalation, and makes every future visit safer.","54","10","COMPLETE"
"M01-S40-Q","M01","challenge","Challenge 6: Integrated Workflow Sequencing — Question","Tess has arrived at a new patient's home — first visit. The family is present and pushing her to begin the teaching session immediately. During the initial greeting, she notices the patient wince when shifting position in the chair. The wince was not in the pre-visit chart. Language preference has not yet been confirmed. The interpreter has not been activated.

Challenge_Question: New patient, family pushing to start teaching immediately. Tess notices the patient wince — a possible pain indicator not in the chart. Language preference is unconfirmed. Interpreter is not activated. What is the most defensible visit sequence?

Option_A: Pause the teaching session before it starts. Assess the pain indicator at the bedside first. Confirm the patient's language preference and activate the qualified interpreter before beginning any clinical education. Deliver teaching with teach-back after the interpreter is in place. Document all findings including the pain indicator, language barrier, interpreter ID, teach-back result, and any unresolved clinical risk. Escalate before leaving if needed.

Option_B: Begin the education session immediately since the family is ready, engaged, and the teaching materials are prepared. Add the interpreter only if confusion becomes apparent during the teaching. Address the wince afterward since it may just be routine positioning discomfort.

Option_C: Stop all activity and escalate to your supervisor before any bedside clinical work to avoid personal liability for the undocumented pain indicator you observed. Do not touch the patient until supervisor authorization is received.

Option_D: Build rapport through casual conversation first — ask about the patient's preferences and interests before beginning any clinical assessment or education to establish a trusting relationship before formal workflow.

Correct_Answer: A

Operational_Rationale: Option A is the only sequence that executes in the correct clinical and compliance order. The wince is an uninvestigated clinical finding. It must be assessed before anything else begins because it could represent acute pain, a positional injury, an unreported wound complication, or an emerging condition that materially changes the care plan. You cannot ethically or defensibly begin insulin administration teaching to a patient who may be in active pain during the session — not because it is unkind, but because a patient experiencing pain is not able to engage fully with teaching content, cannot accurately complete teach-back, and may have a clinical condition that changes what should be taught.

After the clinical finding is assessed and addressed, the communication environment must be controlled before any clinical education begins. Teaching through an unqualified family interpreter while a pain indicator remains uninvestigated creates two simultaneous documentation gaps. Teaching delivered without a qualified interpreter has no verified comprehension and cannot be documented as complete or defensible education. Teaching delivered while the patient has an unassessed pain indicator cannot be confirmed as fully absorbed.

Option B is the most operationally common error pattern: beginning teaching before controlling the communication barrier means anything taught during that window has no verified comprehension and no qualified interpreter record. The note will read ""education completed"" with no interpreter ID and no verified teach-back result that a surveyor can examine. The wince being addressed ""afterward"" means the clinician may finish a complete teaching session and then discover the patient was in active pain throughout — invalidating the teaching, creating a documented sequence error, and producing a safety and documentation problem at the end of a visit rather than correcting it at the beginning.

Option C is premature escalation without clinical information. Escalation requires a finding to report. Observing a possible pain indicator and calling your supervisor before assessing it means your supervisor has no clinical information to act on. They cannot authorize, direct, or adjust a care plan based on an unobserved, unassessed event described over the phone. Your job is to assess first, then escalate with specific findings. Calling before assessment does not protect you from liability — it delays the assessment that would generate the information needed for any protective action.

Option D confuses professional rapport with clinical assessment delay. An unassessed pain indicator and an uncontrolled language barrier do not become less clinically urgent while you ask about the patient's hobbies or family history. Rapport in home health is not established through preliminary social conversation that defers clinical work — it is built through competent, respectful care delivered in the correct sequence. A clinician who assesses a patient's pain first and explains what they are doing throughout builds more durable trust than one who delays clinical work in favor of a social warm-up.

Full_Debrief: Tess's supervisor reviews the visit note a week later during a documentation quality review. If Option B was chosen, the chart shows: teaching completed, family present, interpreter — not documented, wince noted as an addendum at the end of the visit. The supervisor flags it immediately. The chart does not show when the wince was observed. It does not show whether it was assessed. It does not show what the patient reported about it. It does not show whether the clinical finding changed any aspect of the care plan or teaching content. The interpreter field is blank or shows ""family member."" The teach-back result field reads ""patient understands"" — which is not a clinical finding that a surveyor can examine or verify.

If Option A was executed correctly, the chart shows: pain indicator observed at initial greeting and assessed at visit start, patient reported mild positional soreness from chair height, finding noted and did not change care plan, language preference confirmed as limited English proficiency in Tagalog, qualified interpreter activated with interpreter ID and method documented, teaching session began after interpreter was in place, teach-back result documented as what the patient demonstrated, no unresolved clinical risk requiring escalation at close of visit. Every link exists. ACHC surveyors reviewing this chart see a clinician who identified a new finding, addressed it, controlled the communication environment, delivered verified teaching, and closed the visit with complete documentation.

The difference between Option A and Option B is not clinical intent. Both clinicians intended to provide good care. The difference is sequence. And in documentation-dependent home health, sequence determines defensibility.","62","15","COMPLETE"
"M01-S40-D","M01","debrief","Challenge 6 Debrief: Right Steps, Right Order","Operational Case Review
1) Correct decision: Option A is correct because it preserves patient safety and workflow integrity under pressure.
2) Why correct: Assess the pain indicator at bedside, confirm language preference and activate the qualified interpreter, deliver teach-back after teaching, document all findings and interpreter ID, and escalate any unresolved clinical risk.
3) Incorrect option analysis:
- Option B risk: Begin education immediately since the family is ready — add the interpreter only if confusion appears during teaching.. Looks reasonable under pressure, but creates a preventable documentation and escalation gap.
- Option C risk: Escalate to your supervisor before any bedside clinical activity to avoid personal liability for unexpected findings.. Looks reasonable under pressure, but creates a preventable documentation and escalation gap.
- Option D risk: Build rapport with the patient first through casual conversation and delay both the clinical assessment and documentation until the relationship is established.. Looks reasonable under pressure, but creates a preventable documentation and escalation gap.
4) Patient safety implications: uncontrolled communication barriers or delayed escalation can compound into harm.
5) Workflow implications: sequence matters; right actions in the wrong order still produce risk.
6) Documentation implications: chart objective findings, what was verified, what was escalated, and who received handoff.
7) Escalation implications: trigger supervisor pathway when unresolved clinical, communication, or conduct risk remains.
8) Survey implications: ACHC/CMS reviewers focus on evidence chain, not intent.
9) Operational consequences: unresolved gaps can lead to adverse events, corrective action, and loss of trust.
10) Disciplinary/legal/defensibility: omissions and unsupported charting increase disciplinary risk and weaken legal defense.

The correct answer is A. Defensible care is sequence-dependent. Right steps in the wrong order still produce risk. Option B begins education before the communication barrier is controlled and before a potential pain symptom is assessed. This creates two simultaneous gaps: unverified comprehension and an uninvestigated clinical finding. Teaching that proceeds before a pain indicator is assessed and before an interpreter is activated is not efficient — it is incomplete. Option C escalates before bedside assessment. This is premature escalation without clinical information. Your supervisor cannot make an informed clinical decision about an unassessed finding. Your job is to assess first, then escalate with findings. Option D delays both clinical assessment and documentation in favor of rapport building. Rapport matters. But an unassessed pain indicator and an uncontrolled language barrier do not wait for comfort. Option A is correct because it executes in the correct order: identify and respond to the clinical finding first, control the communication environment second, deliver and verify the teaching third, and close the visit with complete documentation and any necessary escalation. Sequence is not bureaucracy. Sequence is how you prevent compounded errors.","95","15","COMPLETE"
"M01-S41","M01","content","Independent Shift Preparation","The supervisor reviews Tess' chart performance over the past three weeks and confirms her for independent shift. She says: Not because you are perfect. Because when you face a hard decision, your reasoning is consistent, documented, and safe. You escalate when you should. You correct when you should. You do not guess when you can verify. That is what we need in the field. Tess nods. She thinks about her grandmother's bracelet and what it means to be steady. She is ready. Not invulnerable — ready.","50","53","NEEDS REVIEW — LTX/Detail missing"
"M01-S41-EC9","M01","educator-commentary","Educator Side Comment: Readiness Judgment","Readiness is operational, not emotional. A competent clinician is one whose decisions are consistently sequenced, escalated when needed, and documented with enough specificity that another clinician can safely continue care.","32","35","NEEDS REVIEW — LTX/Detail missing"
"M01-S42","M01","challenge","Final Assessment Q1: Barrier Prioritization","Final simulation. Tess's first fully independent shift. Three patients assigned. One has a documented language barrier and no interpreter pre-scheduled. One has a pain management concern flagged by the prior visiting clinician in yesterday's note. One has a new wound assessment order added by the physician overnight. Before leaving the agency, she needs to write a pre-shift prioritization note. What does it contain?

Challenge_Question: Three patients on Tess's first independent shift — language barrier with no interpreter pre-scheduled, prior-flagged pain management concern, and a new wound assessment order. What is the most defensible pre-shift prioritization note before departure?

Option_A: A structured note that explicitly identifies each patient's communication barrier type and status, urgency marker and clinical flag, required pre-visit action (interpreter activation, pain follow-up contact, wound supply confirmation), and escalation threshold — documented and time-stamped before departure from the agency.

Option_B: A note listing all three patients with their appointment times, addresses, and primary visit purposes — sufficient to begin the shift and address barriers when they are encountered at each home.

Option_C: A note documenting only the new wound assessment order patient, since the new physician order represents the primary clinical obligation of the day and the other two visits are routine follow-ups.

Option_D: A note deferring all barrier identification and flagging to point of care at each home visit, since each situation is best assessed in real time with the patient present rather than anticipated in advance.

Correct_Answer: A

Operational_Rationale: Pre-visit barrier identification is not preparatory paperwork. It is patient safety infrastructure. A clinician who arrives at a limited-English patient's home without a pre-activated interpreter has already created a workflow failure before the door opens — because interpreter activation requires time that cannot be absorbed at the bedside when the patient is waiting and the visit window is fixed. A clinician who arrives at a patient with a flagged pain concern without reviewing the prior note and confirming whether the concern has escalated begins the visit without situational awareness of what the chart already knows. A clinician who arrives for a wound assessment without confirming that the required specialized supplies are in the nursing bag may face a visit that cannot be completed safely or must be aborted.

Option A is correct because it requires the clinician to actively resolve each known barrier before it becomes a point-of-care event. The interpreter activation call alone can take ten to fifteen minutes to complete. If that time is attempted at the patient's kitchen table, it absorbs the visit window, leaves the patient waiting, and creates pressure to compress or skip steps that follow. Activating before departure means the interpreter ID is already in the chart before the clinician's car leaves the parking lot.

Option B records the schedule without the preparation. The schedule is not the safety net — the barrier resolution is. A note with three names, three addresses, and three appointment times tells the next reviewer that the shift existed. It does not tell the reviewer that the clinician identified the interpreter gap, closed it, confirmed the pain follow-up, or verified the wound supplies. If something goes wrong at any of those three visits, the pre-shift note is one of the first documents examined. A note that shows three patient names and nothing else does not answer the question that reviewer will ask: did this clinician identify the known risks before the shift began?

Option C creates a triage error by ranking task type over patient risk profile. A new physician wound assessment order is clinically significant. But a patient with a documented language barrier and no pre-arranged interpreter represents an immediate visit execution failure that affects every clinical exchange in the session — including the teaching or assessment that is the primary purpose of the visit. Ranking the wound order above the language barrier because it comes from a physician creates the illusion of clinical priority without the operational reality.

Option D is the inverse of safe practice. Known barriers that can be resolved before departure — a missing interpreter activation, a pain flag that needs follow-up contact, a supply check for a wound kit — do not become resolved by waiting until the clinician is standing at the patient's door. They compound. A clinician who arrives at three consecutive visits without pre-visit barrier resolution is not responding in real time — they are encountering predictable problems without preparation, which produces compounded delay, documentation gaps, and patient safety risk across the full shift.

Full_Debrief: The pre-shift prioritization note is an evidence document. Under normal conditions when the shift proceeds without incident, no one reads it. When something goes wrong — a patient is harmed, a grievance is filed, a survey is triggered, a chart is audited — the pre-shift note is among the first documents reviewed. It answers the question: did this clinician identify the known risks before the shift began and demonstrate situational awareness before arriving at each patient's home?

A note that reads ""Patient 1 — 9 AM — [address]. Patient 2 — 11 AM — [address]. Patient 3 — 1 PM — [address]"" does not answer that question. A note that reads ""Patient 1: Spanish-speaking, no interpreter pre-scheduled, activated Interpreter Services at 0712, interpreter ID confirmed, visit sequence adjusted to 9:15 AM to allow connection time. Patient 2: pain management concern flagged by prior clinician in 11/14 note, contacted supervisor at 0720 to confirm whether escalation occurred, confirmed stable — monitor during visit and document pain assessment. Patient 3: new wound assessment order from Dr. [name] overnight, confirmed wound care kit in bag, sterile supplies verified, physician contact confirmed available if intra-visit escalation needed"" answers it completely. That note shows situational awareness, proactive barrier resolution, and a documented decision trail before a single visit has begun.

ACHC accreditation standards require not just that care was provided, but that care was planned with known barriers addressed in advance. The pre-shift note is where advance barrier management is documented. It is not an optional step for organized clinicians. It is the documented evidence that the clinician knew what was waiting at each door and prepared accordingly.","48","15","COMPLETE"
"M01-S43","M01","challenge","Final Assessment Q2: Complex Interaction","Second patient of Tess's independent shift. Limited English. Family present and offering to interpret. While Tess is reviewing the care plan at the kitchen table, the patient reports a new symptom — shortness of breath — that was not in the morning chart. The family member leans forward and offers to translate the patient's description.

Challenge_Question: Second patient of the shift — limited English, family offering to interpret, patient reports new shortness of breath not in the morning chart. What is the most defensible complete response sequence?

Option_A: Pause immediately. Assess the new symptom at the bedside — vital signs, patient report, observable clinical indicators — before proceeding with any teaching. Activate the qualified interpreter for the symptom assessment and all subsequent communication. Escalate the new symptom to the supervising clinician during this visit, with your bedside findings, before leaving. Document the new symptom, the interpreter activation, the clinical assessment, the escalation, and the follow-up plan before you leave the home.

Option_B: Accept the family member's offer to interpret the symptom description in order to move quickly — a new symptom requires fast action and the interpreter line will add delay. Complete the symptom assessment with family interpretation, escalate to the supervisor after the scheduled teaching session is also complete so the visit can be fully closed out in one call.

Option_C: Escalate to the supervisor before doing any clinical assessment, explaining that you have observed a new symptom that was not in your chart. Wait for supervisor guidance before proceeding at the bedside to avoid liability exposure from an undocumented finding.

Option_D: Complete the scheduled teaching session first since the family is present, engaged, and the teaching materials are ready. Assess the shortness of breath as an addendum at the end of the visit, then escalate based on your findings at the close of the visit.

Correct_Answer: A

Operational_Rationale: A new symptom reported by a patient during a home visit is a clinical finding that supersedes the scheduled visit agenda. Shortness of breath in an elderly patient with a home health care plan represents a potential acute change that requires immediate bedside assessment, not deferral while a teaching session is completed. The scheduled agenda is secondary to an uninvestigated clinical finding.

Option A sequences correctly: clinical assessment first, with whatever rapid evaluation tools are available at the bedside — pulse oximetry if in the kit, respiratory rate observation, patient-reported onset and severity, observable clinical indicators. Communication environment controlled second, through proper interpreter activation, so that the symptom assessment itself is conducted through a qualified interpreter who can accurately transmit the patient's description of symptoms. Escalation third, with actual bedside findings to report — not a vague ""I see something unexpected"" call, but specific clinical data for the supervisor to act on. Documentation fourth: the sequence, the findings, the interpreter, the assessment result, the escalation content and response, the follow-up plan.

Option B introduces two compounding failures simultaneously. The first: using a family member to interpret a new symptom description. Family members in home health settings consistently soften, minimize, or reframe symptom descriptions — not from dishonesty but from the instinct to protect. A daughter who hears her mother describe chest tightness alongside shortness of breath may transmit only ""she says she's a little short of breath"" because the chest tightness sounds alarming and she doesn't want to escalate. The clinical description reaching the nurse through a family interpreter is not the patient's symptom description. It is the family member's interpretation of it, filtered through their emotional response. The second failure: deferring escalation until after teaching is complete. A patient who is experiencing an acute symptom change should not be the subject of a planned teaching session while that symptom is uninvestigated. If the patient deteriorates during the teaching session, the chart will show the teaching was completed while the symptom was known and unaddressed.

Option C is premature escalation without clinical information. A supervisor receiving a call that says ""I see a new symptom not in the chart"" cannot direct clinical care from a remote location without assessment data. They cannot determine urgency, whether emergency services should be called, whether the visit should be terminated, or what the appropriate next step is. Calling before assessment delays the assessment that would generate the information needed for any meaningful supervisor guidance. The clinician's first obligation is to assess, then escalate with findings.

Option D is the most clinically hazardous choice in this set. Teaching scheduled content around an active, unassessed new symptom means the clinician has observed a potential patient safety signal and proceeded as if it is not there. If the patient's shortness of breath is the early presentation of fluid overload, a pulmonary event, or a medication complication, and the chart shows the teaching session was completed in full while the symptom was present and noted only in an end-of-visit addendum, the documentation sequence creates a liability chain that no charting language can fully correct after the fact.

Full_Debrief: The chart from this visit must show a complete and defensible sequence: new symptom identified at a specific documented time and by whose report, clinical assessment performed with objective findings including what was observed and what the patient reported through the qualified interpreter, interpreter activated before clinical communication began with interpreter ID documented and method noted, supervisor contacted with specific bedside findings and supervisor's name and time of call and supervisor's direction documented, teaching session completed after symptom assessment if clinical status supported proceeding, or deferred if clinical assessment indicated teaching was not appropriate to continue, teach-back result if teaching proceeded documented as what the patient demonstrated rather than what they said they understood, follow-up plan for the new symptom with specific next steps and responsible party.

If the chart shows ""patient reported SOB, teaching completed, called supervisor at end of visit"" — that sequence will be flagged in a quality review. The escalation at end of visit with no documentation of when the symptom was assessed, what was found during assessment, and whether the assessment result informed the decision to proceed with teaching is the failure pattern that ACHC surveyors identify as inadequate clinical response to a new finding. Standards require that new clinical information receive a real-time response — not a deferred one after the scheduled activity concludes.","52","15","COMPLETE"
"M01-S44","M01","challenge","Final Assessment Q3: Documentation Defensibility","After completing the complex second visit — new symptom assessed, interpreter activated, teaching delivered, escalation completed — Tess needs to document. Four charting options are available. Which one is defensible?

Challenge_Question: After a complex visit involving a new symptom, language barrier, and interpreter activation, which charting entry is the most defensible?

Option_A: A structured note that documents: the new symptom identified at a specific time with objective clinical findings in behavioral terms, the communication barrier identified by name and type and status, the interpreter ID and modality and contact time, the teach-back result described as what the patient physically demonstrated rather than what they verbally agreed to, the escalation steps with supervisor name and time of call and supervisor's response and follow-up instruction, and the follow-up plan for the next visit with specific items to verify.

Option_B: Objective clinical findings and the visit date only — with interpreter information filed in a separate note to keep the primary clinical record clean and organized according to charting format.

Option_C: A note stating that the patient understood the education provided, no barriers were encountered, and the visit was completed per care plan — documenting only the final outcome rather than the clinical process.

Option_D: A detailed narrative paragraph describing the full visit in flowing prose, covering the symptom, the family interaction, the teaching, and the escalation — written as a comprehensive account without using the required structured documentation fields.

Correct_Answer: A

Operational_Rationale: Option A is correct because defensible documentation is structured, specific, objective, and sequenced. Each required element in a complete note serves a different downstream audience and purpose. The new symptom documentation, with objective findings and time of identification, serves the next clinician who opens the chart — they need to know what was found, when, and what was done about it. The interpreter ID and method and contact time serve the survey reviewer — without the interpreter ID, the record cannot demonstrate that a qualified interpreter was used rather than a family member or no interpreter at all. The teach-back result documented as what the patient demonstrated — not what they said they understood — serves the patient safety record, because a behavioral demonstration is verifiable evidence of comprehension while a verbal statement of understanding is not. The escalation documentation with supervisor name, time, and supervisor's response serves the compliance and liability record — without supervisor name and call time, the escalation claim cannot be verified. The follow-up plan serves care continuity — the next clinician needs to know what was unresolved at the end of the visit and what specifically they need to check.

Option B separates the interpreter information from the primary clinical record. This creates a documentation architecture problem with direct operational consequences. If a surveyor or quality reviewer pulls the primary visit note and the interpreter information is in a separate note, the primary record appears to document a clinical visit conducted without interpreter services. Surveyors conducting record reviews do not automatically search for secondary notes. The primary note is what they read. If the interpreter ID is not there, the visit appears to have been conducted without qualified interpretation regardless of what is in a secondary file.

Option C is the most operationally dangerous choice because it documents an outcome without the process that produced it. ""Patient understood the education provided"" is an assertion. It has no evidentiary value. It cannot be examined, cross-referenced, or defended when challenged. It does not tell the next clinician what was taught, how understanding was verified, what the patient demonstrated during teach-back, what the symptom finding was, or what the escalation produced. A chart that says ""visit completed per care plan"" when the visit included an unscheduled symptom assessment, an interpreter activation, and a supervisor escalation is not just incomplete — it is a false summary of a complex visit.

Option D — the narrative paragraph — reflects good intentions and may capture accurate information, but fails the structure requirement. Unstructured charting means required fields in the EHR system are not completed, which creates gaps that survive even when the narrative content is thorough. EHR systems and survey reviewers do not extract information from prose paragraphs to populate required fields — they look for fields to be completed. A thorough narrative beside empty required fields produces an incomplete record regardless of how much information is in the prose section.

Full_Debrief: A chart note is not a story. It is an evidence document. It will be reviewed by the next clinician who sees this patient, by a supervisor conducting a documentation quality review, by a QA auditor running a quarterly record audit, by an ACHC or CMS surveyor conducting an accreditation review, and potentially by legal counsel if an adverse event follows the visit. Each of those reviewers needs to find specific information quickly and in a predictable location. That is why structured fields exist.

The most durable habit a home health clinician can build is this: never document only the outcome. Document the process that produced the outcome. ""Patient understood"" is the outcome. ""Patient correctly demonstrated drawing insulin into the syringe to the 15-unit mark, identified the correct injection site on the abdomen, and confirmed the timing as once daily with the morning meal — verified through interpreter [ID number], method: telephone, contact time: 11:42 AM"" is the process that produced the outcome. The difference between those two entries is what separates a defensible note from an assertion.

ACHC surveyors reviewing this chart will look for: the symptom finding with objective description, the interpreter ID with contact method, the teach-back result as demonstrated behavior rather than stated agreement, the escalation record with supervisor name and time, and the follow-up plan with actionable specifics. If any of those elements is absent or replaced with a summary assertion, the note does not meet the evidentiary standard — regardless of the quality of care that actually occurred.","48","15","COMPLETE"
"M01-S45","M01","challenge","Final Assessment Q4: Dignity and Consent","Third patient of Tess's independent shift. An elderly English-proficient patient who has never received a full explanation of today's wound care procedure. Prior visit notes show the wound care was performed three times without documented consent confirmation or procedure explanation. Tess is about to begin.

Challenge_Question: Before beginning wound care for a patient who has never received a full procedure explanation, which communication sequence best preserves dignity and confirms informed participation?

Option_A: Validate the patient's perspective and current experience by asking how they are feeling today and whether they have any concerns. Explain clearly what the wound care procedure involves, why it is being done, what the patient will feel, and how long it will take. Confirm what the patient understood by asking them to describe back the key points. Explicitly invite them to stop the procedure or ask questions at any point without fear that it will affect their care.

Option_B: Proceed with wound care while explaining the steps as you go, which reduces patient anxiety by making the procedure feel routine and conversational rather than formal and clinical. Patients feel more comfortable when care happens naturally rather than being preceded by formal explanations.

Option_C: Ask the patient to sign a standard consent form before beginning any procedure to create a documented record of consent. Once the form is signed, proceed with care.

Option_D: Reassure the patient that everything is fine, that you have done this procedure many times, and that it will be quick — then begin. Reassurance before a procedure reduces patient anxiety more effectively than technical explanation.

Correct_Answer: A

Operational_Rationale: Option A is the only sequence that achieves three simultaneous goals: informed consent as a verified process, patient dignity preservation through autonomous decision-making, and defensible documentation opportunity. Informed consent in home health is not a form and not a signature. It is a process through which the patient reaches a voluntary and informed decision about whether to proceed with a clinical intervention, having understood what will happen, why, and what it will feel like. Option A verifies that understanding through a teach-back step — asking the patient to describe back the key points — and explicitly protects the patient's right to decline or pause at any point.

Option B mistakes narration for consent. Explaining the steps while performing them is not informed consent — it is real-time narration of an intervention that has already begun. The patient cannot meaningfully consent to a procedure they are already experiencing, because the opportunity to make a voluntary, unpressured decision to decline has already closed. A patient who would have asked Tess to stop, had she been given the explanation in advance and the explicit invitation to decline, cannot stop what has already started without feeling that she is disrupting care or causing a problem. The consent opportunity must precede the procedure, not run alongside it.

Option C reduces the consent process to its administrative artifact. A signature on a consent form is documentation that a consent process occurred. If the process did not occur — if the patient was not given a clear explanation, was not given time to ask questions, was not given an explicit invitation to decline — then the signature is administrative documentation of a process that did not happen. Three prior visits with wound care performed without documented consent confirmation are already a survey finding. A fourth visit with a signed form but no documented explanation, teach-back, or explicit invitation to decline does not correct that pattern. It adds a piece of paper to an ongoing consent failure.

Option D is clinically paternalistic in a way that directly harms the patient's ability to make informed decisions. Telling a patient ""everything is fine"" and ""it will be quick"" before a wound care procedure that the patient has never had explained provides no clinical information on which to base a decision. It replaces information with reassurance. A patient who is anxious about the procedure because she does not know what will happen is not reassured by being told it will be quick — she is dismissed. Her anxiety, which may contain legitimate questions about pain, about the wound status, about what the procedure means for her prognosis, is overridden rather than addressed.

Full_Debrief: Three prior visit notes showing wound care performed without documented consent confirmation are a pattern that will be visible in a survey review. ACHC patient rights standards and CMS conditions of participation both require that patients receive information about their care and have their dignity and autonomy respected in the process. A record showing three consecutive wound care visits with no documented explanation, no documented consent confirmation, and no documented invitation to decline or ask questions is a patient rights finding — not a paperwork irregularity.

Option A, when executed and documented correctly, does two things simultaneously: it provides proper informed consent for this visit, and it creates a documented record that breaks the pattern beginning today. The visit note from this visit should include: what the patient was told about the procedure in specific terms, what the patient demonstrated they understood when asked to describe it back, that the patient voluntarily agreed to proceed, that the patient was informed of their right to stop or ask questions at any point during the procedure, and — if the patient had any concerns or questions before proceeding — what those were and how they were addressed.

That is four documented elements that were absent from all three prior notes. A surveyor reviewing a patient rights audit who finds three notes with no consent documentation and then a fourth note that explicitly documents the full consent process will reach a different conclusion than one who finds four notes with the same absence. The fourth note does not undo the prior three — but it demonstrates that the pattern was recognized and corrected, which is what a correctable finding looks like.","45","15","COMPLETE"
"M01-S46","M01","challenge","Final Assessment Q5: Closed-Loop Escalation","Closing out the third and final visit of Tess's independent shift. During the wound assessment, she discovers an area of redness at the wound margin that was not documented in any prior visit note. The patient cannot confirm how long it has been there. It may indicate early pressure injury development. The visit is otherwise complete.

Challenge_Question: During wound assessment you find undocumented redness at the wound margin — a possible early-stage pressure injury. Patient cannot confirm when it appeared. Most defensible closeout sequence?

Option_A: Document the finding at the bedside immediately with a specific, objective description — size, location, color, wound margin relationship, skin integrity. Call the supervisor before leaving the home, report the finding with your objective documentation, receive and document the supervisor's instruction and name and call time. Update the care plan to reflect the new finding and the supervisor's directive. Confirm in the closing note that the receiving clinician has been specifically notified of this finding and the follow-up plan.

Option_B: Document the finding thoroughly at the end of the day after all visit notes are complete, to ensure consistency across the full record and to have adequate time to describe it accurately without rushing at the bedside.

Option_C: Tell the patient's family member about the redness and ask them to monitor it over the next several days, calling the agency if it worsens or the patient reports discomfort. No escalation needed at this stage since the finding is only early-stage and not confirmed as a pressure injury.

Option_D: Wait until the next scheduled physician visit or phone consultation to flag the finding, in order to avoid raising patient anxiety prematurely with an unconfirmed diagnosis and to ensure proper physician authorization before documenting a new clinical concern.

Correct_Answer: A

Operational_Rationale: Option A is the only sequence that completes every required link in the closed-loop escalation chain. A new clinical finding discovered during a home visit — particularly one absent from all prior documentation — represents a care continuity breach that must be addressed before the visiting clinician departs. The documentation cannot be separated from the visit in which the finding was made because the timestamp of the documentation is evidence of when the finding was identified and acted upon.

The bedside documentation must be specific and objective: not ""some redness"" but ""approximately 1.5 cm area of non-blanchable erythema at the inferior wound margin, wound edge intact, surrounding skin warm to touch, patient unable to confirm onset."" That level of specificity serves the next clinician, the physician who will receive the escalation, and the supervisor who will review the note. Vague description requires the next clinician to reassess from scratch, effectively resetting the observation rather than building on it.

The same-visit supervisor call is required because the supervisor needs to know before the clinician leaves the home whether the finding changes the care plan, whether additional orders are needed, whether the physician should be contacted today, and whether the next scheduled visit needs to be moved up. None of those decisions can be made with the information ""Tess saw something and will document it later."" They require the specific clinical findings Tess observed.

Option B creates a measurable gap: if documentation occurs at end of day and another clinician is dispatched to this patient for any reason — an after-hours call, an urgent check requested by the family, a concurrent supervisor review of the chart — they open the chart and find no record of the redness. If the next clinician performs wound care without knowing about the finding, the opportunity for early intervention in a potential pressure injury has been lost. If the wound progresses between now and when the note is entered, the progression occurred during a window when the chart showed the finding as undiscovered. That is a documented care coordination failure regardless of the quality of Tess's actual bedside care.

Option C transfers a clinical observation function to a family member without clinical training. Asking a family member to ""watch it and call if it gets worse"" places the identification of pressure injury progression — which requires knowledge of wound staging, tissue assessment, and clinical change indicators — in the hands of someone without that knowledge. By the time a family member judges the finding to be ""worse"" and calls, a Stage 1 finding may have progressed to Stage 2. The preventive intervention window has closed.

Option D delays clinical action to align with an administrative schedule. A new wound finding that may indicate early pressure injury development does not wait for a physician's next scheduled availability. It requires same-day supervisor escalation and, if the supervisor determines physician contact is warranted, same-day physician notification. Waiting for the next scheduled physician contact means the finding sits in an undocumented, unescalated state for a period that could be days. During that period, the wound could progress, other clinicians could touch the wound without knowing about the finding, and the care plan will not reflect the current patient status.

Full_Debrief: The closed-loop escalation chain for a new intra-visit finding must produce a complete, linked sequence of documented events. The chain looks like this: bedside documentation entry with objective description and specific timestamp — this anchors the finding to the visit. Same-visit supervisor call with supervisor's name, the exact time of the call, the specific findings reported, and the supervisor's instruction verbatim or closely paraphrased — this anchors the escalation to a responsible clinical decision-maker. Updated care plan reflecting the new finding and the supervisor's directive — this anchors the clinical response to the care record that every subsequent clinician will read. Closing note that explicitly names the receiving clinician or care team member who has been notified of the finding and the follow-up plan — this closes the care continuity loop before Tess physically leaves the home.

If any of these links is missing, the loop is not closed. An open loop means the next clinician inherits a finding they do not know about, a family who may or may not have been appropriately informed, and a care plan that does not reflect the patient's current status. The ACHC survey standard for care coordination requires that new findings be communicated through the chain of care before the visiting clinician departs the patient's home.

The distinction between ""I documented it at end of day"" and ""I documented it at the bedside and completed the escalation chain before leaving"" is not procedural pedantry. It is the operational difference between a closed loop and an open one. What happens in the gap between when you leave the home and when the next clinician arrives is determined entirely by what the chart says when that clinician opens it.","50","15","COMPLETE"
"M01-S47","M01","debrief","Final Debrief and Competency Confirmation","You didn't pass by guessing. You passed by sequencing. In home health, the difference between acceptable and defensible is almost always one of four things: timing, documentation specificity, escalation completeness, or communication verification. Every challenge in this module had a correct answer that required all four — not three, not two. All four. Missing one link doesn't produce a partial credit outcome. It produces an open loop. And open loops in home health don't stay open quietly. They surface in the next clinician's visit, in the QA audit, in the survey reviewer's findings, in the grievance intake form, in the patient's kitchen table six days later when something has gone wrong that didn't need to.

Tess succeeded not because she worked harder than the coworker who cut corners. She documented differently. She escalated when the window was still open. She controlled the communication environment before she started teaching, not after confusion appeared. She caught the near-miss during the teach-back — because she did the teach-back. She reported the incident because she understood that the anti-retaliation clause she read twice in orientation was there specifically so she could. She adapted how she communicated with Mr. Henderson without changing what she was delivering. That's not a personality trait. That's a set of executable workflow skills that she practiced until they became operational reflex.

Carry three things forward. First: every clinical decision has an evidence chain that must exist in the record before you leave the patient's home. The chain is not complete until every link is documented — finding, assessment, interpreter, teach-back, escalation, follow-up. Second: the skills practiced in this module — interpreter workflow activation, teach-back execution, near-miss documentation, closed-loop escalation, pre-shift barrier identification — are not checkbox skills. They are the operational mechanics that determine whether your care is defensible when it is reviewed. Third: cultural competence is not a certificate. It is the daily operational commitment to controlling the communication environment, verifying understanding, and treating every patient's right to accurate information as a non-negotiable clinical standard — regardless of time pressure, family presence, or what the prior clinician documented.

Debrief_Text: Three things the record must show for every complex home health visit: what you found, what you did about it, and what the next clinician needs to know. If those three things are in the chart when you close it, the loop is closed. If one of them is missing, the loop is open. Open loops don't stay quiet.","65","20","COMPLETE"
"M01-S48","M01","content","Closing Scene: Thank You for Not Rushing Me","At the doorway, Mr. Henderson says: Thank you for not rushing me. Tess smiles, touches her bracelet, and steps to her next visit carrying both where she came from and what she has mastered. Cultural competence is not a training badge. It is a daily operational commitment. When it is practiced consistently — with documentation, escalation, interpreter workflow, dignity, and verified comprehension — it improves patient safety, builds trust, reduces adverse events, and makes every shift more defensible. This is the work. This is the standard. This is how it is done.","62","12","COMPLETE"
"M01-S49","M01","content","The Reveal and the Legacy","The scene shifts. A clinic office — clean, organized, well-lit. A Filipina woman in her early 50s sits at the desk. Her badge reads Director of Nursing. She looks directly at you. On her wrist, next to her watch — the same woven bracelet. Faded now. Threadbare. But still there.

She speaks: You made it. I know — it's a lot of rules, a lot of standards. Some days your feet ache before your shift is halfway done. But every standard you learned today? It's a safety net. For your patients, and for you. You don't have to erase where you came from to be excellent here. You just have to learn how to translate your respect into a language this system understands.

She pauses. Quieter: I know you can do it. Look how far we've both come. Keep your roots strong. Take a breath. Go print that certificate. Your patients are waiting.","90","20","COMPLETE"
