"Scene_ID","Module","Act","Slide_Number","Slide_Type","Scene_Title","Location","Narration_Text","TTS_Pacing_s","Emotion_Tone","Transition_In","Transition_Out","Detailed_Image_Description","FLUX1Dev_Image_Prompt","LTX23Dev_Video_Generation_Prompt","Estimated_Card_Duration","LTX_Generation_Count","PuLID_Character_Guidance","Negative_Prompt","Camera_Framing","ACHC_Topic","Policy_Reference","Learning_Objective_ID","Compliance_Category","Operational_Workflow","Assessment_Linkage","Debrief_Linkage","Scenario_Type","Risk_Category","Escalation_Path","Documentation_Requirement","Patient_Safety_Impact","Survey_Risk","Reconciliation_Status","Challenge_Question","Option_A","Option_B","Option_C","Option_D","Correct_Answer_Index","Correct_Answer_Label","Debrief_Text","Operational_Rationale","Full_Debrief","Status"
"M01-PA-INTRO","M01","Pre-Assessment","PA-0","pre-assessment-intro","Pre-Assessment: Before the Journey Begins","Tess' living room — Manila, the evening before departure","Before Tess boards her flight from Manila, we pause. The house is quiet. Her bags are packed. Her lola's bracelet is on her wrist. This is your pre-assessment checkpoint. Three questions — drawn from the real situations Tess is about to walk into. They test what you already know about cultural competence, language access, and patient rights in home health. There are no penalties here. Answer honestly. Your responses calibrate the journey ahead. Ready? Let us begin.","55","Calm focused","Fade from black","Cut to first pre-assessment question","Tess's living room, Manila — evening before departure. A modest Filipino sala lit by warm incandescent overhead light. Tess sits at a small wooden dining table, simple blouse, navy scrubs folded on the table beside her. A packed duffel bag leans against the table leg. On the wall behind her: a star-shaped parol lantern plugged in and glowing warm yellow-orange. Family photos in mismatched frames flank it. A glass of water on the table surface. Tess's left wrist rests on the table edge — the woven thread bracelet visible. Her expression: pensive, composed, inward — not anxious, just gathered. Camera at eye level, medium shot. The room is clean, lived-in, quiet. No other people in frame.","Photorealistic documentary interior of a modest Filipino living room at evening, Filipina nurse seated at table with packed bag nearby and parol lantern glowing on wall, quiet contemplative mood, 35mm lens, warm incandescent light.","Tess sits at the table, both hands resting near the glass of water. She looks down at the bracelet on her left wrist, touches it briefly with her right hand. She looks up toward the window — evening light filtering through thin curtains. A slow exhale. She returns her gaze to the packed bag on the floor beside the table. Still. Quiet.","12","2","Character anchor: Tess, Filipina, early 30s, tied-back dark hair, navy scrubs, woven bracelet left wrist, calm eyes, consistent badge and stethoscope. Evening light, bracelet visible, pensive but composed expression.","anime, cartoon, CGI, plastic skin, distorted hands, extra fingers, watermark, oversaturated HDR, fantasy lighting, stock-photo smile","Medium close — Tess at table","Cultural awareness; Compliance obligations","ACHC CLAS Domain 1; Pre-Assessment Standards","LO1","Training Foundations","Pre-assessment orientation","PA-Q1","N/A","Pre-assessment intro","Low","N/A","None","Sets learner orientation before first question","Low","Mapped","","","","","","","","","","","COMPLETE"
"M01-PA-Q1","M01","Pre-Assessment","PA-1","pre-assessment-challenge","Pre-Assessment Question 1: Comprehension Signals","Interactive question card — Philippines context","Question one. During a home visit in Quezon City, Tess is teaching an elderly patient how to manage her medications. After each instruction, the patient nods and says yes. Tess pauses. What does this most likely tell her? Option A: The patient understood each instruction completely. Option B: The patient is being respectful and attentive — but comprehension has not been verified. Option C: The teaching session is complete and documentation can reflect successful education. Option D: A family member can confirm understanding at the next visit. Choose the answer that best reflects safe clinical practice.","52","Instructional focused","Cut from intro card","Cut to pre-assessment debrief 1","Modest Philippine home bedroom — natural warm light through thin curtains. Tess stands beside an elderly Filipino female patient's bed — the patient is in her mid-70s, thin, wearing a simple house dress, sitting propped on pillows. A medication blister pack and a glass of water on the wooden bedside table. Tess holds a small notepad in her right hand, pen ready. She is leaning slightly forward, attentive. The patient is nodding gently with a polite smile — hands folded in her lap. Tess's bracelet is visible on her left wrist. The room is modest: a window, a curtain, a crucifix on the wall, a calendar. No drama — an ordinary teaching moment.","Photorealistic documentary image of Filipina nurse at bedside in Philippine home, elderly patient nodding during medication instruction, warm natural light, 35mm lens, authentic body language.","Tess points to the medication blister pack on the bedside table and speaks a brief instruction. The patient nods and says yes — a soft, polite nod. Tess pauses and watches the patient's face. She makes a note in her notepad. The patient continues nodding and smiling. Tess writes something else, then looks back at the patient.","15","2","Character anchor: Tess, Filipina, early 30s, tied-back dark hair, navy scrubs, woven bracelet left wrist, calm eyes, consistent badge and stethoscope. Philippine home setting — modest bedroom, natural light.","anime, cartoon, CGI, plastic skin, distorted hands, extra fingers, watermark, oversaturated HDR, fantasy lighting, stock-photo smile","Medium two-shot — nurse and patient","Communication failures; Cultural awareness","CLAS Standard 5; Teach-Back Protocol","LO3","Pre-Assessment","Comprehension verification","PA-Q1","PA-D1","Pre-assessment MCQ","High","N/A","None","Tests baseline comprehension verification knowledge","High","Mapped","A patient nods and says yes after each instruction during medication teaching. What does this most likely tell you?","The patient understood each instruction completely.","The patient is being respectful and attentive — but comprehension has not been verified.","The teaching session is complete and documentation can reflect successful education.","A family member can confirm understanding at the next visit.","1","B","","","","COMPLETE"
"M01-PA-D1","M01","Pre-Assessment","PA-1D","pre-assessment-debrief","Pre-Assessment Debrief 1: The Nod Is Not Enough","Debrief card — Philippines context","Operational Case Review
1) Correct decision: Option B is correct because it preserves patient safety and workflow integrity under pressure.
2) Why correct: The patient is being respectful and attentive — but comprehension has not been verified.
3) Incorrect option analysis:
- Option A risk: The patient understood each instruction completely.. Looks reasonable under pressure, but creates a preventable documentation and escalation gap.
- Option C risk: The teaching session is complete and documentation can reflect successful education.. Looks reasonable under pressure, but creates a preventable documentation and escalation gap.
- Option D risk: A family member can confirm understanding at the next visit.. Looks reasonable under pressure, but creates a preventable documentation and escalation gap.
4) Patient safety implications: uncontrolled communication barriers or delayed escalation can compound into harm.
5) Workflow implications: sequence matters; right actions in the wrong order still produce risk.
6) Documentation implications: chart objective findings, what was verified, what was escalated, and who received handoff.
7) Escalation implications: trigger supervisor pathway when unresolved clinical, communication, or conduct risk remains.
8) Survey implications: ACHC/CMS reviewers focus on evidence chain, not intent.
9) Operational consequences: unresolved gaps can lead to adverse events, corrective action, and loss of trust.
10) Disciplinary/legal/defensibility: omissions and unsupported charting increase disciplinary risk and weaken legal defense.

The correct answer is B. In many cultures — including Filipino, Asian, and Latin American communities — nodding and saying yes during instruction is a gesture of respect and attentiveness, not a signal of comprehension. If you selected A or C, this module will show you exactly why assumed understanding is one of the most common pathways to patient harm in home health. If you selected D, family confirmation is not a substitute for verified comprehension at the point of teaching. If you selected B, you already think like a clinician who closes the gap between what was said and what was understood. That gap is where medication errors, missed symptoms, and safety failures live. Throughout this module, you will see Tess practice the correct alternative: teach-back, with documented results.","95","Operational case-review coaching","Correct-answer reveal animation","Cut to pre-assessment question 2","Agency nursing station hallway — fluorescent overhead lighting. Tess stands facing a charge nurse — a woman in her late 40s, professional scrubs, holding a patient chart with a yellow sticky note flagged on one page. The charge nurse points to the flagged entry on the chart with one finger, speaking in a low, direct tone. Tess stands slightly turned toward her, expression attentive, slightly sobered — absorbing what she is being told. A bulletin board with printed schedules is visible on the wall in the background. The hallway is otherwise quiet. Both women's body language is professional — this is not confrontation, it is clinical correction.","Photorealistic debrief visual — nurse reviewing teach-back documentation at modest Philippine desk, warm light, 35mm lens.","The charge nurse holds up the open chart and points to a flagged entry with her finger, speaking directly. Tess leans slightly forward to look at where the finger is pointing. She nods once. The charge nurse taps the flagged note a second time for emphasis, then closes the chart. She turns and walks back toward the nursing station. Tess stands in the hallway for a moment, looking at the bulletin board, then turns and follows.","15","2","Character anchor: Tess, Filipina, early 30s, tied-back dark hair, navy scrubs, woven bracelet left wrist, calm eyes, consistent badge and stethoscope. Reflective documentation posture. Philippines home context.","anime, cartoon, CGI, plastic skin, distorted hands, extra fingers, watermark, oversaturated HDR, fantasy lighting, stock-photo smile","Medium close — nurse with chart","Communication failures; Interpreter services","Teach-Back Protocol; CLAS Standard 5","LO3","Pre-Assessment Debrief","Teach-back as comprehension control","PA-Q1","PA-D1","Pre-assessment debrief","High","N/A","Document teach-back result each visit","Reduces patient harm from assumed comprehension","High","Mapped","","","","","","","","Operational Case Review
1) Correct decision: Option B is correct because it preserves patient safety and workflow integrity under pressure.
2) Why correct: The patient is being respectful and attentive — but comprehension has not been verified.
3) Incorrect option analysis:
- Option A risk: The patient understood each instruction completely.. Looks reasonable under pressure, but creates a preventable documentation and escalation gap.
- Option C risk: The teaching session is complete and documentation can reflect successful education.. Looks reasonable under pressure, but creates a preventable documentation and escalation gap.
- Option D risk: A family member can confirm understanding at the next visit.. Looks reasonable under pressure, but creates a preventable documentation and escalation gap.
4) Patient safety implications: uncontrolled communication barriers or delayed escalation can compound into harm.
5) Workflow implications: sequence matters; right actions in the wrong order still produce risk.
6) Documentation implications: chart objective findings, what was verified, what was escalated, and who received handoff.
7) Escalation implications: trigger supervisor pathway when unresolved clinical, communication, or conduct risk remains.
8) Survey implications: ACHC/CMS reviewers focus on evidence chain, not intent.
9) Operational consequences: unresolved gaps can lead to adverse events, corrective action, and loss of trust.
10) Disciplinary/legal/defensibility: omissions and unsupported charting increase disciplinary risk and weaken legal defense.

The correct answer is B. In many cultures — including Filipino, Asian, and Latin American communities — nodding and saying yes during instruction is a gesture of respect and attentiveness, not a signal of comprehension. If you selected A or C, this module will show you exactly why assumed understanding is one of the most common pathways to patient harm in home health. If you selected D, family confirmation is not a substitute for verified comprehension at the point of teaching. If you selected B, you already think like a clinician who closes the gap between what was said and what was understood. That gap is where medication errors, missed symptoms, and safety failures live. Throughout this module, you will see Tess practice the correct alternative: teach-back, with documented results.","","Operational Case Review
1) Correct decision: Option B is correct because it preserves patient safety and workflow integrity under pressure.
2) Why correct: The patient is being respectful and attentive — but comprehension has not been verified.
3) Incorrect option analysis:
- Option A risk: The patient understood each instruction completely.. Looks reasonable under pressure, but creates a preventable documentation and escalation gap.
- Option C risk: The teaching session is complete and documentation can reflect successful education.. Looks reasonable under pressure, but creates a preventable documentation and escalation gap.
- Option D risk: A family member can confirm understanding at the next visit.. Looks reasonable under pressure, but creates a preventable documentation and escalation gap.
4) Patient safety implications: uncontrolled communication barriers or delayed escalation can compound into harm.
5) Workflow implications: sequence matters; right actions in the wrong order still produce risk.
6) Documentation implications: chart objective findings, what was verified, what was escalated, and who received handoff.
7) Escalation implications: trigger supervisor pathway when unresolved clinical, communication, or conduct risk remains.
8) Survey implications: ACHC/CMS reviewers focus on evidence chain, not intent.
9) Operational consequences: unresolved gaps can lead to adverse events, corrective action, and loss of trust.
10) Disciplinary/legal/defensibility: omissions and unsupported charting increase disciplinary risk and weaken legal defense.

The correct answer is B. In many cultures — including Filipino, Asian, and Latin American communities — nodding and saying yes during instruction is a gesture of respect and attentiveness, not a signal of comprehension. If you selected A or C, this module will show you exactly why assumed understanding is one of the most common pathways to patient harm in home health. If you selected D, family confirmation is not a substitute for verified comprehension at the point of teaching. If you selected B, you already think like a clinician who closes the gap between what was said and what was understood. That gap is where medication errors, missed symptoms, and safety failures live. Throughout this module, you will see Tess practice the correct alternative: teach-back, with documented results.","COMPLETE"
"M01-PA-Q2","M01","Pre-Assessment","PA-2","pre-assessment-challenge","Pre-Assessment Question 2: Interpreter Services","Interactive question card — Philippines context","Question two. Tess is preparing for a home visit where the patient speaks limited English. The patient's adult son meets her at the door and offers to interpret for his mother. The teaching session today covers insulin injection technique and dosage. What is the most appropriate response? Option A: Accept the offer — family interpretation is faster and more personal. Option B: Accept — the patient nodded agreement when asked. Option C: Thank the son for offering and explain that a qualified interpreter will be requested for clinical teaching. Option D: Proceed with teaching and note in the chart that a family member assisted with interpretation. Choose the option that reflects safe practice and agency policy.","55","Instructional focused","Cut from debrief 1","Cut to pre-assessment debrief 2","Exterior of a residential suburban home — morning, slightly overcast. Tess stands on the front porch step in navy scrubs, nursing bag over her right shoulder, tablet chart in her left hand. The front door is open. An adult male in his early 30s — the patient's son — stands in the doorway, one hand on the door frame, casual and friendly posture. He is speaking and gesturing slightly inward, offering to let Tess in while explaining the interpreter offer. Behind him: a dim hallway with family photos. A welcome mat on the porch. A potted plant on the railing. Tess's bracelet is visible on her left wrist below the tablet.","Photorealistic documentary image of nurse at residential front door, adult son present as informal interpreter offer, realistic body language, natural exterior light, 35mm lens.","The son opens the front door wider and gestures Tess inside while speaking — friendly, helpful energy. Tess pauses at the threshold, shifts her nursing bag on her shoulder slightly, and responds — one hand making a brief explanatory gesture. The son tilts his head, listening. Tess says one more sentence. He nods and steps back into the hallway to let her through.","12","2","Character anchor: Tess, Filipina, early 30s, tied-back dark hair, navy scrubs, woven bracelet left wrist, calm eyes, consistent badge and stethoscope. Residential doorway — realistic suburban setting.","anime, cartoon, CGI, plastic skin, distorted hands, extra fingers, watermark, oversaturated HDR, fantasy lighting, stock-photo smile","Medium — doorway two-shot","Interpreter services; Language access","Interpreter Services Policy; CLAS Standard 4","LO3","Pre-Assessment","Qualified interpreter requirement","PA-Q2","PA-D2","Pre-assessment MCQ","High","N/A","None","Tests baseline interpreter workflow knowledge","High","Mapped","A patient's adult son offers to interpret during insulin injection teaching. What is the most appropriate response?","Accept the offer — family interpretation is faster and more personal for the patient.","Accept — the patient nodded agreement when asked.","Thank the son and explain that a qualified interpreter will be requested for clinical teaching.","Proceed with teaching and note in the chart that a family member assisted with interpretation.","2","C","","","","COMPLETE"
"M01-PA-D2","M01","Pre-Assessment","PA-2D","pre-assessment-debrief","Pre-Assessment Debrief 2: Family Is Not a Qualified Interpreter","Debrief card — Philippines context","Operational Case Review
1) Correct decision: Option C is correct because it preserves patient safety and workflow integrity under pressure.
2) Why correct: Thank the son and explain that a qualified interpreter will be requested for clinical teaching.
3) Incorrect option analysis:
- Option A risk: Accept the offer — family interpretation is faster and more personal for the patient.. Looks reasonable under pressure, but creates a preventable documentation and escalation gap.
- Option B risk: Accept — the patient nodded agreement when asked.. Looks reasonable under pressure, but creates a preventable documentation and escalation gap.
- Option D risk: Proceed with teaching and note in the chart that a family member assisted with interpretation.. Looks reasonable under pressure, but creates a preventable documentation and escalation gap.
4) Patient safety implications: uncontrolled communication barriers or delayed escalation can compound into harm.
5) Workflow implications: sequence matters; right actions in the wrong order still produce risk.
6) Documentation implications: chart objective findings, what was verified, what was escalated, and who received handoff.
7) Escalation implications: trigger supervisor pathway when unresolved clinical, communication, or conduct risk remains.
8) Survey implications: ACHC/CMS reviewers focus on evidence chain, not intent.
9) Operational consequences: unresolved gaps can lead to adverse events, corrective action, and loss of trust.
10) Disciplinary/legal/defensibility: omissions and unsupported charting increase disciplinary risk and weaken legal defense.

The correct answer is C. CLAS Standards and agency policy require a qualified interpreter for clinical decision-making and education — not because the son is untrustworthy, but because medical interpretation requires specific training that most family members do not have. Family members may simplify instructions to protect the patient, introduce errors in medical terminology, withhold distressing information, or be placed in an emotionally impossible position between provider and loved one. If you selected A, B, or D, this module will walk you through the full interpreter activation workflow — including what to say to families who offer to help, when to activate the service, and what to document afterward. Insulin administration is high-stakes. An incorrect dose taught through an unqualified interpreter is a preventable adverse event with documentation consequences.","95","Operational case-review coaching","Answer reveal animation","Cut to pre-assessment question 3","Urgent care intake room — clinical overhead lighting. An elderly Asian woman sits on a paper-covered exam table wearing a simple cardigan, expression confused and slightly distressed. A medical assistant is wrapping a blood pressure cuff around her arm. The patient's adult son — early 30s, same man from PA-Q2 — stands beside her, one hand on her shoulder, his expression worried, posture tense. A hand sanitizer dispenser is mounted on the wall. A privacy curtain is partially drawn on one side. The scene is clinical and bare — an ordinary urgent care bay. No Tess in this scene — this is the downstream consequence.","Photorealistic debrief image — nurse on interpreter phone call in modest home, patient present, realistic setting, 35mm lens.","The medical assistant wraps the blood pressure cuff around the elderly patient's arm and inflates it. The patient looks at her son with a confused expression, says something quietly. The son puts his hand on her shoulder and speaks to the medical assistant, who nods and writes on a clipboard. The medical assistant checks the blood pressure reading, notes it, and reaches for a second form.","12","2","Character anchor: Tess, Filipina, early 30s, tied-back dark hair, navy scrubs, woven bracelet left wrist, calm eyes, consistent badge and stethoscope. Interpreter call in session — bracelet and badge consistent.","anime, cartoon, CGI, plastic skin, distorted hands, extra fingers, watermark, oversaturated HDR, fantasy lighting, stock-photo smile","Medium — nurse with phone at patient home","Language access; Interpreter services","Interpreter Workflow Policy; CLAS Standard 4","LO3","Pre-Assessment Debrief","Qualified interpretation as patient safety control","PA-Q2","PA-D2","Pre-assessment debrief","High","Supervisor if interpreter unavailable","Document interpreter ID and method","Prevents medication error from unqualified interpretation","High","Mapped","","","","","","","","Operational Case Review
1) Correct decision: Option C is correct because it preserves patient safety and workflow integrity under pressure.
2) Why correct: Thank the son and explain that a qualified interpreter will be requested for clinical teaching.
3) Incorrect option analysis:
- Option A risk: Accept the offer — family interpretation is faster and more personal for the patient.. Looks reasonable under pressure, but creates a preventable documentation and escalation gap.
- Option B risk: Accept — the patient nodded agreement when asked.. Looks reasonable under pressure, but creates a preventable documentation and escalation gap.
- Option D risk: Proceed with teaching and note in the chart that a family member assisted with interpretation.. Looks reasonable under pressure, but creates a preventable documentation and escalation gap.
4) Patient safety implications: uncontrolled communication barriers or delayed escalation can compound into harm.
5) Workflow implications: sequence matters; right actions in the wrong order still produce risk.
6) Documentation implications: chart objective findings, what was verified, what was escalated, and who received handoff.
7) Escalation implications: trigger supervisor pathway when unresolved clinical, communication, or conduct risk remains.
8) Survey implications: ACHC/CMS reviewers focus on evidence chain, not intent.
9) Operational consequences: unresolved gaps can lead to adverse events, corrective action, and loss of trust.
10) Disciplinary/legal/defensibility: omissions and unsupported charting increase disciplinary risk and weaken legal defense.

The correct answer is C. CLAS Standards and agency policy require a qualified interpreter for clinical decision-making and education — not because the son is untrustworthy, but because medical interpretation requires specific training that most family members do not have. Family members may simplify instructions to protect the patient, introduce errors in medical terminology, withhold distressing information, or be placed in an emotionally impossible position between provider and loved one. If you selected A, B, or D, this module will walk you through the full interpreter activation workflow — including what to say to families who offer to help, when to activate the service, and what to document afterward. Insulin administration is high-stakes. An incorrect dose taught through an unqualified interpreter is a preventable adverse event with documentation consequences.","","Operational Case Review
1) Correct decision: Option C is correct because it preserves patient safety and workflow integrity under pressure.
2) Why correct: Thank the son and explain that a qualified interpreter will be requested for clinical teaching.
3) Incorrect option analysis:
- Option A risk: Accept the offer — family interpretation is faster and more personal for the patient.. Looks reasonable under pressure, but creates a preventable documentation and escalation gap.
- Option B risk: Accept — the patient nodded agreement when asked.. Looks reasonable under pressure, but creates a preventable documentation and escalation gap.
- Option D risk: Proceed with teaching and note in the chart that a family member assisted with interpretation.. Looks reasonable under pressure, but creates a preventable documentation and escalation gap.
4) Patient safety implications: uncontrolled communication barriers or delayed escalation can compound into harm.
5) Workflow implications: sequence matters; right actions in the wrong order still produce risk.
6) Documentation implications: chart objective findings, what was verified, what was escalated, and who received handoff.
7) Escalation implications: trigger supervisor pathway when unresolved clinical, communication, or conduct risk remains.
8) Survey implications: ACHC/CMS reviewers focus on evidence chain, not intent.
9) Operational consequences: unresolved gaps can lead to adverse events, corrective action, and loss of trust.
10) Disciplinary/legal/defensibility: omissions and unsupported charting increase disciplinary risk and weaken legal defense.

The correct answer is C. CLAS Standards and agency policy require a qualified interpreter for clinical decision-making and education — not because the son is untrustworthy, but because medical interpretation requires specific training that most family members do not have. Family members may simplify instructions to protect the patient, introduce errors in medical terminology, withhold distressing information, or be placed in an emotionally impossible position between provider and loved one. If you selected A, B, or D, this module will walk you through the full interpreter activation workflow — including what to say to families who offer to help, when to activate the service, and what to document afterward. Insulin administration is high-stakes. An incorrect dose taught through an unqualified interpreter is a preventable adverse event with documentation consequences.","COMPLETE"
"M01-PA-Q3","M01","Pre-Assessment","PA-3","pre-assessment-challenge","Pre-Assessment Question 3: Rights and Accommodation","Interactive question card — Philippines context","Question three. Tess arrives at a patient's home for a scheduled wound care visit. The patient's family tells her that their religious beliefs require gender-concordant care — the patient cannot be treated by a provider of the opposite gender. Tess notices the wound dressing appears soiled and the wound may be deteriorating. She is the only clinician available in the area within the next two hours. What is the most defensible response? Option A: Explain respectfully that clinical urgency takes priority over accommodation requests in situations like this. Option B: Acknowledge the request, assess the wound urgency immediately, contact your supervisor for accommodation options, and document the preference and your clinical findings. Option C: Ask the patient to sign a temporary waiver so care can proceed. Option D: Leave the home and schedule a callback for when an appropriate clinician is available, without assessing the wound. Choose the option you believe is most defensible.","60","Instructional tense","Cut from debrief 2","Cut to pre-assessment debrief 3","Interior of a patient's home — modest living room converted for care. An elderly male patient lies in a hospital bed positioned near a window. His lower leg is elevated on a pillow — a wound dressing is visible, white gauze with yellowed edges and a faint brownish stain suggesting drainage. A rolling medical supply tray is beside the bed. An adult daughter in conservative modest clothing — headscarf, long cardigan — stands between Tess and the patient, hands raised slightly in a respectful but firm gesture. Tess stands near the doorway in navy scrubs, nursing bag still on her shoulder, chart in hand, expression assessing — reading the wound, reading the room. Natural daylight through a window. Religious artwork on the wall.","Photorealistic documentary image of nurse at residential front door with concerned family member, clinical urgency visible in nurse's posture, realistic natural light, 35mm lens.","The family member speaks to Tess from the middle of the room, one hand raised in a respectful but firm gesture, shaking her head slightly while explaining. Tess remains at the doorway, listens. She glances past the family member toward the patient's wound dressing on the elevated leg. She looks back at the family member, nods once. She reaches into her nursing bag pocket and pulls out her phone, beginning to scroll for a contact number. Her expression remains professional and calm.","15","2","Character anchor: Tess, Filipina, early 30s, tied-back dark hair, navy scrubs, woven bracelet left wrist, calm eyes, consistent badge and stethoscope. At patient doorway — first visit energy. Bracelet visible.","anime, cartoon, CGI, plastic skin, distorted hands, extra fingers, watermark, oversaturated HDR, fantasy lighting, stock-photo smile","Medium — doorway with family in background","Patient rights; Cultural awareness; Escalation","Patient Rights Policy; CLAS Domain 2; Escalation SOP","LO1|LO3|LO5","Pre-Assessment","Accommodation and urgency — dual obligation","PA-Q3","PA-D3","Pre-assessment MCQ","High","Supervisor escalation required","None — pre-assessment stage","Tests baseline rights-plus-urgency decision knowledge","High","Mapped","A patient's religious beliefs require gender-concordant care. You notice the wound dressing appears soiled and deteriorating. You are the only clinician available for two hours. Most defensible response?","Explain respectfully that clinical urgency takes priority over accommodation requests in this situation.","Acknowledge the request, assess wound urgency immediately, contact your supervisor for accommodation options, and document both.","Ask the patient to sign a temporary waiver so care can proceed.","Leave the home and schedule a callback for when an appropriate clinician is available — without assessing the wound.","1","B","","","","COMPLETE"
"M01-PA-D3","M01","Pre-Assessment","PA-3D","pre-assessment-debrief","Pre-Assessment Debrief 3: Rights and Urgency Travel Together","Debrief card — Philippines context","Operational Case Review
1) Correct decision: Option B is correct because it preserves patient safety and workflow integrity under pressure.
2) Why correct: Acknowledge the request, assess wound urgency immediately, contact your supervisor for accommodation options, and document both.
3) Incorrect option analysis:
- Option A risk: Explain respectfully that clinical urgency takes priority over accommodation requests in this situation.. Looks reasonable under pressure, but creates a preventable documentation and escalation gap.
- Option C risk: Ask the patient to sign a temporary waiver so care can proceed.. Looks reasonable under pressure, but creates a preventable documentation and escalation gap.
- Option D risk: Leave the home and schedule a callback for when an appropriate clinician is available — without assessing the wound.. Looks reasonable under pressure, but creates a preventable documentation and escalation gap.
4) Patient safety implications: uncontrolled communication barriers or delayed escalation can compound into harm.
5) Workflow implications: sequence matters; right actions in the wrong order still produce risk.
6) Documentation implications: chart objective findings, what was verified, what was escalated, and who received handoff.
7) Escalation implications: trigger supervisor pathway when unresolved clinical, communication, or conduct risk remains.
8) Survey implications: ACHC/CMS reviewers focus on evidence chain, not intent.
9) Operational consequences: unresolved gaps can lead to adverse events, corrective action, and loss of trust.
10) Disciplinary/legal/defensibility: omissions and unsupported charting increase disciplinary risk and weaken legal defense.

The correct answer is B. Patient rights and dignity are not suspended when clinical urgency is present. The defensible response holds both obligations simultaneously — you do not choose one and abandon the other. You acknowledge the accommodation request. You assess clinical urgency immediately at the bedside. You escalate to your supervisor for accommodation routing. You document the preference, your clinical findings, and the plan. Option A is wrong because it unilaterally overrides a legitimate right without attempting an accommodation process — this creates survey exposure and trust rupture. Option C is wrong because a waiver form before a clinical urgency assessment inverts the correct sequence. Option D abandons the patient at the moment of highest clinical risk with no urgency finding on record. If you selected B, you already understand the principle this module will reinforce through Tess' story. If you selected anything else, you will see exactly how this decision plays out — and why the correct sequence matters — when Tess faces it for the first time at Mr. Henderson's door.","95","Operational case-review coaching","Answer reveal","Dissolve to Act 1 opening","Exterior of the same patient's home — front walkway. Tess stands on the walkway with the front door closed behind her. She has her phone pressed to her left ear — a supervisor escalation call in progress. Her chart is open in her right hand. She is speaking — professional, deliberate. Her bracelet is visible on the phone-holding wrist. Morning light — residential landscaping around her. Her posture: upright, focused, not agitated. She is doing exactly what the correct option requires — escalating with clinical findings while standing outside the home.","Photorealistic debrief image — nurse on phone outside residential home, supervisor call in progress, chart open, bracelet visible, realistic documentary realism, 35mm lens.","Tess steps back from the front door onto the walkway, the door closing behind her. She presses her phone to her ear and begins speaking — measured, clinical. She looks at the chart in her right hand, references something on the page. She nods once as she receives a response from the supervisor. She writes a note in the chart margin with a pen she retrieves from her pocket. She keeps the phone to her ear, listening.","12","2","Character anchor: Tess, Filipina, early 30s, tied-back dark hair, navy scrubs, woven bracelet left wrist, calm eyes, consistent badge and stethoscope. Outside patient home — escalation call posture. Bracelet close.","anime, cartoon, CGI, plastic skin, distorted hands, extra fingers, watermark, oversaturated HDR, fantasy lighting, stock-photo smile","Medium — nurse with phone at doorway","Patient rights; Dignity and respect; Escalation","CLAS Domain 2; Patient Rights Policy; Escalation SOP","LO1|LO3|LO5","Pre-Assessment Debrief","Simultaneous rights and urgency management","PA-Q3","PA-D3","Pre-assessment debrief","High","Supervisor → DON if accommodation cannot be arranged","Document preference, urgency findings, escalation route, and plan","Prevents harm from clinical delay AND from rights override","High","Mapped","","","","","","","","Operational Case Review
1) Correct decision: Option B is correct because it preserves patient safety and workflow integrity under pressure.
2) Why correct: Acknowledge the request, assess wound urgency immediately, contact your supervisor for accommodation options, and document both.
3) Incorrect option analysis:
- Option A risk: Explain respectfully that clinical urgency takes priority over accommodation requests in this situation.. Looks reasonable under pressure, but creates a preventable documentation and escalation gap.
- Option C risk: Ask the patient to sign a temporary waiver so care can proceed.. Looks reasonable under pressure, but creates a preventable documentation and escalation gap.
- Option D risk: Leave the home and schedule a callback for when an appropriate clinician is available — without assessing the wound.. Looks reasonable under pressure, but creates a preventable documentation and escalation gap.
4) Patient safety implications: uncontrolled communication barriers or delayed escalation can compound into harm.
5) Workflow implications: sequence matters; right actions in the wrong order still produce risk.
6) Documentation implications: chart objective findings, what was verified, what was escalated, and who received handoff.
7) Escalation implications: trigger supervisor pathway when unresolved clinical, communication, or conduct risk remains.
8) Survey implications: ACHC/CMS reviewers focus on evidence chain, not intent.
9) Operational consequences: unresolved gaps can lead to adverse events, corrective action, and loss of trust.
10) Disciplinary/legal/defensibility: omissions and unsupported charting increase disciplinary risk and weaken legal defense.

The correct answer is B. Patient rights and dignity are not suspended when clinical urgency is present. The defensible response holds both obligations simultaneously — you do not choose one and abandon the other. You acknowledge the accommodation request. You assess clinical urgency immediately at the bedside. You escalate to your supervisor for accommodation routing. You document the preference, your clinical findings, and the plan. Option A is wrong because it unilaterally overrides a legitimate right without attempting an accommodation process — this creates survey exposure and trust rupture. Option C is wrong because a waiver form before a clinical urgency assessment inverts the correct sequence. Option D abandons the patient at the moment of highest clinical risk with no urgency finding on record. If you selected B, you already understand the principle this module will reinforce through Tess' story. If you selected anything else, you will see exactly how this decision plays out — and why the correct sequence matters — when Tess faces it for the first time at Mr. Henderson's door.","","Operational Case Review
1) Correct decision: Option B is correct because it preserves patient safety and workflow integrity under pressure.
2) Why correct: Acknowledge the request, assess wound urgency immediately, contact your supervisor for accommodation options, and document both.
3) Incorrect option analysis:
- Option A risk: Explain respectfully that clinical urgency takes priority over accommodation requests in this situation.. Looks reasonable under pressure, but creates a preventable documentation and escalation gap.
- Option C risk: Ask the patient to sign a temporary waiver so care can proceed.. Looks reasonable under pressure, but creates a preventable documentation and escalation gap.
- Option D risk: Leave the home and schedule a callback for when an appropriate clinician is available — without assessing the wound.. Looks reasonable under pressure, but creates a preventable documentation and escalation gap.
4) Patient safety implications: uncontrolled communication barriers or delayed escalation can compound into harm.
5) Workflow implications: sequence matters; right actions in the wrong order still produce risk.
6) Documentation implications: chart objective findings, what was verified, what was escalated, and who received handoff.
7) Escalation implications: trigger supervisor pathway when unresolved clinical, communication, or conduct risk remains.
8) Survey implications: ACHC/CMS reviewers focus on evidence chain, not intent.
9) Operational consequences: unresolved gaps can lead to adverse events, corrective action, and loss of trust.
10) Disciplinary/legal/defensibility: omissions and unsupported charting increase disciplinary risk and weaken legal defense.

The correct answer is B. Patient rights and dignity are not suspended when clinical urgency is present. The defensible response holds both obligations simultaneously — you do not choose one and abandon the other. You acknowledge the accommodation request. You assess clinical urgency immediately at the bedside. You escalate to your supervisor for accommodation routing. You document the preference, your clinical findings, and the plan. Option A is wrong because it unilaterally overrides a legitimate right without attempting an accommodation process — this creates survey exposure and trust rupture. Option C is wrong because a waiver form before a clinical urgency assessment inverts the correct sequence. Option D abandons the patient at the moment of highest clinical risk with no urgency finding on record. If you selected B, you already understand the principle this module will reinforce through Tess' story. If you selected anything else, you will see exactly how this decision plays out — and why the correct sequence matters — when Tess faces it for the first time at Mr. Henderson's door.","COMPLETE"
"M01-S01","M01","Act 1","S01","content","Before Sunrise in Quezon City","Quezon City family kitchen — pre-dawn","It is 4:45 in the morning in Quezon City. Tess is already awake. This is not unusual. In the Philippines, the day begins before the sun does. She can hear her mother moving in the kitchen — rice cooker clicking, garlic hitting oil — the sounds of a family that has always started early and worked hard. She folds her scrub top, smooths out the sleeve, and lays it across her nursing bag. On the bag's outer pocket is a small photo: her grandmother standing in front of a mango tree after Sunday Mass. Tess touches it before she does anything else. She is not a new nurse. She has managed post-surgical wounds, administered intravenous medications, and handled difficult family conversations at three in the morning. What is new is the country she is about to work in — and she knows that professional competence and system fluency are two different things.","72","Grounded hopeful","Dissolve from pre-assessment close","Soft cut to lola at table","Pre-dawn Filipino kitchen — 4:45 AM. A small gas stove with a blackened pan, garlic sizzling in oil. A rice cooker with its red indicator light glowing, steam curling from the vent. The counter is cluttered with a worn cutting board, a small jar of vinegar, a plastic container of dried fish. An overhead fluorescent tube light casts blue-white light. Through a narrow window above the sink: deep blue pre-dawn sky, no sun yet. No people visible in this card — just the kitchen in motion. The sounds implied by the image: oil sizzling, the click of the rice cooker, the low radio in another room.

Tess's bedroom — same modest room, warm lamplight from a small bedside lamp. Tess sits on the edge of a single bed, folding a navy scrub top with deliberate, careful hands. A sturdy dark blue canvas nursing bag sits on the bed beside her. On the bag's outer pocket: a small passport-sized photo tucked into a clear plastic sleeve — an elderly Filipina woman standing in front of a mango tree in a white church dress. Tess's left hand, bracelet visible at the wrist, smooths the folded scrub top. Her expression: calm, focused. Behind her: cream painted concrete walls, a small crucifix above the bed, a calendar with a Santo Niño image. The room is spare and organized.

Same bedroom — Tess now standing near the window. The nursing bag is on the bed behind her. She faces the window where pre-dawn light is beginning — the sky outside the glass shifting from black to deep blue. On the desk beside the bed: a nursing license in a clear plastic sleeve, a stack of labeled manila folders, a pen. Tess's hands are at her sides. Her expression: composed, slightly distant — the focused internal posture of someone mentally preparing, not worrying. The warm lamp light from the bedside mixes with the first grey-blue of pre-dawn from the window. The room is quiet.","Photorealistic documentary still of a Filipina woman in navy scrubs sitting in a small pre-dawn kitchen, rice cooker visible, warm incandescent light, cinematic 35mm lens, shallow depth of field, authentic film grain.","Steam rises slowly from the rice cooker vent. The garlic in the pan shifts and sizzles in the oil. A hand enters frame from the right — the mother's hand — and stirs the garlic with a wooden spatula, then withdraws. The rice cooker clicks from the cook setting to warm. The pan continues to sizzle quietly. The fluorescent light hums above.

Tess folds the scrub top once more, smooths it flat with her palms. She places it carefully across the open nursing bag. She pauses. Her right hand reaches to the small photo on the bag's outer pocket — she touches it briefly with her thumb, pressing it gently. She pulls her hand back, picks up the bag's zipper pull, and begins to draw the zipper closed.

Tess stands at the window, one hand resting lightly on the sill. She looks out at the pre-dawn sky. She takes a slow breath — her shoulders rise slightly and settle. She glances back at the nursing bag on the bed behind her. She looks back at the window. Her jaw sets slightly — quiet, internal determination. She steps away from the window, picks up her nursing bag from the bed, and walks toward the bedroom door.","32","4","Character anchor: Tess, Filipina, early 30s, tied-back dark hair, navy scrubs, woven bracelet left wrist, calm eyes, consistent badge and stethoscope.","anime, cartoon, CGI, plastic skin, distorted hands, extra fingers, watermark, oversaturated HDR, fantasy lighting, stock-photo smile","Medium wide eye-level","Cultural awareness; Workforce inclusion","ACHC CLAS Domain 1; Agency Cultural Competence Policy","LO1","Training Foundations","Pre-shift preparation","N/A","N/A","Narrative setup","Low","N/A","None","Grounds emotional connection before clinical content begins","Low","Mapped","","","","","","","","","","","COMPLETE"
"M01-S02","M01","Act 1","S02","content","The Mano Po Moment","Kitchen doorway — grandmother at table","Her lola — her grandmother — sits at the table already dressed for six o'clock Mass. When Tess enters the kitchen, she bows slightly and takes her grandmother's hand, pressing the back of it gently to her forehead. Mano po, Lola. Her grandmother closes her eyes for a moment, then places her hand on Tess' head in blessing. This is Mano Po — a greeting and a gesture of deep respect that Tess has performed every morning since she was four years old. It is not ceremony. It is how she begins every day: by honoring the person who taught her that other people's dignity is not optional. Her grandmother says quietly: Take care of them the way I know you do. This daily ritual is not separate from Tess' clinical practice. She does not have to be taught to slow down, to soften her language, or to make eye contact without condescension — it is already the grammar of her days.","80","Reverent warm","Soft cut from kitchen scene","Fade to family breakfast table","Kitchen doorway — warm morning incandescent light. Tess's grandmother sits at the kitchen table, already dressed for Mass — simple cream church dress, white hair pulled back, rosary on the table beside her coffee cup. Tess approaches from the hallway. When Tess reaches the doorway, she bows slightly toward her grandmother and takes the elderly woman's right hand in both of her own, pressing the back of the hand gently to her forehead. The grandmother's eyes close briefly. Her other hand rises and rests on Tess's head — a blessing gesture. Both women are still for two seconds. A rosary hangs from a hook near the door frame. The kitchen behind them shows the rice cooker from S01a, still steaming. The interaction is private, reflexive, deeply familiar — not performed for an audience.","Photorealistic close documentary shot of Filipina nurse bowing slightly, taking elderly woman's hand and pressing it to her forehead in traditional Mano Po greeting, warm morning kitchen light, 50mm lens, true skin texture.","Tess walks to the kitchen doorway. The grandmother looks up from her coffee. Tess reaches for the grandmother's right hand with both of her own, bows her head slightly, and presses the back of the hand to her forehead. She holds it there. The grandmother places her free hand on Tess's head — gently, deliberately. Both are still for a moment. The grandmother speaks quietly. Tess straightens, nods once. The grandmother's hand slides from Tess's head and returns to the table.","15","2","Character anchor: Tess, Filipina, early 30s, tied-back dark hair, navy scrubs, woven bracelet left wrist, calm eyes, consistent badge and stethoscope. Lola: elderly Filipina woman, white hair, simple church dress, deeply warm expression.","anime, cartoon, CGI, plastic skin, distorted hands, extra fingers, watermark, oversaturated HDR, fantasy lighting, stock-photo smile","Close two-shot — eye-level","Dignity and respect; Cultural awareness","ACHC CLAS Standards Domain 2; Patient Rights Policy","LO1|LO5","Cultural Foundations","Intergenerational respect ritual","N/A","N/A","Cultural narrative","Low","N/A","None","Establishes Tess' core dignity value before U.S. clinical context","Low","Mapped","","","","","","","","","","","COMPLETE"
"M01-S03","M01","Act 1","S03","content","Family Breakfast and Bayanihan","Family dining area — last week home","Breakfast is loud and crowded. Her kuya has already stopped by before his hospital shift. Her tita from next door brought bibingka. Two cousins are arguing about basketball. Nobody was called. Everyone just came. Tess' grandmother grew up in a barangay where Bayanihan was not a concept — it was a physical event. When a family needed to move their bahay kubo — their bamboo home raised on stilts — the entire village would gather unannounced, crouch beneath the structure together, and carry the whole house to its new location on their collective shoulders. Fifteen, twenty men. No one appointed, no one paid. Lifting and moving because the need was visible and the community was the response. When it was done, the family prepared food. That was the entire exchange. Today we carry yours. Tomorrow you carry ours. That is Bayanihan. Not a feeling. A physical act. A village that can lift a house when one family cannot. Tess sits down and her plate is filled before she asks. Her mother says: Kumain ka na — eat now — meaning: you take care of everyone else, so let us take care of you. Nobody cries when the conversation turns to departure. They problem-solve. Her kuya: Keep a printed copy of your license. Do not trust only digital. Her tita: Call us Sundays, we will all be home. Her mother: Eat rice. Even over there. In U.S. healthcare workplaces, Bayanihan instinct can create friction. Unsolicited help across role boundaries can be received as overstepping or scope confusion. Tess will need to translate this instinct — offer support through sanctioned channels, coordinate rather than self-deploy. The spirit stays. The execution adapts.","88","Warm communal","Fade from Mano Po scene","Cut to parol on wall","Family dining table — round wooden table with a mismatched collection of chairs and one plastic stool. Seven people squeezed around it: Tess's mother (mid-50s, house dress, practical hair) serving bibingka from a tray; her kuya (late 20s, hospital scrubs — came from a shift) eating quickly; her tita (mid-50s, floral blouse) laughing mid-sentence; two teenage cousins arguing across the table with animated gestures; the grandmother from S02 at the far end with her coffee. Tess is seated, still in her blouse from S01b — her bracelet visible on the hand holding her spoon. The table is full: large pot of rice, bibingka tray, fried fish, a bottle of Datu Puti vinegar, mismatched plates. Warm natural morning light through louvered windows. The energy is loud, overlapping, completely ordinary.

Same table, same morning light — the energy has shifted slightly. The meal is mid-course now; the chaos has settled into a working conversation. Tess is seated eating, bracelet visible on the hand holding her spoon. Her mother stands partially, serving more rice into Tess's bowl while speaking. The kuya has a napkin in front of him and is writing something with a pen. The tita is counting on her fingers — making a practical list. Tess listens and chews. Her expression: attentive, slightly wry, taking it in. The family is solving her departure logistics the way they solve everything — together, practical, unbothered.

Close two-shot at the same table — Tess and her mother. The bibingka tray sits between them. The mother's right hand is on Tess's forearm — firm, practical, not dramatic. The mother's face: the specific expression of love communicated through directness rather than tears — jaw steady, eyes clear, looking at Tess's face. Tess: a slight smile, a small single nod. Morning light catches the edge of the bracelet on Tess's left wrist. The rest of the family continues in the blurred background — someone laughs, someone reaches for something. This moment is between two people only.","Photorealistic documentary wide shot of a crowded Filipino family breakfast table, multiple generations, traditional bibingka on table, warm natural morning light through shuttered windows, authentic chaos of communal meal, 35mm lens.","The kuya scoops rice quickly from the central pot. The tita slides a piece of bibingka onto Tess's plate without asking. One cousin reaches across the table for the vinegar bottle. The other cousin protests and gestures. The mother speaks over both of them while serving. Tess sits down at the only empty seat — her plate is already full before she picks up her spoon.

The mother ladles more rice into Tess's bowl, speaking while she does it. Tess nods, takes a bite. The kuya finishes writing on the napkin and slides it across the table toward Tess. She picks it up, reads it. The tita speaks and extends three fingers — one, two, three points. Tess folds the napkin and tucks it into her pocket without comment.

The mother places her right hand on Tess's forearm and speaks directly — three short sentences, practical and firm. Tess listens. She nods once. She covers her mother's hand briefly with her own right hand — one second — then pulls back and picks up her spoon again. The mother turns back to serve the cousins. The conversation at the table continues around them.","34","5","Character anchor: Tess, Filipina, early 30s, tied-back dark hair, navy scrubs, woven bracelet left wrist, calm eyes, consistent badge and stethoscope. Secondary family members: varied ages, casual Filipino home clothing, authentic warm expressions.","anime, cartoon, CGI, plastic skin, distorted hands, extra fingers, watermark, oversaturated HDR, fantasy lighting, stock-photo smile","Wide ensemble — eye-level","Workforce inclusion; Cultural awareness","ACHC CLAS Domain 1; Agency Inclusion Policy","LO5","Cultural Foundations","Team-care and communal support values","N/A","N/A","Cultural narrative","Low","N/A","None","Shows communal care instinct that will need to adapt to U.S. role boundaries","Low","Mapped","","","","","","","","","","","COMPLETE"
"M01-S04","M01","Act 1","S04","content","The Christmas Parol and What Home Sounds Like","Living room — family home","On the living room wall, there is still a parol — the star-shaped Christmas lantern — left from the holiday season. In the Philippines, Christmas begins in September. Not metaphorically. The radio stations switch to carols. The malls put up lights. Families begin planning who will host Noche Buena — the midnight Christmas Eve feast. By December, Simbang Gabi has started — nine consecutive dawn Masses, attended even by people who sleep through the rest of the year. Tess has not missed a single one since she was seven. She pauses at the parol before picking up her bag. She knows she will not be home for the ber months. She will not be at Noche Buena. She will not hear her family sing during Simbang Gabi. She tucks that away somewhere quiet and keeps moving. Workers who migrate for caregiving roles carry invisible emotional burdens. Strong organizational inclusion practices — not just policy posters — create environments where that burden is not compounded by workplace exclusion.","88","Tender sacrificial","Cut from family table","Slow dissolve to bag packing","Tess's living room — the sala — pre-dawn quiet. The rest of the family is still in the kitchen. Tess has entered the living room with her nursing bag in hand, dressed now in navy scrubs — ready to leave. On the wall: the star-shaped parol lantern, slightly dusty, still plugged in and glowing softly with warm yellow-orange light. Family photos arranged around it on the wall. A clock on the wall: 5:15 AM. Tess stands in the middle of the room, bag in her right hand. Her face is turned toward the parol — a full, still look at it. Her body is mid-motion — she was walking toward the front door but has stopped. Her expression: not sad, not nostalgic — just holding something quietly. Two beats. Then she turns.","Photorealistic documentary interior of a modest Filipino living room with a traditional star-shaped parol lantern glowing softly on the wall, family photos, morning light filtering through curtains, 35mm lens, warm authentic tones.","Tess walks into the living room carrying her bag. Her footsteps slow. She stops in the middle of the room and turns her face toward the parol on the wall. She looks at it — two full seconds of stillness. She adjusts the bag strap on her shoulder. She turns away from the parol and walks toward the front door without looking back.","10","1","Character anchor: Tess, Filipina, early 30s, tied-back dark hair, navy scrubs, woven bracelet left wrist, calm eyes, consistent badge and stethoscope. Minimal — focus on parol and Tess' face in reflection.","anime, cartoon, CGI, plastic skin, distorted hands, extra fingers, watermark, oversaturated HDR, fantasy lighting, stock-photo smile","Medium — Tess in foreground, parol in background","Workforce inclusion; Cultural awareness","ACHC CLAS Domain 1; Workforce Inclusion Policy","LO1|LO5","Emotional Foundation","Cultural sacrifice and organizational inclusion","N/A","N/A","Cultural narrative","Low","N/A","None","Establishes emotional cost of migration for empathy building","Low","Mapped","","","","","","","","","","","COMPLETE"
"M01-S05","M01","Act 1","S05","content","Grandmother and the Bracelet","Sala — family living room","Before Tess zips her bag, her grandmother calls her to the sala — the living room. She is holding something small: a thin bracelet woven from coarse thread, the kind sold at the church market after Simbang Gabi. It has been on her grandmother's wrist for forty years. She ties it carefully onto Tess' left wrist and holds both her hands for a moment without speaking. Then: When it gets loud, breathe before you answer. Your patients need you steady, not fast. Tess nods. She does not trust herself to say much. Her grandmother adds: You already know how to take care of people. You learned it at this table. Now go show them. The bracelet will appear again and again throughout this module — during stress, during conflict, during failure, during success. It is the through-line. It is who she is. Emotional regulation is not a soft skill. In home health, rushed responses cause documentation errors, communication failures, missed clinical cues, and unnecessary escalation.","82","Deeply emotional anchored","Dissolve from parol scene","Cut to clinic scene","The sala — living room. Tess approaches from the hallway with her bag. The grandmother sits in a wooden chair near the window, the same cream church dress from S02, now in the warmer morning light of the sala rather than the kitchen. Her hands are folded in her lap — something small is enclosed in them, not yet visible. She looks up as Tess enters, expression calm and deliberate — she has been waiting. Tess sets her bag on the floor and moves toward the grandmother. The room has family photos on the walls, a religious print, a small side table with a votive candle. Natural morning light through curtained windows.

Extreme close-up — the grandmother's weathered hands. Her skin is deeply lined, the veins visible, the grip gentle and deliberate. She is tying a thin woven thread bracelet onto Tess's left wrist. The thread is coarse, earth-brown with age — clearly an old object, slightly faded, one strand slightly worn. The grandmother ties a simple knot, then holds both of Tess's hands in hers. Warm interior light — soft and diffuse. The knot is visible at the wrist. This is the origin moment of the bracelet's entire arc.

Medium two-shot — Tess crouching beside the grandmother's chair, now with the bracelet tied on her left wrist — visible, new to her but old in material. The grandmother's hand rests briefly on Tess's head — an echo of the Mano Po blessing from S02. Tess's face: controlled, grateful, restrained. Her eyes are clear — she didn't cry. The sala's morning light has grown through the curtains — slightly warmer now. The bracelet on her left wrist is the same one that will appear in every subsequent scene. This is its first moment on her wrist.","Photorealistic close-up of elderly Filipino woman's weathered hands tying a simple woven thread bracelet onto a younger woman's wrist, warm soft interior light, shallow depth of field, documentary realism, 85mm lens.","Tess enters the sala from the hallway, bag in hand. The grandmother, seated in the wooden chair, looks up. The grandmother opens her folded hands slightly — something small is revealed but not yet clearly visible. She gestures Tess closer with one hand. Tess sets her bag on the floor and moves to crouch beside the chair, bringing herself to the grandmother's eye level.

The grandmother's hands wrap the thin bracelet carefully around Tess's left wrist. She ties a simple knot — deliberate, unhurried. She holds the knot for a moment, then wraps both of her hands around Tess's. She looks up at Tess and speaks quietly — two sentences. Tess's eyes are slightly wet but she does not cry. She nods. The grandmother squeezes Tess's hands once and releases them.

The grandmother rests her right hand on Tess's head for a moment, then speaks softly — one sentence. Tess closes her eyes briefly, then opens them and nods. She stands slowly. She picks up her bag from the floor. Her right hand finds the new bracelet on her left wrist — she touches it once with her fingers. She looks at her grandmother. Then she turns toward the front door.","35","4","Character anchor: Tess, Filipina, early 30s, tied-back dark hair, navy scrubs, woven bracelet left wrist, calm eyes, consistent badge and stethoscope. Focus on hands and bracelet. Lola continuity from S02.","anime, cartoon, CGI, plastic skin, distorted hands, extra fingers, watermark, oversaturated HDR, fantasy lighting, stock-photo smile","Extreme close-up on hands to medium two-shot","Cultural awareness; Dignity and respect","ACHC CLAS Standards; Emotional Safety Policy","LO1|LO5","Emotional Anchoring","Emotional regulation as clinical safety practice","N/A","N/A","Cultural narrative","Low","N/A","None","Establishes the bracelet as emotional regulation anchor throughout module","Low","Mapped","","","","","","","","","","","COMPLETE"
"M01-S06","M01","Act 1","S06","content","Tess at Work: The Philippine Clinic","Community health clinic — Quezon City","At her clinic in Quezon City, Tess is the nurse colleagues ask for when a patient interaction is going wrong. Today she is teaching wound care to an elderly patient whose daughter is translating. Tess stops partway through and says gently: Nay, pwede bang ulitin mo sa akin? — Can you repeat that back to me? The patient hesitates, then describes the steps back — correctly, but with one small inversion. Tess does not say wrong. She smiles and says: Almost — let me show you that part once more. When the daughter tries to shortcut and says she got it, Tess says calmly: I just want to make sure for her safety. One more minute. She documents exactly what was explained, what the patient repeated back, and what still needs reinforcement. This is teach-back. It is not a formality. It is the verification mechanism that closes the gap between what was said and what was understood. The wrong answer to whether the patient understood is she nodded. The right answer is a documented description of what the patient demonstrated or repeated back.","90","Warm professional","Cut from bracelet scene","Cut to Po and Opo scene","Modest Philippine community clinic — Tess at the bedside of an elderly female patient. The patient is in her mid-70s, sitting up in a basic hospital bed, a wound care tray on a metal stand nearby with gauze, tape, and gloves set out. The patient's adult daughter stands behind the patient, arms loosely at her sides. Tess is leaning slightly forward with her left hand raised in a gentle ""pause"" gesture — she is about to ask the patient to repeat back the instruction. Tess's bracelet is visible on the raised left wrist. Warm fluorescent overhead light. Tiled floor, curtain dividers, a hand hygiene poster on the wall. The room is functional and unglamorous.

Same clinic — same bedside scene, slightly later. The wound care tray has been reorganized — some supplies used, gloves removed and set aside. The patient is more relaxed, leaning back on the pillows with a small smile. The daughter has stepped back slightly — arms loosely crossed, mildly impatient but not hostile. Tess sits at the bedside with her chart open on her knee, pen in hand, writing. Her bracelet is visible on the writing left hand. Her expression: methodical, satisfied with the outcome — the teaching is complete and documented. The re-demonstration worked.","Photorealistic documentary image of Filipina nurse at bedside in modest Philippine clinic demonstrating wound care to elderly female patient, daughter present, warm fluorescent-balanced light, 35mm lens, authentic clinical setting.","Tess points to a section of the wound care tray while explaining a step. She pauses mid-sentence and raises her left hand in a gentle pause gesture. She looks at the patient and speaks — the ask to repeat back. The patient hesitates, then begins to describe the steps slowly. Tess listens, tilting her head slightly. The patient's description is mostly correct but one step comes in a different order. Tess's expression registers the discrepancy — she nods but does not interrupt yet.

Tess finishes a re-demonstration of the one step the patient had inverted. She looks at the patient and asks her to describe it again. The patient nods and describes it correctly this time. Tess smiles briefly and begins writing in her chart. The daughter uncrosses her arms and takes a small step forward. Tess continues writing — unhurried. She looks up and delivers one final instruction to the patient. She closes the chart.","27","4","Character anchor: Tess, Filipina, early 30s, tied-back dark hair, navy scrubs, woven bracelet left wrist, calm eyes, consistent badge and stethoscope. Elderly Filipino female patient. Daughter in background.","anime, cartoon, CGI, plastic skin, distorted hands, extra fingers, watermark, oversaturated HDR, fantasy lighting, stock-photo smile","Medium over-shoulder alternating","Interpreter services; Communication failures","CLAS Language Access; Teach-Back Protocol","LO3","Clinical Communication","Teach-back and comprehension verification","Pre-Assessment setup","N/A","Operational teaching scene","High","N/A","Document teach-back result per visit","Prevents patient harm from assumed comprehension","High","Mapped","","","","","","","","","","","COMPLETE"
"M01-S07","M01","Act 1","S07","content","Po and Opo — The Language of Respect","Philippine clinic — hallway","Tess never addresses a patient without using po — the Tagalog softening particle that signals respect toward elders and authority. It is so automatic she does not notice it anymore. She calls older women Ma'am or Ate — older sister, even when they are strangers. She calls men Kuya or Sir. She steps back to let elders through doorways. She waits to be seated before sitting. These are not performance behaviors. They are the grammar of respect she was raised speaking. She will arrive in the U.S. and find that some of these signals land differently. A patient might interpret her deference as uncertainty. A colleague might read her careful listening as passivity. A supervisor might not recognize her soft-spoken precision as confidence. She will need to translate not just language, but communication register — and she will need to do it without losing the core values underneath. Every culture has a distinct communication register. Assuming a shared communication code creates patient safety risk.","78","Reflective instructional","Cut from clinic scene","Cut to packing the bag","Philippine community clinic hallway. Tess walks toward a doorway at the same moment an elderly male patient approaches from the opposite direction, using a cane. Without breaking stride, Tess steps to the side and holds the door frame open, gesturing slightly toward the patient with her other hand — ""after you."" Her body is angled deferentially. Her expression is warm, natural — this is reflex, not courtesy performance. The patient passes through with a slow nod of acknowledgment. The hallway is narrow: tiled floor, fluorescent strip lighting, bulletin board with health advisories in Tagalog and English. A laundry cart is pushed by an orderly in the far background. The scene is functional and unhurried. Tess's bracelet is visible on the arm holding the door.","Photorealistic documentary medium shot, Philippine community clinic narrow hallway, Filipina nurse early 30s in navy scrubs standing to the side holding door frame open with one arm, other hand gesturing ""after you"" to elderly Filipino male patient with cane, deferential natural body posture, warm reflex expression not performative, tiled floor, fluorescent strip lighting, Tagalog/English health advisory bulletin board, orderly with laundry cart blurred in background, woven bracelet visible on door-holding arm, 35mm lens, documentary realism, authentic cultural interaction.","Tess walks down the clinic hallway. An elderly male patient with a cane approaches the doorway from the other side. Without pausing, Tess steps aside, holds the door frame, and gestures him through with a natural brief hand movement. The patient nods slowly as he passes. Tess lets the door go and continues walking down the hallway.","10","1","Tess, Filipina, early 30s, tied-back dark hair, navy scrubs, woven bracelet left wrist, badge, stethoscope. Philippine clinic setting. Elderly male patient: Filipino, 70s, cane. Natural fluorescent hallway light.","anime, cartoon, CGI, plastic skin, distorted hands, extra fingers, watermark, oversaturated HDR, fantasy lighting, stock-photo smile","Medium — side angle showing deference in body language","Respectful communication; Cultural awareness; Implicit bias","ACHC CLAS Standard 5; Cultural Competence Policy","LO1|LO3","Communication","Cross-cultural communication register adaptation","N/A","N/A","Cultural teaching","Moderate","N/A","None","Bridges Filipino respect culture to CLAS-compliant adaptive communication","Moderate","Mapped","","","","","","","","","","","COMPLETE"
"M01-S08","M01","Act 1","S08","content","Packing the Bag","Bedroom — night before departure","She packs with the same precision she uses for a complex visit. Nursing license in a clear sleeve. Employment authorization. Credential evaluations. Vaccination records. Three printed copies of everything — because her kuya organized the folders and labeled them, because that is what family does. At the bottom of the bag: a small plastic container of sinigang powder, a photo from the clinic. Her mother put them there. So you remember what competence looks like, she said — without irony. Tess wraps the bracelet in a clean cloth so it won't catch on anything during the flight. She is not sentimental. She is prepared.","70","Determined composed","Cut from Po and Opo scene","Cut to airport departure","Tess's bedroom — same modest room from S01b, now lit by a slightly brighter overhead lamp, late evening. The bed is covered in organized stacks: three sets of labeled manila folders fanned out, a clear plastic sleeve containing a nursing license, a small stack of credential evaluation documents, a vaccination record booklet with a red cover. A dark blue canvas nursing bag sits open on the floor. Tess is crouching beside it, carefully placing a folded document into a labeled folder. Beside the bag: a small plastic container with a red label (sinigang mix), a passport-sized clinic photo. The bracelet is on her wrist — she is about to remove it and wrap it in a small white cloth visible beside her knee. Her expression: methodical, focused. Everything has a place.","Photorealistic documentary medium close shot, modest Filipino bedroom, Filipina nurse early 30s crouching beside open dark blue canvas nursing bag on floor, organized labeled manila folders and credential documents stacked on bed behind her, nursing license in clear plastic sleeve visible, small plastic sinigang powder container and clinic photo beside bag, white cloth beside her knee, woven bracelet still on left wrist, bright overhead lamp lighting, methodical focused expression, 35mm lens, documentary realism, authentic preparation detail.","Tess places a labeled folder into the nursing bag, smoothing it flat. She picks up the small sinigang container, looks at it briefly, and places it beside the folder. She picks up the white cloth beside her knee, carefully removes the bracelet from her left wrist, wraps it in the cloth, and tucks the wrapped bracelet into the bag's inner pocket. She zips the pocket closed.","15","2","Tess, Filipina, early 30s, simple blouse, woven bracelet on left wrist (being removed and wrapped at end of scene). Same bedroom. Evening lamp light. Bracelet wrapped — not on wrist until after landing.","anime, cartoon, CGI, plastic skin, distorted hands, extra fingers, watermark, oversaturated HDR, fantasy lighting, stock-photo smile","Overhead medium insert","Documentation expectations; Professionalism","Documentation Completeness Policy; Credential Verification SOP","LO3","Documentation","Credential and documentation preparation","N/A","N/A","Operational teaching","Moderate","N/A","Document credential completeness at onboarding","Links personal preparation habits to clinical documentation standards","Low","Mapped","","","","","","","","","","","COMPLETE"
"M01-S09","M01","Act 1","S09","content","Airport: The Goodbye That Does Not Ask for Crying","Ninoy Aquino International Airport — departure gate","At Ninoy Aquino International, the goodbye is practical and full. Her mother re-checks her boarding pass — once, then again. Her kuya hands her a local SIM card and tells her to call when she lands. Her tita slips a rosary into her jacket pocket. Her grandmother holds her hand until the last possible second and then says simply: Alis na. Go now. No speech. Filipino goodbyes are often like this — enormous on the inside, matter-of-fact on the outside. Emotion carried, not performed. Tess picks up her bag. She does not look back. Not because she doesn't want to, but because she already knows what she'd see.","75","Sacrificial dignified","Cut from packing","Dissolve to U.S. airport arrival","Ninoy Aquino International Airport departure area — mid-morning. Tess stands near the security line entry in navy scrubs with her packed bag over one shoulder. Her family clusters around her in a loose circle — not dramatic, just present. Her mother (mid-50s, house dress, practical short hair) holds the boarding pass in both hands, checking it. Her kuya (late 20s, hospital scrubs — he came directly from a shift) hands Tess a SIM card in a small envelope. Her tita (50s, floral blouse) stands slightly back, watching. Her grandmother (same elderly woman from S02 and S05 — white hair, cream church dress) holds Tess's right hand with both of hers. Tess is looking at her grandmother. Airport background: busy but not theatrical. Overhead departure board. Other travelers walking through. Fluorescent overhead with skylights admitting pale morning light. No tears visible. Just presence, contact, and the practicality of love.","Photorealistic documentary medium wide shot, Ninoy Aquino International Airport departure area mid-morning, Filipina nurse early 30s in navy scrubs with bag on shoulder surrounded by family cluster, mother mid-50s in house dress checking boarding pass, kuya late 20s in hospital scrubs handing SIM card envelope, tita 50s in floral blouse standing back watching, elderly grandmother in white hair and cream church dress holding granddaughter's right hand with both hands, no tears — practical present farewell energy, departure board and other travelers blurred in background, fluorescent and skylight morning light, 35mm lens, documentary realism, authentic Filipino family goodbye.","The mother hands the boarding pass back to Tess after re-checking. The kuya presses a small envelope into Tess's hand — she pockets it. The tita steps forward and slides something into Tess's jacket pocket. The grandmother tightens her hold on Tess's right hand. Tess looks at her. The grandmother says something quietly, then releases her hands. Tess picks up her bag, turns, and walks toward the security line without looking back.","15","2","Tess, Filipina, early 30s, navy scrubs, bag on shoulder. No bracelet visible — wrapped in bag from S08. Lola: white hair, cream church dress — continuity from S02 and S05. Kuya: late 20s, hospital scrubs. Mother: mid-50s, house dress. Tita: 50s, floral blouse. Airport — morning light.","anime, cartoon, CGI, plastic skin, distorted hands, extra fingers, watermark, oversaturated HDR, fantasy lighting, stock-photo smile","Wide establishing to medium close on bracelet touch","Cultural awareness; Workforce inclusion","ACHC Workforce Inclusion Policy; CLAS Domain 1","LO1|LO5","Emotional Foundation","Sacrifice narrative — dignity and purpose","N/A","N/A","Emotional narrative","Low","N/A","None","Establishes emotional investment in Tess before conflict begins","Low","Mapped","","","","","","","","","","","COMPLETE"
"M01-S10","M01","Act 1","S10","content","Landing: The First Cultural Shock","U.S. airport — arrivals hall and bus","The airport in the United States is large, efficient, and impersonal. Nobody helps without being asked first. Nobody makes eye contact unless they need something. The signage is clear. The process is fast. Nobody lingers. In the Philippines, airports are loud with reunions. Here, arrivals walk briskly and separately. She takes the bus to her temporary housing. The driver does not respond to her greeting. Not rudely — he just does not respond. She files that away. Different system. Her first evening: she unpacks, eats a Cup Noodles because the grocery run can wait, and calls her family on video chat. Her grandmother is already asleep. Her mother holds the phone up anyway so she can see the parol still on the wall. She keeps the video open until the data connection drops. Culture shock is not weakness. It is the cognitive load of recalibrating every social and professional assumption simultaneously. For healthcare workers, unmanaged culture shock can affect communication quality, documentation accuracy, and patient relationship-building.","85","Isolating observant","Dissolve from airport goodbye","Cut to first week EHR scene","U.S. airport arrivals hall — large, high-ceilinged, brightly lit with commercial lighting. Tess walks through the arrivals area pulling her wheeled bag, nursing bag over her shoulder. Other travelers walk briskly around her, eyes on phones or departure boards. Nobody interacts. Tess holds a printed paper with an address. She looks around — not lost, just calibrating. The environment is efficient and clean and completely indifferent. Her expression: observant, processing, slightly still. No bracelet visible yet — still in bag. Cut to: a dim small furnished room — temporary housing. Tess sits on the edge of a narrow bed, a paper cup of instant noodles in her hand, phone propped against her nursing bag in video call mode. On the phone screen: the living room from S03/S04, the parol visible on the wall, her mother's hand holding the phone. The room is spare — a dresser, a window showing night lights outside, a radiator. Tess watches the phone screen while eating. Her expression: tired, okay, not okay.","Photorealistic documentary medium shot, two-part card: first — large U.S. airport arrivals hall with high commercial lighting, Filipina nurse early 30s pulling wheeled bag with nursing bag over shoulder amid brisk travelers who don't interact, printed address paper in hand, observant calibrating expression; second — dim temporary furnished room, narrow bed, Filipina nurse sitting on bed edge with paper cup instant noodles and phone propped against bag showing parol on wall through video call, spare dresser and window with night lights, tired-okay expression, 35mm lens, documentary realism.","Tess walks through the arrivals hall, looking at her printed address. She glances at the departure board. A traveler brushes past her without acknowledgment. She adjusts her bag strap and continues walking. Cut to: the furnished room. Tess stirs the noodles, looks at the phone screen showing the parol through the video call. She watches. The connection pixelates. She leans slightly closer to the screen, waiting for it to clear.","15","2","Tess, Filipina, early 30s, navy scrubs and travel clothes, no bracelet visible (in bag), nursing bag. Airport — commercial overhead lighting. Furnished room — night, sparse, dim. Phone screen shows parol lantern continuity from S04.","anime, cartoon, CGI, plastic skin, distorted hands, extra fingers, watermark, oversaturated HDR, fantasy lighting, stock-photo smile","Wide to medium — isolation composition","Cultural awareness; Implicit bias","ACHC CLAS Domain 1; Workforce Inclusion Policy","LO1","Cultural Shock","Organizational support for cultural transition","N/A","N/A","Cultural shock narrative","Moderate","N/A","None","Grounds the learner in cultural contrast before operational challenges begin","Moderate","Mapped","","","","","","","","","","","COMPLETE"
"M01-S11","M01","Act 1","S11","content","First Week: The System Is Different","Agency — nursing station and EHR workstation","The EHR system has twelve required fields she has never seen. The abbreviations are different from the ones she trained on. The handoff format is faster and more verbal — less written, more assumed. In the Philippines, a ward handoff included written notes, verbal confirmation, and physical bedside assessment. Here, the expectation is a ten-minute verbal briefing and a chart review. The first time she asks a clarifying question during handoff, the charge nurse glances at the clock. Not unkindly — but the signal is clear: brevity is currency here. She writes everything down. She stays an extra twenty minutes reviewing charts before leaving. She does not ask questions she can answer herself. She saves her questions for the ones that matter. Adapting to a faster handoff culture does not mean abandoning closed-loop communication. It means executing it efficiently. One targeted clarifying question, timed correctly, is more valuable than ten vague ones at the wrong moment.","82","Careful adaptive","Cut from landing scene","Cut to grocery store scene","Agency nursing station. Tess sits at a workstation terminal, the EHR interface on screen showing a complex patient record with multiple tabs and required fields — several fields have red asterisks indicating mandatory entry. She holds a small notebook, pen moving steadily, copying abbreviations and field names she doesn't recognize. The office around her is mid-morning functional: another nurse walks past with a chart, a phone rings at a distant desk, a printer runs. Fluorescent overhead. Tess's expression: focused, methodical, not flustered. On her left wrist — the bracelet is back. She has taken it out of the white cloth and put it on again. The notebook on the desk beside her keyboard shows neat handwriting: a list of abbreviations with her own translated notes beside each one.","Photorealistic documentary medium close shot, agency nursing station workstation, Filipina nurse early 30s seated at EHR terminal with complex patient record showing multiple tabs and red-asterisk required fields, small notebook beside keyboard with neat handwritten abbreviation translations, pen in hand, focused methodical expression, woven bracelet back on left wrist, fluorescent office overhead, other nurse walking past blurred in background, 35mm lens, documentary realism, authentic EHR learning moment.","Tess scrolls through the EHR patient record, stops at an unfamiliar field, opens her notebook, and writes the field name. She looks back at the screen, finds another unfamiliar abbreviation, writes that too. She tabs to a new screen. She writes again. Her pace is steady — not rushed, not panicked. Just methodical.","12","2","Tess, Filipina, early 30s, navy scrubs, woven bracelet back on left wrist — first reappearance after being wrapped in S08. Badge on lanyard. Agency workstation — fluorescent. Notebook as key prop.","anime, cartoon, CGI, plastic skin, distorted hands, extra fingers, watermark, oversaturated HDR, fantasy lighting, stock-photo smile","Over-shoulder medium close","Communication failures; Documentation expectations","EHR Documentation Protocol; Handoff SOP","LO3","Communication","Closed-loop handoff in abbreviated U.S. clinical culture","N/A","N/A","Cultural contrast teaching","Moderate","Charge nurse escalation if ambiguity persists","Document clarified risk items during handoff prep","Prevents errors from system unfamiliarity","Moderate","Mapped","","","","","","","","","","","COMPLETE"
"M01-S12","M01","Act 1","S12","content","First Grocery Store and Small Shocks","Local grocery store — off day","She goes to the grocery store on her day off. She spends twenty minutes looking for garlic rice. She cannot find it. She settles for white rice and garlic from the produce section. She brings everything to the cashier and says: Good morning, Ma'am — and the cashier, without looking up, says: You have a rewards card? Not rude. Just transactional. In the Philippines, strangers at market stalls ask where you are going, who your family is, whether you have eaten. The cashier is doing her job efficiently. Tess is grieving a style of warmth she did not know she needed. She buys her groceries and walks back to her apartment. She texts her lola a photo of the white rice. Her lola responds with three rice emojis and a laughing face. She laughs alone in her apartment and feels slightly better. Clinical relationships in American home health are professional and boundaried — not cold, but structured. Knowing this difference allows the clinician to adapt without misreading professional distance as hostility.","78","Wry tender","Cut from EHR scene","Cut to resilience scene","Large U.S. grocery store — rice and grain aisle. Tess stands in front of a floor-to-ceiling rice section in casual clothing — jeans, a simple top, no scrubs (day off). She holds a standard bag of plain white long-grain rice and is looking at it with an expression caught between mild amusement and mild grief. The aisle is wide, brightly lit, anonymous. No one else is in the aisle. A cart sits beside her. She has also placed a bulb of garlic in the cart. The aisle is full of varieties she wasn't looking for. The bracelet is visible on her left wrist. Her phone is in her right hand — she is about to take a photo of the rice bag.","Photorealistic documentary medium shot, large U.S. grocery store rice and grain aisle, Filipina woman early 30s in casual jeans and simple top holding plain white long-grain rice bag, woven bracelet on left wrist, phone in right hand being raised to photograph the rice bag, shopping cart with single garlic bulb beside her, wide anonymous brightly lit aisle with floor-to-ceiling rice varieties, mild amused grieving expression, 35mm lens, documentary realism, authentic off-duty moment.","Tess stands in the rice aisle looking at the bag in her hand. She turns it over, reading the label. She looks at the shelf — scanning. Doesn't find what she was looking for. She places the bag in her cart. She picks up her phone, raises it, photographs the bag in the cart. She looks at the photo for a moment, then begins typing a text message.","12","2","Tess, Filipina, early 30s, casual clothing (jeans, simple top — off duty), woven bracelet left wrist, no badge or scrubs. Grocery store — commercial bright lighting. Phone as key prop. Mild expression of humor and quiet cultural displacement.","anime, cartoon, CGI, plastic skin, distorted hands, extra fingers, watermark, oversaturated HDR, fantasy lighting, stock-photo smile","Medium — Tess in foreground, grocery aisle in background","Cultural awareness; Implicit bias","ACHC CLAS Domain 1; Workforce Inclusion Policy","LO1|LO5","Cultural Shock","Hospitality norms contrast — professional versus communal warmth","N/A","N/A","Cultural contrast teaching","Low","N/A","None","Builds empathy for cultural isolation before workplace conflict","Low","Mapped","","","","","","","","","","","COMPLETE"
"M01-S13","M01","Act 1","S13","content","Resilience in Practice","Agency — break room and hallway","She's worked through a typhoon warning, a dengue outbreak in her barangay, and a generator failure during a night shift. She kept working. Filipino resilience — the cultural habit of maintaining a positive face and continuing to function under pressure — is not denial. It's a survival skill practiced so consistently it becomes reflex. Here, she watches colleagues express frustration openly. At the system, at the scheduler, at the EHR. In ways she was trained to absorb quietly. She's not sure yet whether venting like that makes things better. She suspects it sometimes does. She's building a new vocabulary for this, deliberately. One thing she has noticed: speaking up here isn't the same as complaining. Sometimes it's how the system gets fixed.","80","Resilient observant","Cut from grocery scene","Cut to agency orientation","Agency break room. Tess sits at the round table with a coffee mug, alone or nearly alone. Through the break room doorway — the hallway and part of the nursing station are visible. A male nurse (mid-30s, different from the antagonist coworker — a frustrated but non-hostile colleague) leans against the hallway wall, talking to another clinician, gesturing toward the ceiling with hands open as if venting about something operational. Tess watches from the doorway sightline, her expression: calm, observational, registering without judgment. Her coffee mug is held with both hands. The bracelet is visible on her left wrist. She is not performing composure — this is just how she processes. The break room is unglamorous: a small fridge, microwave, motivational poster, coffee maker.","Photorealistic documentary medium shot, agency break room, Filipina nurse early 30s seated at round table with both hands on coffee mug, observational calm expression, through doorway visible: male nurse mid-30s in hallway leaning against wall gesturing while venting to another clinician, woven bracelet on left wrist, unglamorous break room with small fridge and microwave and motivational poster, fluorescent light, 35mm lens, documentary realism, observational composure moment.","Tess sits at the break room table with her coffee. She hears voices from the hallway — she glances through the doorway. The male nurse is gesturing and venting to a colleague. Tess watches for a moment, expression neutral. She looks down at her coffee, takes a sip. She picks up her notebook from the table and writes a brief note.","12","2","Tess, Filipina, early 30s, navy scrubs, woven bracelet left wrist, coffee mug, notebook. Break room — fluorescent. Male nurse visible through doorway: mid-30s, different person from antagonist coworker, frustrated but ordinary expression.","anime, cartoon, CGI, plastic skin, distorted hands, extra fingers, watermark, oversaturated HDR, fantasy lighting, stock-photo smile","Medium two-shot — Tess observing","Compliance obligations; Escalation/reporting; Workforce inclusion","ACHC Reporting Obligations; Whistleblower Policy","LO4","Compliance Culture","Resilience culture versus compliance reporting expectations","N/A","N/A","Cultural contrast teaching","Moderate","Supervisor escalation channel introduction","None at this stage — observation only","Unaddressed suppression of reporting creates safety risk","High","Mapped","","","","","","","","","","","COMPLETE"
"M01-S13-EC1","M01","Act 1","S13-EC1","educator-commentary","Educator Side Comment: First Contact Signal","Agency — break room and hallway","Notice what just happened here. Mr. Henderson looked at Tess' hands before he answered. In home health, that micro-pause can signal mistrust, hearing uncertainty, or fear of losing control. A competent clinician slows down, confirms preferences, and documents the interaction signal.","32","Educator coaching","Soft instructional overlay","Return to narrative flow","Agency break room — static instructor overlay card. Tess is seated at the round break room table with a coffee mug in both hands, the bracelet visible on her left wrist. The shot is framed to show her face in a calm observational posture while voices are implied in the background hallway. A subtle semi-transparent instructional banner appears in the lower third of the frame: 'Educator Note.' The room is quiet, unglamorous — fridge, microwave, motivational poster. The visual emphasis is on Tess's attentive, non-reactive expression. No dramatic action. This is an instructor commentary pause card.","Photorealistic documentary scene of Filipina nurse in U.S. agency break room observing colleagues expressing frustration, her expression calm and observational, realistic office environment, natural light, 35mm lens.","Static or near-static hold on Tess seated at the break room table, coffee mug in both hands, bracelet visible. She looks toward the hallway doorway — calm, observational. A very slow push-in toward her face over the card duration. The instructor overlay banner fades in at the bottom of frame. No sudden movement. The card ends on her expression held still.","10","1","Character anchor: Tess, Filipina, early 30s, tied-back dark hair, navy scrubs, woven bracelet left wrist, calm eyes, consistent badge and stethoscope. Seated at break room table, coffee cup, observational posture.","anime, cartoon, CGI, plastic skin, distorted hands, extra fingers, watermark, oversaturated HDR, fantasy lighting, stock-photo smile","Medium two-shot — Tess observing","Operational judgment; Compliance obligations; Escalation/reporting; Workforce inclusion","ACHC Reporting Obligations; Whistleblower Policy","LO4","In-the-moment instruction","Patient encounter communication signal review","N/A","N/A","educator commentary","Moderate","Supervisor escalation channel introduction","None at this stage — observation only","Bridges narrative signal to safety decision making","Moderate","Mapped","","","","","","","","","","","COMPLETE"
"M01-S14","M01","Act 1","S14","content","Agency Orientation: Reading the Policies with New Eyes","Agency conference room — orientation day","At agency orientation, Tess is given a thick binder. She reads it the way she prepared for licensing exams — front to back, with a highlighter. She marks: Language Access. Interpreter Services Required. Patient Rights. Anti-Discrimination. Reporting Obligations. Anti-Retaliation. In her Philippine clinic, many of these existed as values rather than written operational standards. Here they are legal obligations with documented workflows, survey traceability, and corrective action pathways. The commitment is the same. The architecture is more formal. She reads the Anti-Retaliation clause twice. She has never worked somewhere that explicitly wrote down that she could not be punished for reporting a concern. She finds this remarkable. ACHC accreditation requires that agencies not only have these policies but demonstrate evidence that staff understand and apply them. Orientation is the beginning of audit-traceable competency documentation. Staff who read carefully and ask questions are building defensibility.","82","Alert composed","Cut from resilience scene","Cut to first handoff","Agency conference room — orientation day. A rectangular table with four other new hires seated around it (diverse — not described in detail). Tess sits near the middle, a large policy binder open in front of her, yellow highlighter in hand. She has highlighted several lines on the current page. The page is from a ""Language Access and Interpreter Services"" section — visible tab label on the binder's edge. The room has overhead fluorescent light, a projector screen at the front showing a slide (blurred), a whiteboard. Other new hires are at various stages of engagement — one takes notes, one looks at their phone. Tess is the most visibly engaged. Her bracelet is on her left wrist, holding the binder open. Her expression is focused, slightly struck by what she's reading.","Photorealistic documentary medium shot, agency conference room orientation, Filipina nurse early 30s seated at table with large policy binder open to Language Access section, yellow highlighter in hand with highlighted lines visible, binder edge tab showing section title, woven bracelet left wrist holding binder open, other new hires blurred in background at various engagement levels, fluorescent overhead light, blurred projector screen at front, focused slightly struck expression, 35mm lens, documentary realism, authentic policy orientation moment.","Tess turns a page in the binder, reads, and raises the highlighter to mark a line. She reads the next line, marks it too. She flips to a tabbed section, finds the anti-retaliation clause, and reads it twice — moving her lips slightly on the second read. She pauses. Writes a brief note in the margin with a pen.","12","2","Tess, Filipina, early 30s, navy scrubs, woven bracelet left wrist, highlighter and pen. Agency conference room — fluorescent. Binder with visible Language Access tab as key prop. Focused, slightly struck expression.","anime, cartoon, CGI, plastic skin, distorted hands, extra fingers, watermark, oversaturated HDR, fantasy lighting, stock-photo smile","Medium over-shoulder close on binder","Patient rights; Compliance obligations; Anti-retaliation","Patient Rights Policy; Anti-Retaliation Policy; ACHC Survey Standards","LO1","Policy Compliance","Policy orientation as competency documentation baseline","N/A","N/A","Policy bridge","Moderate","N/A","Orientation sign-off and policy acknowledgment","Policies understood and applied reduce care rights violations","Moderate","Mapped","","","","","","","","","","","COMPLETE"
"M01-S15","M01","Act 1","S15","content","First Handoff: A New Rhythm","Agency — nursing station hallway","First full team handoff — Thursday morning. The charge nurse moves through fifteen patients in fifteen minutes. Allergy flags. Visit priorities. Documentation holds. Interpreter requests pending. Tess listens, writes, and maps each patient against what she already reviewed the night before. When a wound classification comes up she doesn't recognize, she raises her hand and asks one targeted question. The charge nurse answers without breaking pace. Tess writes it down. In the hallway afterward, Aldrin catches up with her: Good catch on the classification. Most people let that one go. She caught it because she prepared the night before.","75","Alert prepared","Cut from orientation","Cut to rights board scene","Agency nursing station — morning huddle. The charge nurse (female, 50s, reading glasses on a chain, clipboard with patient list) stands at the whiteboard, moving through the assignment list at a businesslike pace. Tess stands in the group of five or six clinicians, notebook open, writing steadily. She has underlined something on her notebook page from the previous night. When the charge nurse reaches a specific patient entry, Tess raises her hand — not dramatically, just a clear signal. The charge nurse glances at her, answers in two sentences, moves on. Tess writes. The other clinicians are in various states of attention. Aldrin (Filipino-American male, early 40s, first appearance — calm, professional polo shirt) stands two people away, noticing Tess's catch with a slight approving nod. Fluorescent morning light. Clock on the wall: 7:00 AM.","Photorealistic documentary medium wide shot, agency nursing station morning huddle, charge nurse female 50s with reading glasses at whiteboard moving through patient list, Filipina nurse early 30s in group with open notebook writing steadily, hand raised with clear targeted question gesture, Filipino-American male mentor early 40s in polo shirt two people away with slight approving nod, fluorescent morning light, clock on wall showing 7:00 AM, 35mm lens, documentary realism, authentic clinical morning handoff.","The charge nurse points to a whiteboard entry and speaks. Tess raises her hand. The charge nurse looks at her, answers in two sentences without stopping her pace, and moves to the next entry. Tess writes quickly in her notebook. Aldrin, two people away, glances at Tess and gives a small nod. The huddle continues.","15","2","Tess, Filipina, early 30s, navy scrubs, woven bracelet, notebook. FIRST APPEARANCE of Aldrin: Filipino-American male, early 40s, polo shirt with badge, calm professional demeanor — this is his introduction scene. Charge nurse: female, 50s, reading glasses, clipboard. Agency nursing station — morning.","anime, cartoon, CGI, plastic skin, distorted hands, extra fingers, watermark, oversaturated HDR, fantasy lighting, stock-photo smile","Wide ensemble narrowing to medium close on Tess","Communication failures; Documentation expectations","Handoff Protocol SOP; Closed-Loop Communication Standard","LO3","Communication","Targeted closed-loop handoff question","N/A","N/A","Operational teaching","Moderate","Charge nurse escalation for ambiguity","Document handoff clarifications in pre-visit notes","Prevents omission of critical patient safety details","Moderate","Mapped","","","","","","","","","","","COMPLETE"
"M01-S16","M01","Act 1","S16","content","The Rights Board: Rules Become Real","Agency hallway — patient coordination area","In the hallway outside the patient coordination room, there is a laminated board. Patient rights. Language access. Interpreter services at no charge. Anti-discrimination protections. Grievance process. Tess stops and reads it carefully — because here, these aren't background values. They are the operational landscape she will work in every day. She notices: interpreter services are explicitly required, not suggested. Family members may not substitute for qualified interpretation in clinical decisions. This is different from what necessity sometimes demanded at home. She photographs the board with her phone. Not for evidence — for study.","72","Alert professional","Cut from handoff scene","Cut to pre-visit prep","Agency hallway. A large laminated board mounted on the wall — professional, official-looking. Clearly printed headers: ""Patient Rights,"" ""Language Access,"" ""Interpreter Services Available at No Cost,"" ""Non-Discrimination Policy,"" ""Grievance Process."" The text is in English with smaller Spanish text below each section. Tess stands in front of it, partially turned toward the board, phone raised to photograph it. Her expression: attentive, studying. Not looking for something wrong — reading as orientation. The hallway is otherwise empty. Fluorescent light. The board's vinyl surface reflects slightly. Bracelet visible on the phone-holding hand.","Photorealistic documentary medium close shot, agency hallway, official laminated wall board with headers for Patient Rights, Language Access, Interpreter Services at No Cost, Non-Discrimination Policy, and Grievance Process in English with Spanish below, Filipina nurse early 30s standing partially turned toward board with phone raised to photograph it, attentive studying expression, woven bracelet visible on phone-holding left hand, fluorescent hallway light with slight vinyl glare on board surface, 35mm lens, documentary realism, authentic institutional setting.","Tess walks past the hallway board, slows, and stops. She reads the top headers — her gaze tracking down from ""Patient Rights"" to ""Language Access"" to ""Interpreter Services."" She pauses on one entry, reads it again. She raises her phone and takes a photo. She lowers the phone and looks at the photo she just took, then looks back at the board once more.","12","2","Tess, Filipina, early 30s, navy scrubs, woven bracelet, badge, phone. Agency hallway — fluorescent. Rights board as key prop with clearly legible headers. Studying not suspicious expression.","anime, cartoon, CGI, plastic skin, distorted hands, extra fingers, watermark, oversaturated HDR, fantasy lighting, stock-photo smile","Insert close on board to medium of Tess reading","Patient rights; Language access; Interpreter services","Patient Rights Policy; CLAS Language Access Standard","LO1|LO3","Rights and Compliance","Policy recognition as operational readiness","N/A","N/A","Policy bridge","Moderate","N/A","None — policy study stage","Internalized policies prevent rights violations in field","Moderate","Mapped","","","","","","","","","","","COMPLETE"
"M01-S17","M01","Act 1","S17","content","Pre-Visit Preparation: First Patient","Agency parking lot — car before visit","Before driving to her first solo visit, Tess reviews the patient chart, checks language preference, identifies the interpreter contact number, reviews allergies and risk markers, and rehearses the patient's name. She says it aloud three times: Henderson. Mr. Henderson. She checks her watch, calculates her drive time, and notes that she has a five-minute window before the appointment to compose herself and review her teaching plan. She touches her bracelet. She knocks. Pre-visit preparation is a patient safety habit. Reviewing language access needs, allergy flags, communication preferences, and care plan priorities before arrival — not during — reduces the cognitive load at the door and gives the clinician the space to be fully present with the patient.","65","Focused calm","Cut from rights board","Cut to challenge 1","Tess's car — parked in a residential street, morning. She sits in the driver's seat with the engine off. Her nursing bag is on the passenger seat beside her. A tablet is propped against the steering wheel — the EHR patient chart is open, showing a patient profile. She is reading. Her lips move slightly — she is silently rehearsing the patient's name. Her left hand rests on the steering wheel, the bracelet visible. Morning light through the windshield — slightly overcast, realistic suburban neighborhood visible through the glass. A residential house is partially visible through the passenger window — she is parked outside the patient's home. She touches the bracelet, glances in the rearview mirror once, and reaches for the door handle.","Photorealistic documentary medium close shot, interior of parked car in residential suburban street morning, Filipina nurse early 30s in driver's seat with engine off, nursing bag on passenger seat, tablet propped against steering wheel showing EHR patient profile, lips slightly moving while rehearsing patient name, left hand on steering wheel with woven bracelet visible, slightly overcast morning light through windshield, partial view of residential house through passenger window, 35mm lens, shallow depth of field on tablet and nurse, documentary realism, authentic pre-visit preparation.","Tess scrolls through the tablet chart in her parked car. She stops on the patient's name, mouths it once. Then again. She checks her watch. She closes the tablet cover and sets it on the passenger seat. She touches her bracelet with her right hand — holds it briefly. Looks at the house through the window. Reaches for the door handle and opens it.","15","2","Tess, Filipina, early 30s, navy scrubs, woven bracelet left wrist, badge, tablet. Interior of parked car — overcast morning light. Nursing bag on passenger seat. Residential neighborhood through windows. Pre-visit composure ritual.

BATCH 2 — SCENES S26, S27, S29, S30, S32–S39","anime, cartoon, CGI, plastic skin, distorted hands, extra fingers, watermark, oversaturated HDR, fantasy lighting, stock-photo smile","Close over-shoulder — tablet and hands in focus","Cultural awareness; Patient-centered care","Pre-Visit Preparation Protocol; Language Access SOP","LO3|LO5","Clinical Preparation","Pre-visit barrier and language access check","C1","D1","Operational prep scene","Moderate","Escalate to scheduler if language data missing","Document preferred language and interpreter need before arrival","Prevents communication errors at point of care","Moderate","Mapped","","","","","","","","","","","COMPLETE"
"M01-S18-Q","M01","Act 1","S18-Q","challenge","Challenge 1: Cultural Preference vs Clinical Urgency — Question","Mr. Henderson home — front door","Help Tess make the correct operational decision. She has arrived at Mr. Henderson's home for a wound care visit. The family meets her at the door and tells her their religious beliefs require gender-concordant care — Tess cannot provide the treatment. She looks at the wound dressing. It is soiled. The wound may be deteriorating. The patient cannot speak to confirm or deny the accommodation request. Tess has four options. What is the most defensible immediate action? Option A: Acknowledge the family's request, rapidly assess wound urgency at the bedside, call the supervisor immediately for accommodation routing, and document both the preference and the clinical findings. Option B: Respect the family's preference completely by leaving the home and messaging the office to reschedule with a different clinician. Option C: Proceed with wound care because clinical urgency overrides accommodation requests when deterioration is present. Option D: Ask the family to sign a refusal form first, then determine next steps based on available staffing.","58","Urgent instructional","Cut from pre-visit prep","Cut to challenge 1 debrief","Suburban residential front porch — overcast morning light, flat and grey-white. Tess stands on the concrete porch step in navy scrubs. Her nursing bag is over her right shoulder. Her agency tablet is in her left hand — bracelet visible on that wrist. The front door is partially open. Mr. Henderson's daughter — Caucasian, early 40s, long cardigan over modest clothing — stands in the doorway. Her body posture: shoulders square, one hand on the door edge, head slightly tilted as she explains the accommodation request. Her tone is respectful but firm — not hostile. Through the door behind her: a dim hallway, a folded walker against the wall, and further back, the metal rail of a hospital bed in the converted living room. A small American flag sticker on the storm door. A rubber doormat. A wilting potted plant on the porch railing. Tess's expression: attentive, professional, listening. She has not reacted yet — she is in receiving mode.

Tess's point of view looking past the daughter's shoulder into the dim converted living room. Mr. Henderson is visible in the hospital bed — elderly Caucasian male, late 70s, thin, eyes closed or semi-conscious. His lower left leg is elevated on a pillow. The wound dressing is clearly visible: white gauze with yellowing at the edges, one corner lifting away from the skin, a faint brownish-yellow drainage stain suggesting the dressing has been in place too long. A rolling medical supply tray is positioned beside the bed with unopened gauze packages and tape. The room retains its living room character — a bookshelf pushed against one wall, framed family photos still hanging, a recliner in the corner. A table lamp and grey daylight through half-closed blinds provide dim, mixed light. The dressing is the visual center of this frame.

Same suburban porch — the decision moment. Tess now has her phone in her right hand — she has retrieved it from her nursing bag pocket while still on the porch step. Her tablet is still in her left hand. Her eyes are moving between the daughter at the doorway and the phone screen. The daughter is mid-sentence. Through the door gap: the dim interior with Mr. Henderson visible in the hospital bed. Tess's expression: assessing, calculating, not panicked. Her body has not moved — she is still on the top porch step. The bracelet is visible on her left wrist below the tablet. The visual tension of the frame: everything is converging — the request, the wound, the phone, the decision.","Photorealistic documentary image of nurse pausing at patient front door with chart and phone, subtle clinical urgency in posture, realistic residential exterior, natural morning light, 35mm lens.","Tess walks up the porch steps. The daughter opens the front door partway and begins speaking — respectful but firm posture, one hand on the door frame. Tess stops on the top step, adjusts her nursing bag strap slightly, and listens without interrupting. She nods once, slowly. Her right hand moves toward her tablet as if preparing to note something. The daughter continues speaking. Tess remains still, listening.

From Tess's perspective at the doorway: the daughter steps slightly to the side while speaking, opening the view into the room. Mr. Henderson lies still in the hospital bed — his leg elevated, the wound dressing visible. Tess's gaze moves from the daughter's face to the patient's elevated leg. Her hand tightens slightly on the tablet. She takes a breath — slow, controlled. The daughter keeps speaking in the background.

Tess looks at the daughter, then shifts her gaze through the doorway to the patient in the hospital bed. She reaches into her nursing bag side pocket and withdraws her phone. She looks at the phone screen, then back at the daughter. She speaks — calm, one measured sentence — while holding the phone up slightly as if indicating she needs to make a call. The daughter pauses her explanation and watches Tess.","32","4","Character anchor: Tess, Filipina, early 30s, tied-back dark hair, navy scrubs, woven bracelet left wrist, calm eyes, consistent badge and stethoscope. Bracelet visible. Neutral decision-moment expression.","anime, cartoon, CGI, plastic skin, distorted hands, extra fingers, watermark, oversaturated HDR, fantasy lighting, stock-photo smile","POV medium — door in background","Cultural awareness; Patient rights; Escalation","CLAS Domain 2; Patient Rights Policy; Escalation SOP","LO1|LO3|LO5","Assessment — Challenge 1","Urgent accommodation-plus-escalation sequence","C1","D1","Branch challenge","High","Immediate supervisor escalation with clinical urgency rationale","Document preference, urgency assessment, escalation outcome, and plan","Prevents wound deterioration while preserving patient rights","High","Mapped","Tess arrives at Mr. Henderson's home for wound care. The family says religious beliefs require gender-concordant care — Tess cannot treat him. The wound dressing is soiled and may be deteriorating. The patient cannot speak to confirm. What is the most defensible immediate action?","Acknowledge the family's request, rapidly assess wound urgency at the bedside, call the supervisor immediately for accommodation routing, and document both the preference and the clinical findings.","Respect the family's preference completely by leaving the home and messaging the office to reschedule with a different clinician.","Proceed with wound care because clinical urgency overrides accommodation requests when deterioration is present.","Ask the family to sign a refusal form first, then determine next steps based on available staffing.","0","A","","","","COMPLETE"
"M01-S18-D","M01","Act 1","S18-D","debrief","Challenge 1 Debrief: Rights and Urgency Are Not a Choice","Debrief card","Operational Case Review
1) Correct decision: Option A is correct because it preserves patient safety and workflow integrity under pressure.
2) Why correct: Acknowledge the family's request, rapidly assess wound urgency at the bedside, call the supervisor immediately for accommodation routing, and document both the preference and the clinical findings.
3) Incorrect option analysis:
- Option B risk: Respect the family's preference completely by leaving the home and messaging the office to reschedule with a different clinician.. Looks reasonable under pressure, but creates a preventable documentation and escalation gap.
- Option C risk: Proceed with wound care because clinical urgency overrides accommodation requests when deterioration is present.. Looks reasonable under pressure, but creates a preventable documentation and escalation gap.
- Option D risk: Ask the family to sign a refusal form first, then determine next steps based on available staffing.. Looks reasonable under pressure, but creates a preventable documentation and escalation gap.
4) Patient safety implications: uncontrolled communication barriers or delayed escalation can compound into harm.
5) Workflow implications: sequence matters; right actions in the wrong order still produce risk.
6) Documentation implications: chart objective findings, what was verified, what was escalated, and who received handoff.
7) Escalation implications: trigger supervisor pathway when unresolved clinical, communication, or conduct risk remains.
8) Survey implications: ACHC/CMS reviewers focus on evidence chain, not intent.
9) Operational consequences: unresolved gaps can lead to adverse events, corrective action, and loss of trust.
10) Disciplinary/legal/defensibility: omissions and unsupported charting increase disciplinary risk and weaken legal defense.

The correct answer is A. In home health, you will face moments where two legitimate obligations pull in opposite directions. The defensible response is never to choose one and abandon the other. Option A is correct because it holds both simultaneously — urgency assessment at bedside, supervisor escalation for accommodation routing, and complete documentation of the preference, the clinical findings, and the plan. Option B abandons the patient at the moment of highest clinical risk. A wound deteriorating with no assessment on record is a patient safety failure, regardless of how respectful the departure was. Option C overrides an accommodation process the patient has a legal right to access. Proceeding without attempting accommodation — even in clinical urgency — creates survey exposure and trust rupture. Documentation that appears to override rights without process is a compliance liability. Option D inverts the correct sequence. Paperwork before urgency assessment is a workflow error with direct patient harm potential. The rule that holds across every challenge in this module: assess urgency first, escalate immediately, document both the preference and the clinical findings, and let your supervisor route the solution. You do not carry the accommodation decision alone. That is what escalation is for.","95","Operational case-review coaching","Answer reveal","Dissolve to Act 2","Agency nursing station — the following morning, 7:45 AM. Aldrin (Filipino-American male, early 40s, calm demeanor, polo shirt with badge on lanyard) stands beside Tess at a shared workstation. He holds a printed chart page in one hand — a visit note from the Henderson visit — and points to a specific field with his pen. Tess stands beside him, one hand on the desk edge, looking at where he is pointing. The workstation has a computer monitor showing a blurred EHR screen, a coffee mug, a pen cup. Fluorescent overhead light. A wall clock shows 7:45 AM. Aldrin's expression: approving but matter-of-fact — not effusive praise, just professional confirmation that the record is correct.

Same workstation — Aldrin has stepped back slightly. The EHR screen is now more in focus — a patient chart is open showing clearly visible fields: ""Escalation Status: Completed,"" ""Accommodation Request: Documented,"" ""Clinical Finding: Wound urgency — dressing change required, assessed at bedside."" Tess sits at the workstation, right hand on the mouse, reviewing the completed note. Her left hand rests near the keyboard — bracelet visible. The chart fields are all populated, none blank. Aldrin is visible in the background at a slight distance — he has stepped away, the teaching moment complete. His back is partially turned.

Mr. Henderson's patient home — kitchen table. Tess is seated at the table alone, nursing bag on the floor beside her chair. A paper visit note form is on the table in front of her — structured fields being filled in by hand: ""Accommodation Preference,"" ""Clinical Finding,"" ""Escalation Contact,"" ""Follow-Up Plan."" Her tablet is beside the form showing the EHR entry in progress. Her right hand holds a pen — she is writing in the ""Escalation Contact"" field. Her bracelet on her left wrist is visible near the paper form's edge. Natural daylight through the kitchen window. The patient's home — a glass of water on the table, the nursing bag on the floor.","Photorealistic documentary image of nurse on phone outside residential home, supervisor call in progress, chart open, bracelet visible, natural morning light, 35mm lens.","Aldrin holds up the printed chart page and taps a specific field with his pen — the escalation field. He speaks — calm, direct, approving. Tess leans slightly forward to look at the field. She nods. Aldrin sets the page flat on the desk between them, taps it once more, then picks up his coffee mug. He looks at Tess and says one more sentence. A small nod between them — professional acknowledgment. Tess turns back to her workstation.

The camera focuses on the EHR screen as Tess scrolls through the completed chart entry. She clicks on the escalation field to expand it — the supervisor's name, call time, and response are visible. She reads, then scrolls to the accommodation field. She reads that too. She leans back in the chair slightly. In the background, Aldrin picks up his coffee and walks away toward another workstation. Tess turns back to the screen and closes the chart.

Close on hands: Tess writes the supervisor's name in the ""Escalation Contact"" field on the paper form. She pauses, looks at her tablet screen, types a few words into the EHR entry, then returns to the paper form and writes in the ""Follow-Up Plan"" field. Her bracelet shifts as she writes. She sets the pen down, picks up her phone from the table, dials a number, and puts it to her ear — the escalation call beginning.","39","6","Character anchor: Tess, Filipina, early 30s, tied-back dark hair, navy scrubs, woven bracelet left wrist, calm eyes, consistent badge and stethoscope. Escalation call posture — composed and purposeful.","anime, cartoon, CGI, plastic skin, distorted hands, extra fingers, watermark, oversaturated HDR, fantasy lighting, stock-photo smile","Medium — nurse at doorway with phone","Cultural awareness; Patient rights; Escalation; Documentation","CLAS Domain 2; Patient Rights Policy; Escalation SOP; Documentation SOP","LO1|LO3|LO5","Debrief — Challenge 1","Hold both obligations: assess urgency and escalate accommodation simultaneously","C1","D1","Challenge debrief","High","Supervisor → DON if accommodation cannot be arranged in time","Document preference, urgency findings, escalation route, and follow-up plan","Prevents wound deterioration AND rights override — both simultaneously","High","Mapped","","","","","","","","Operational Case Review
1) Correct decision: Option A is correct because it preserves patient safety and workflow integrity under pressure.
2) Why correct: Acknowledge the family's request, rapidly assess wound urgency at the bedside, call the supervisor immediately for accommodation routing, and document both the preference and the clinical findings.
3) Incorrect option analysis:
- Option B risk: Respect the family's preference completely by leaving the home and messaging the office to reschedule with a different clinician.. Looks reasonable under pressure, but creates a preventable documentation and escalation gap.
- Option C risk: Proceed with wound care because clinical urgency overrides accommodation requests when deterioration is present.. Looks reasonable under pressure, but creates a preventable documentation and escalation gap.
- Option D risk: Ask the family to sign a refusal form first, then determine next steps based on available staffing.. Looks reasonable under pressure, but creates a preventable documentation and escalation gap.
4) Patient safety implications: uncontrolled communication barriers or delayed escalation can compound into harm.
5) Workflow implications: sequence matters; right actions in the wrong order still produce risk.
6) Documentation implications: chart objective findings, what was verified, what was escalated, and who received handoff.
7) Escalation implications: trigger supervisor pathway when unresolved clinical, communication, or conduct risk remains.
8) Survey implications: ACHC/CMS reviewers focus on evidence chain, not intent.
9) Operational consequences: unresolved gaps can lead to adverse events, corrective action, and loss of trust.
10) Disciplinary/legal/defensibility: omissions and unsupported charting increase disciplinary risk and weaken legal defense.

The correct answer is A. In home health, you will face moments where two legitimate obligations pull in opposite directions. The defensible response is never to choose one and abandon the other. Option A is correct because it holds both simultaneously — urgency assessment at bedside, supervisor escalation for accommodation routing, and complete documentation of the preference, the clinical findings, and the plan. Option B abandons the patient at the moment of highest clinical risk. A wound deteriorating with no assessment on record is a patient safety failure, regardless of how respectful the departure was. Option C overrides an accommodation process the patient has a legal right to access. Proceeding without attempting accommodation — even in clinical urgency — creates survey exposure and trust rupture. Documentation that appears to override rights without process is a compliance liability. Option D inverts the correct sequence. Paperwork before urgency assessment is a workflow error with direct patient harm potential. The rule that holds across every challenge in this module: assess urgency first, escalate immediately, document both the preference and the clinical findings, and let your supervisor route the solution. You do not carry the accommodation decision alone. That is what escalation is for.","","Operational Case Review
1) Correct decision: Option A is correct because it preserves patient safety and workflow integrity under pressure.
2) Why correct: Acknowledge the family's request, rapidly assess wound urgency at the bedside, call the supervisor immediately for accommodation routing, and document both the preference and the clinical findings.
3) Incorrect option analysis:
- Option B risk: Respect the family's preference completely by leaving the home and messaging the office to reschedule with a different clinician.. Looks reasonable under pressure, but creates a preventable documentation and escalation gap.
- Option C risk: Proceed with wound care because clinical urgency overrides accommodation requests when deterioration is present.. Looks reasonable under pressure, but creates a preventable documentation and escalation gap.
- Option D risk: Ask the family to sign a refusal form first, then determine next steps based on available staffing.. Looks reasonable under pressure, but creates a preventable documentation and escalation gap.
4) Patient safety implications: uncontrolled communication barriers or delayed escalation can compound into harm.
5) Workflow implications: sequence matters; right actions in the wrong order still produce risk.
6) Documentation implications: chart objective findings, what was verified, what was escalated, and who received handoff.
7) Escalation implications: trigger supervisor pathway when unresolved clinical, communication, or conduct risk remains.
8) Survey implications: ACHC/CMS reviewers focus on evidence chain, not intent.
9) Operational consequences: unresolved gaps can lead to adverse events, corrective action, and loss of trust.
10) Disciplinary/legal/defensibility: omissions and unsupported charting increase disciplinary risk and weaken legal defense.

The correct answer is A. In home health, you will face moments where two legitimate obligations pull in opposite directions. The defensible response is never to choose one and abandon the other. Option A is correct because it holds both simultaneously — urgency assessment at bedside, supervisor escalation for accommodation routing, and complete documentation of the preference, the clinical findings, and the plan. Option B abandons the patient at the moment of highest clinical risk. A wound deteriorating with no assessment on record is a patient safety failure, regardless of how respectful the departure was. Option C overrides an accommodation process the patient has a legal right to access. Proceeding without attempting accommodation — even in clinical urgency — creates survey exposure and trust rupture. Documentation that appears to override rights without process is a compliance liability. Option D inverts the correct sequence. Paperwork before urgency assessment is a workflow error with direct patient harm potential. The rule that holds across every challenge in this module: assess urgency first, escalate immediately, document both the preference and the clinical findings, and let your supervisor route the solution. You do not carry the accommodation decision alone. That is what escalation is for.","COMPLETE"
"M01-S19","M01","Act 2","S19","content","Handoff Under Pressure","Agency — morning huddle nursing station","In morning huddle, Tess is interrupted twice while confirming allergy details. Nobody yells. This is realistic pressure, not cartoon hostility. The risk is subtle and operationally dangerous. A coworker talks over her during a key safety detail. The charge nurse moves on before she can complete her question. The allergy flag is almost missed. She catches it — because she wrote it down the night before. Interruption control and closed-loop handoff are safety mechanisms. When small details drop in handoff, the downstream clinical risk does not announce itself — it waits.","68","Tense restrained","Dissolve from Act 1 close","Cut to unsafe shortcut scene","Agency nursing station — morning huddle. Five clinicians in a loose semicircle around a whiteboard with patient assignments in dry-erase marker. The charge nurse (female, 50s, reading glasses on a chain, clipboard) stands at the board, mid-sentence, pointing at an entry. Tess stands near the back of the group, notebook open, pen ready, mouth slightly open — she was about to ask a question. A male coworker (mid-30s, scrubs) stands beside her and has begun speaking at the same moment, his body angled toward the charge nurse, physically cutting across Tess's space. Two other clinicians are looking at the board. Fluorescent overhead. Coffee cups on the counter. Clock on the wall: 7:15 AM. The interruption is physical and ordinary — no one is yelling.

Close shot — Tess's notebook page. Her handwriting from the night before is visible on the page: a patient allergy note with the patient's name and ""PCN allergy — confirm"" written in clear, neat script. Her hand with the bracelet is holding the pen, and the pen tip is underlining this entry. The huddle continues as a blurred background — clinicians moving, the charge nurse speaking. Tess's face is in upper frame: a brief flash of recognition crossing her expression — she caught something. Her eyes move from the notebook to the blurred whiteboard in the background where the allergy column appears blank.","Photorealistic documentary frame of crowded morning nursing station huddle, Tess speaking while colleague talks over her, realistic fluorescent lighting, subtle tension in body language.","The charge nurse speaks and points to a whiteboard entry. Tess opens her mouth to ask a question — the male coworker beside her begins talking at the same moment, his voice overlapping. The charge nurse turns toward the coworker and responds to his comment, then moves on to the next item on the board. Tess closes her mouth. She looks at the whiteboard entry she was asking about, then writes something quickly in her notebook. She underlines it.

Close on the notebook: Tess's pen underlines the allergy notation she wrote the previous night — deliberate, one stroke. She looks up toward the whiteboard. The allergy column beside the patient's name is blank. Her eyes narrow slightly. She writes a second notation beside the underlined entry — a question mark and ""verify before visit."" She looks at the charge nurse — waiting for a pause in the huddle to interject.","22","3","Character anchor: Tess, Filipina, early 30s, tied-back dark hair, navy scrubs, woven bracelet left wrist, calm eyes, consistent badge and stethoscope. Composure under interruption — no exaggerated frustration.","anime, cartoon, CGI, plastic skin, distorted hands, extra fingers, watermark, oversaturated HDR, fantasy lighting, stock-photo smile","Wide ensemble to medium close on Tess","Communication failures; Workforce inclusion","Handoff Protocol; Professionalism Policy","LO4","Workplace Conduct","Interruptions creating information loss","C2 setup","D2","Operational conflict","High","Charge nurse notification if safety-critical detail lost","Addendum for missed handoff elements","Allergy omission creates direct medication safety risk","High","Mapped","","","","","","","","","","","COMPLETE"
"M01-S19-EC2","M01","Act 2","S19-EC2","educator-commentary","Educator Side Comment: Handoff Safety","Agency — morning huddle nursing station","This is often missed during busy visits. A rushed handoff is not a personality issue; it is a workflow hazard. Surveyors look for whether critical facts were transferred clearly. If details are dropped, document what is missing and close the loop before you leave.","32","Educator coaching","Soft instructional overlay","Return to narrative flow","Agency nursing station — the huddle has just dispersed. Other clinicians are walking away with their assignment sheets and tablets. Tess stands alone at the whiteboard. She has picked up a dry-erase marker from the tray and is writing the allergy information into the blank field beside the patient's name — filling the gap herself. The charge nurse is visible at her desk in the background, on the phone. The room is quieter now — end of huddle. Tess's bracelet is visible on the hand holding the marker as she writes.","Photorealistic documentary frame of crowded morning nursing station huddle, Tess speaking while colleague talks over her, realistic fluorescent lighting, subtle tension in body language.","The huddle breaks up — two clinicians walk away with clipboards, one picks up a tablet. Tess remains at the whiteboard. She picks up the dry-erase marker from the tray and writes the allergy information into the blank field — neat, deliberate. She caps the marker and returns it to the tray. She takes a photo of the whiteboard with her phone. Then she turns and walks toward her own workstation.","10","1","Character anchor: Tess, Filipina, early 30s, tied-back dark hair, navy scrubs, woven bracelet left wrist, calm eyes, consistent badge and stethoscope. Composure under interruption — no exaggerated frustration.","anime, cartoon, CGI, plastic skin, distorted hands, extra fingers, watermark, oversaturated HDR, fantasy lighting, stock-photo smile","Wide ensemble to medium close on Tess","Operational judgment; Communication failures; Workforce inclusion","Handoff Protocol; Professionalism Policy","LO4","In-the-moment instruction","Handoff completeness check","C2 setup","D2","educator commentary","High","Charge nurse notification if safety-critical detail lost","Addendum for missed handoff elements","Bridges narrative signal to safety decision making","Moderate","Mapped","","","","","","","","","","","COMPLETE"
"M01-S20","M01","Act 2","S20","content","Unsafe Shortcut Introduced","Hallway outside patient room","A rushed coworker pulls Tess aside in the hallway. He has a suggestion. The interpreter line takes forever. The patient's daughter is right there. She speaks English fine. Just use the family. Nobody will know and it saves forty minutes. Tess pauses. The bracelet is between her fingers. She recognizes the convenience and she recognizes the risk. In clinical communication, speed cannot replace qualified language access and comprehension verification. Family interpretation is often incomplete for clinical decisions and can compromise autonomy, consent, and medication accuracy.","62","Frustrated controlled","Cut from handoff","Transition to challenge 2","Agency hallway — quieter than the nursing station, slightly removed. Tess stands facing the male coworker from the huddle (same mid-30s clinician, scrubs, now with a more casual-impatient energy). He has his back partly to the hallway wall, arms loosely crossed, speaking in a low confidential tone. A fire extinguisher is mounted on the wall behind him. Partially visible behind him: a ""Language Services — Qualified Interpretation Available"" poster on the wall — the irony of its placement is unspoken. Tess faces him, one hand on her nursing bag strap, the other at her side with the bracelet visible. Her expression: listening, evaluating — not agreeing, not yet responding. The hallway has fluorescent overhead light.

Extreme close-up — Tess's left hand. Her fingers are touching the bracelet: thumb and forefinger have found the coarse thread and are rolling it very slightly — an unconscious, small self-regulation gesture. The thread is clearly coarse, aged earth-brown. The blurred institutional hallway is visible behind her hand — fluorescent light, the edge of the Language Services poster. The shot is almost entirely about the hand and the bracelet. This is the micro-moment of decision: not dramatic, not performative. A nurse thinking clearly under pressure.","Photorealistic documentary hallway scene with two clinicians in quiet tense discussion, realistic passive-aggressive dismissiveness from one, calm controlled posture from other, 35mm lens.","The coworker leans toward Tess slightly and speaks in a low voice — one hand gesturing casually as he explains the shortcut. Tess listens. Her right hand finds the bracelet on her left wrist — her fingers touch it, rolling the thread briefly. She doesn't respond immediately. The coworker shrugs and raises his eyebrows — ""your call"" energy. Tess inhales slightly and begins to respond.

Close on Tess's hand: her fingers find the bracelet and roll the thread between thumb and forefinger — a small, unconscious movement. She holds it for two full seconds. Then her hand drops away from the bracelet. Cut slightly wider: Tess straightens her posture. She looks at the coworker and speaks — one sentence, calm and definitive. The coworker raises both hands in a ""fine, your call"" gesture and turns, walking back toward the nursing station.","22","3","Character anchor: Tess, Filipina, early 30s, tied-back dark hair, navy scrubs, woven bracelet left wrist, calm eyes, consistent badge and stethoscope. Bracelet visible during pause. Coworker: male, mid-30s, impatient posture.","anime, cartoon, CGI, plastic skin, distorted hands, extra fingers, watermark, oversaturated HDR, fantasy lighting, stock-photo smile","Medium two-shot","Interpreter services; Compliance obligations","Interpreter Services Policy; CLAS Language Access","LO3","Compliance","Reject unauthorized ad hoc interpretation","C2","D2","Operational conflict","High","Supervisor and interpreter line","Record interpreter request and delay reason","Prevents medication misunderstanding from inadequate interpretation","High","Mapped","","","","","","","","","","","COMPLETE"
"M01-S20-EC3","M01","Act 2","S20-EC3","educator-commentary","Educator Side Comment: Interpreter Shortcut Risk","Hallway outside patient room","This is where many teams fail. The shortcut sounds practical, but skipping qualified interpretation converts a communication issue into a patient safety issue. A competent clinician identifies language barrier type, activates interpreter workflow, and records interpreter method and ID.","32","Educator coaching","Soft instructional overlay","Return to narrative flow","Agency nursing station — Tess at her desk, phone to her ear, writing on a sticky note. On the sticky note: ""Interpreter ID:"" and a number being written digit by digit. Her tablet beside her shows a patient's language preference field open in the EHR — the field is populated. She is activating the interpreter service — doing the right thing, taking the time. Her expression: focused, operational, unbothered by the time cost. The coworker is visible in the far background, already at another workstation with his back turned. Fluorescent office light.","Photorealistic documentary hallway scene with two clinicians in quiet tense discussion, realistic passive-aggressive dismissiveness from one, calm controlled posture from other, 35mm lens.","Tess sits at her desk, dials a number on her phone, and waits — phone to her ear. Someone answers. She speaks briefly, listens, and writes an interpreter ID number on the sticky note. She sticks the note to the edge of her tablet. She types the ID into the EHR language preference field on screen. She sets the phone down, reads the completed field on screen, and closes that tab. The process takes the full ten seconds — unhurried and methodical.","10","1","Character anchor: Tess, Filipina, early 30s, tied-back dark hair, navy scrubs, woven bracelet left wrist, calm eyes, consistent badge and stethoscope. Bracelet visible during pause. Coworker: male, mid-30s, impatient posture.","anime, cartoon, CGI, plastic skin, distorted hands, extra fingers, watermark, oversaturated HDR, fantasy lighting, stock-photo smile","Medium two-shot","Operational judgment; Interpreter services; Compliance obligations","Interpreter Services Policy; CLAS Language Access","LO3","In-the-moment instruction","Interpreter activation and documentation","C2","D2","educator commentary","High","Supervisor and interpreter line","Record interpreter request and delay reason","Bridges narrative signal to safety decision making","Moderate","Mapped","","","","","","","","","","","COMPLETE"
"M01-S21","M01","Act 2","S21","content","Mentor Review with Aldrin","Chart review corner — nursing station","Aldrin reviews Tess' note from the prior visit and pauses. The empathy is there. The observation is sharp. But then he points to a field: comprehension verification. It is blank. He says quietly: You did the right thing in the room. But the record does not show how you know she understood. Good care that is not documented is good care that cannot be defended. This is the standard: not just what you said, but what the patient demonstrated back — and that you wrote it down.","60","Somber observant","Cut from hallway","Cut to challenge 2 question","Nursing station chart review corner — late afternoon light from a nearby window, warmer and lower angle than the morning fluorescent. Aldrin and Tess sit at adjacent workstations turned slightly toward each other. Aldrin has a printed chart page on the desk in front of him — he is pointing to a specific empty field with his pen. The field label is visible: ""Comprehension Verification — Method and Result."" The field is blank. Tess is leaning forward to look at where the pen is pointing, her expression shifting from confidence to recognition of the gap. Two coffee cups between them on the shared desk surface. A stethoscope coiled on the desk edge, pens, a hand sanitizer bottle. The light from the window is warm and slightly golden.","Photorealistic documentary image of two nurses reviewing chart notes together at nursing station, mentor pointing to documentation gap, warm concentrated expressions, 35mm lens.","Aldrin holds the printed chart flat on the desk and taps the blank comprehension field with his pen — once. He speaks quietly — one sentence. Tess leans forward, reads the field label. Her expression shifts — a slight wince of recognition. She nods once. Aldrin sets the page down between them and picks up his coffee. He looks at Tess and says one more sentence — matter of fact, not punishing. Tess picks up her pen and makes a note on her own notepad.","12","2","Character anchor: Tess, Filipina, early 30s, tied-back dark hair, navy scrubs, woven bracelet left wrist, calm eyes, consistent badge and stethoscope. Aldrin: male Filipino-American, early 40s, calm mentor posture.","anime, cartoon, CGI, plastic skin, distorted hands, extra fingers, watermark, oversaturated HDR, fantasy lighting, stock-photo smile","Medium two-shot profile","Documentation expectations; Team collaboration","Clinical Documentation Policy; Mentorship Protocol","LO3|LO5","Documentation","Defensible documentation standards","N/A","N/A","Mentorship narrative","Moderate","N/A","Complete comprehension verification field in visit notes","Protects patient continuity and agency defensibility","Moderate","Mapped","","","","","","","","","","","COMPLETE"
"M01-S22-Q","M01","Act 2","S22-Q","challenge","Challenge 2: Interpreter Workflow Timing — Question","Patient home — insulin teaching visit","Help Tess make the correct call. She is at the home of an elderly patient with limited English proficiency. Today's visit covers insulin injection technique and dosage timing. The patient's daughter is present and immediately offers to interpret. She says her mother is comfortable with her. The patient nods in agreement. Tess has four options. What is the most defensible action? Option A: Accept the family's offer and proceed with insulin teaching, then document education as completed. Option B: Thank the daughter for offering, pause the education session, activate the qualified agency interpreter, perform teach-back with verified comprehension, and document the barrier, interpreter ID, and patient response. Option C: Deliver the core teaching points now with the daughter interpreting, and schedule a qualified interpreter for the next visit to reinforce. Option D: Ask the patient to sign a written understanding statement now, then follow up with a qualified interpreter at a future visit.","58","Urgent practical","Cut from mentor scene","Cut to challenge 2 debrief","Patient's living room — modest suburban home, natural daylight from a sliding glass door. An elderly East Asian woman (late 70s) sits in a recliner with a small side table beside her holding an insulin pen, alcohol swabs, and a sharps container. Her adult daughter (early 40s, professional blouse) stands beside the recliner, facing Tess, gesturing toward her mother with helpful and welcoming energy — she has just offered to interpret. The patient nods along pleasantly, hands in her lap. Tess stands across from them, nursing bag on the floor beside her, teaching folder with insulin materials visible in a clear plastic sleeve under her arm, tablet in her other hand. Her expression: listening, evaluating — not yet responding.

Same living room — slightly later. Tess has her phone out and is explaining something to the daughter, phone visible in her hand with a contact being selected. The daughter's expression has shifted from helpful to mildly puzzled — but she is listening, not offended. The patient watches both of them placidly from the recliner. The insulin teaching materials on the side table are untouched — the session is paused. Tess's expression: polite, firm, professional. She is not apologetic about the delay. The bracelet is visible on Tess's wrist as she holds the phone. Natural daylight.","Photorealistic documentary scene of nurse pausing insulin teaching to activate interpreter service on phone, patient and daughter present, realistic home setting, natural lighting, 35mm lens.","The daughter speaks to Tess while gesturing toward her mother, who nods and smiles at Tess. Tess listens, looks at the patient's face, then looks at her tablet. She sets the teaching folder down on the side table beside the insulin supplies. She reaches into her nursing bag side pocket for her phone. The daughter watches — slightly confused — as Tess begins to dial.

Tess holds up her phone and speaks to the daughter — one hand raised in a gentle ""one moment"" gesture toward the insulin teaching materials on the table, indicating the session is paused. The daughter tilts her head, nods slowly. Tess selects a contact and puts the phone to her ear. She looks at the patient and gives a brief, reassuring smile while waiting for the interpreter line to connect. The daughter pulls a nearby chair around and sits down to wait.","24","4","Character anchor: Tess, Filipina, early 30s, tied-back dark hair, navy scrubs, woven bracelet left wrist, calm eyes, consistent badge and stethoscope. Patient: elderly non-English-proficient female. Daughter nearby.","anime, cartoon, CGI, plastic skin, distorted hands, extra fingers, watermark, oversaturated HDR, fantasy lighting, stock-photo smile","Medium over-shoulder","Language access; Interpreter services","Interpreter Workflow Policy; CLAS Standard 5","LO3","Assessment — Challenge 2","Activate qualified interpreter pathway","C2","D2","Branch challenge","High","Interpreter service then supervisor if unavailable","Document interpreter ID, start time, teach-back result, and comprehension","Avoids incorrect consent and insulin dosing errors","High","Mapped","A limited-English patient nods through insulin teaching. The patient's daughter offers to interpret and says her mother is comfortable with her. What is the most defensible action?","Accept the family's offer and proceed with insulin teaching, then document education as completed.","Thank the daughter for offering, pause education, activate the qualified agency interpreter, perform teach-back, and document the barrier, interpreter ID, and patient response.","Deliver the core teaching points now with the daughter interpreting, and schedule a qualified interpreter for the next visit to reinforce.","Ask the patient to sign a written understanding statement now, then follow up with a qualified interpreter at a future visit.","1","B","","","","COMPLETE"
"M01-S22-D","M01","Act 2","S22-D","debrief","Challenge 2 Debrief: Interpreter Workflow Is a Safety Control","Debrief card","Operational Case Review
1) Correct decision: Option B is correct because it preserves patient safety and workflow integrity under pressure.
2) Why correct: Thank the daughter for offering, pause education, activate the qualified agency interpreter, perform teach-back, and document the barrier, interpreter ID, and patient response.
3) Incorrect option analysis:
- Option A risk: Accept the family's offer and proceed with insulin teaching, then document education as completed.. Looks reasonable under pressure, but creates a preventable documentation and escalation gap.
- Option C risk: Deliver the core teaching points now with the daughter interpreting, and schedule a qualified interpreter for the next visit to reinforce.. Looks reasonable under pressure, but creates a preventable documentation and escalation gap.
- Option D risk: Ask the patient to sign a written understanding statement now, then follow up with a qualified interpreter at a future visit.. Looks reasonable under pressure, but creates a preventable documentation and escalation gap.
4) Patient safety implications: uncontrolled communication barriers or delayed escalation can compound into harm.
5) Workflow implications: sequence matters; right actions in the wrong order still produce risk.
6) Documentation implications: chart objective findings, what was verified, what was escalated, and who received handoff.
7) Escalation implications: trigger supervisor pathway when unresolved clinical, communication, or conduct risk remains.
8) Survey implications: ACHC/CMS reviewers focus on evidence chain, not intent.
9) Operational consequences: unresolved gaps can lead to adverse events, corrective action, and loss of trust.
10) Disciplinary/legal/defensibility: omissions and unsupported charting increase disciplinary risk and weaken legal defense.

The correct answer is B. Option A fails the language access standard for clinical teaching and creates a documentation problem. A note saying education completed when comprehension was never verified is not defensible during a survey review — and it is not safe for the patient. Option C creates a fragmented education record. The most dangerous teaching is teaching that was partially delivered before the communication barrier was controlled. A patient who heard half an explanation and remembered pieces of it is more hazardous than a patient who received no teaching yet. Option D substitutes a signature for comprehension. A signature is not evidence of understanding. It is a form. Option B is correct because it controls the communication barrier before education begins, uses a qualified interpreter who meets the professional standard for clinical accuracy, performs teach-back to verify what was understood, and documents the barrier, the interpreter ID, the method, and the patient's demonstrated comprehension. That chain is what ACHC surveyors will look for. It is also what protects the patient from an insulin dosing error that begins with an assumption.","95","Operational case-review coaching","Answer reveal","Cut to consequence scene","Same patient's kitchen — a different visit, days later. A different clinician — a Black female nurse in her late 30s, professional scrubs — sits at the kitchen table across from the same elderly East Asian patient. The clinician is holding an insulin pen and comparing it against a chart on her tablet. Her expression: concerned, focused — she is discovering a dosing discrepancy. The patient sits across with a confused expression, hands resting on the table. A pill organizer is open between them, showing doses that don't match the timing in the chart. No Tess in this scene — this is the downstream consequence.

Same patient's living room — the correct workflow, a later visit. The phone is on the coffee table between Tess and the patient, on speaker — a call timer visible on screen indicating an active interpreter call. The daughter is seated on a chair to the side — observing, not participating in the clinical exchange. The patient is in the recliner, now holding the insulin pen in her right hand and pointing to the correct injection site on her abdomen — actively demonstrating the teach-back. Her expression: focused and calm, demonstrating comprehension. Tess sits across from her with her chart open on her knee, pen poised — ready to document what she observes. Bracelet catching the window light.","Photorealistic debrief image — nurse on interpreter phone call with patient in realistic home setting, chart visible, natural light, 35mm lens.","The follow-up clinician looks at the pill organizer, then at the tablet chart, then back at the organizer. She picks up the insulin pen from the table and checks the dosage dial setting against the chart entry. Her brow furrows. She sets the pen down and looks at the patient, asking a question. The patient shakes her head slowly and points to the pill organizer — confused. The clinician reaches for her phone.

The phone on the coffee table has a call active — the interpreter's voice is implied but not seen. The patient holds the insulin pen and demonstrates the injection steps, speaking through the interpreter. Tess watches the demonstration closely, nods once, and begins writing in her chart. The daughter sits quietly to the side, hands in her lap — observing but not participating. Tess writes the final notation, looks up at the patient, and gives a confirming nod. She picks up the phone and ends the interpreter call.","27","4","Character anchor: Tess, Filipina, early 30s, tied-back dark hair, navy scrubs, woven bracelet left wrist, calm eyes, consistent badge and stethoscope. Interpreter call in session. Patient present — relaxed.","anime, cartoon, CGI, plastic skin, distorted hands, extra fingers, watermark, oversaturated HDR, fantasy lighting, stock-photo smile","Medium — nurse and patient at table with phone","Language access; Interpreter services; Documentation","Interpreter Workflow Policy; CLAS Standard 5; Documentation SOP","LO3","Debrief — Challenge 2","Qualified interpretation and teach-back as patient safety controls","C2","D2","Challenge debrief","High","Supervisor if interpreter service unavailable","Document interpreter ID, modality, comprehension result, and barriers","Reduces medication harm from unverified comprehension","High","Mapped","","","","","","","","Operational Case Review
1) Correct decision: Option B is correct because it preserves patient safety and workflow integrity under pressure.
2) Why correct: Thank the daughter for offering, pause education, activate the qualified agency interpreter, perform teach-back, and document the barrier, interpreter ID, and patient response.
3) Incorrect option analysis:
- Option A risk: Accept the family's offer and proceed with insulin teaching, then document education as completed.. Looks reasonable under pressure, but creates a preventable documentation and escalation gap.
- Option C risk: Deliver the core teaching points now with the daughter interpreting, and schedule a qualified interpreter for the next visit to reinforce.. Looks reasonable under pressure, but creates a preventable documentation and escalation gap.
- Option D risk: Ask the patient to sign a written understanding statement now, then follow up with a qualified interpreter at a future visit.. Looks reasonable under pressure, but creates a preventable documentation and escalation gap.
4) Patient safety implications: uncontrolled communication barriers or delayed escalation can compound into harm.
5) Workflow implications: sequence matters; right actions in the wrong order still produce risk.
6) Documentation implications: chart objective findings, what was verified, what was escalated, and who received handoff.
7) Escalation implications: trigger supervisor pathway when unresolved clinical, communication, or conduct risk remains.
8) Survey implications: ACHC/CMS reviewers focus on evidence chain, not intent.
9) Operational consequences: unresolved gaps can lead to adverse events, corrective action, and loss of trust.
10) Disciplinary/legal/defensibility: omissions and unsupported charting increase disciplinary risk and weaken legal defense.

The correct answer is B. Option A fails the language access standard for clinical teaching and creates a documentation problem. A note saying education completed when comprehension was never verified is not defensible during a survey review — and it is not safe for the patient. Option C creates a fragmented education record. The most dangerous teaching is teaching that was partially delivered before the communication barrier was controlled. A patient who heard half an explanation and remembered pieces of it is more hazardous than a patient who received no teaching yet. Option D substitutes a signature for comprehension. A signature is not evidence of understanding. It is a form. Option B is correct because it controls the communication barrier before education begins, uses a qualified interpreter who meets the professional standard for clinical accuracy, performs teach-back to verify what was understood, and documents the barrier, the interpreter ID, the method, and the patient's demonstrated comprehension. That chain is what ACHC surveyors will look for. It is also what protects the patient from an insulin dosing error that begins with an assumption.","","Operational Case Review
1) Correct decision: Option B is correct because it preserves patient safety and workflow integrity under pressure.
2) Why correct: Thank the daughter for offering, pause education, activate the qualified agency interpreter, perform teach-back, and document the barrier, interpreter ID, and patient response.
3) Incorrect option analysis:
- Option A risk: Accept the family's offer and proceed with insulin teaching, then document education as completed.. Looks reasonable under pressure, but creates a preventable documentation and escalation gap.
- Option C risk: Deliver the core teaching points now with the daughter interpreting, and schedule a qualified interpreter for the next visit to reinforce.. Looks reasonable under pressure, but creates a preventable documentation and escalation gap.
- Option D risk: Ask the patient to sign a written understanding statement now, then follow up with a qualified interpreter at a future visit.. Looks reasonable under pressure, but creates a preventable documentation and escalation gap.
4) Patient safety implications: uncontrolled communication barriers or delayed escalation can compound into harm.
5) Workflow implications: sequence matters; right actions in the wrong order still produce risk.
6) Documentation implications: chart objective findings, what was verified, what was escalated, and who received handoff.
7) Escalation implications: trigger supervisor pathway when unresolved clinical, communication, or conduct risk remains.
8) Survey implications: ACHC/CMS reviewers focus on evidence chain, not intent.
9) Operational consequences: unresolved gaps can lead to adverse events, corrective action, and loss of trust.
10) Disciplinary/legal/defensibility: omissions and unsupported charting increase disciplinary risk and weaken legal defense.

The correct answer is B. Option A fails the language access standard for clinical teaching and creates a documentation problem. A note saying education completed when comprehension was never verified is not defensible during a survey review — and it is not safe for the patient. Option C creates a fragmented education record. The most dangerous teaching is teaching that was partially delivered before the communication barrier was controlled. A patient who heard half an explanation and remembered pieces of it is more hazardous than a patient who received no teaching yet. Option D substitutes a signature for comprehension. A signature is not evidence of understanding. It is a form. Option B is correct because it controls the communication barrier before education begins, uses a qualified interpreter who meets the professional standard for clinical accuracy, performs teach-back to verify what was understood, and documents the barrier, the interpreter ID, the method, and the patient's demonstrated comprehension. That chain is what ACHC surveyors will look for. It is also what protects the patient from an insulin dosing error that begins with an assumption.","COMPLETE"
"M01-S23","M01","Act 2","S23","content","Consequence Scene: Medication Confusion","Patient kitchen — follow-up visit","At a follow-up visit, Tess finds a medication timing discrepancy. The patient was taking her dose at the wrong time — a confusion that traces back to a prior visit where the family interpreted and the teaching was never verified. It is not a crisis yet. But it could have been. Tess catches it during teach-back before harm occurs. She corrects, documents, and flags the pattern to her supervisor. Communication shortcuts do not always produce immediate visible harm. They produce delayed downstream risk that surfaces across visits — in a different clinician's chart, after the responsible clinician has moved on.","62","Firm educational","Cut from challenge 2 debrief","Cut to breakroom scene","Patient's kitchen table — a follow-up visit, morning. Tess sits across from the same elderly East Asian patient from the S22 sequence. An open pill organizer sits on the table between them — a seven-day, two-compartments-per-day style. Tess is pointing to the evening compartment, which contains a pill that should be in the morning compartment. The patient is pointing to the morning compartment and explaining — her expression shows she genuinely believes she has been doing it correctly. Tess's expression: controlled concern — she has found the discrepancy, she is not alarmed, but she is tracking the source. A glass of water on the table. Morning light through kitchen blinds. Tess's chart is open beside the pill organizer.","Photorealistic documentary image of nurse at kitchen table with patient reviewing pill organizer, concern visible in nurse's posture upon finding discrepancy, natural daylight, 35mm lens.","Tess points to the evening pill organizer slot and asks the patient to confirm what time she takes this dose. The patient points to the morning slot and explains — this is her morning pill. Tess looks at the organizer, then at her chart, then back. She pauses. She picks up her phone from the table and dials — speaking to her supervisor while looking at the organizer and the chart simultaneously. The patient watches her quietly.","15","2","Character anchor: Tess, Filipina, early 30s, tied-back dark hair, navy scrubs, woven bracelet left wrist, calm eyes, consistent badge and stethoscope. Patient: same continuity from prior scenes. Pill organizer on table.","anime, cartoon, CGI, plastic skin, distorted hands, extra fingers, watermark, oversaturated HDR, fantasy lighting, stock-photo smile","Medium close two-shot","Communication failures; Patient safety","Medication Education Workflow; Near-Miss Reporting","LO3|LO5","Clinical Safety","Catch and correct communication shortcut consequences","C3 setup","D3","Clinical near-miss","High","Supervisor and prescribing clinician if continued confusion","Document discrepancy, correction, and follow-up plan","Prevents adverse medication event from documentation gap","High","Mapped","","","","","","","","","","","COMPLETE"
"M01-S24","M01","Act 2","S24","content","Breakroom Microaggression","Agency break room","In the break room, a coworker mimics Tess' accent while retelling a story. A few people laugh. The room goes briefly quiet when they notice Tess is there. The coworker does not apologize. He just moves on. This is not a cartoon villain scene. It is realistic exclusion behavior — the kind that does not make headlines but degrades team communication, trust, and safety culture one small moment at a time. Workforce disrespect is not a separate issue from patient care. When a team member is excluded, their ability to communicate freely, raise concerns early, and collaborate safely is directly impaired. The damage is operational, not just personal.","58","Hurt contained","Cut from medication scene","Cut to challenge 3 question","Agency break room — small and unglamorous. A round table with four chairs, a microwave, a coffee maker, a small fridge. Three coworkers at the table: the male coworker from S20 (mid-30s, now mid-laugh — caught), a female coworker (hand partly over her mouth), and a third person (looking away, uncomfortable). Tess has just appeared in the doorway — her coffee mug in hand. The room has gone quiet. The male coworker's laugh has stopped abruptly. Tess's expression: flat, contained — not performing outrage, not dramatic. She is looking at the table. The bracelet is visible on her coffee-mug holding hand. Fluorescent overhead. A motivational poster on the wall. The room is still in the way a room is still when it knows it has been caught.","Photorealistic documentary break room scene with subtle accent mockery incident, group of staff, Tess visible with contained restrained expression, realistic workplace environment, 35mm lens.","Three coworkers are mid-laugh at the break room table. Tess appears in the doorway. The room goes quiet — the male coworker's laugh cuts off mid-breath. The female coworker looks down at the table. The third person looks away. Tess's expression does not change. She walks to the coffee maker, fills her mug, turns, and walks back out of the doorway without speaking. The three at the table exchange glances.","15","2","Character anchor: Tess, Filipina, early 30s, tied-back dark hair, navy scrubs, woven bracelet left wrist, calm eyes, consistent badge and stethoscope. Bracelet fingered during stressful moment. Emotional restraint — no exaggerated reaction.","anime, cartoon, CGI, plastic skin, distorted hands, extra fingers, watermark, oversaturated HDR, fantasy lighting, stock-photo smile","Medium group shot","Discrimination/harassment reporting; Workforce inclusion","Anti-Harassment Policy; EEOC Guidance","LO4","Workplace Rights","Recognize hostile conduct and reporting obligation","C3","D3","Workplace scenario","High","Supervisor then HR","Objective incident documentation","Psychological safety directly affects communication quality and care","High","Mapped","","","","","","","","","","","COMPLETE"
"M01-S24-EC4","M01","Act 2","S24-EC4","educator-commentary","Educator Side Comment: Documentation Gap Escalation Trigger","Agency break room","A surveyor would immediately flag this pattern. If an order changed and the chart did not, you now have a high-risk documentation conflict. Escalation should begin the same visit with objective findings, incident pathway activation, and a clear transfer note.","32","Educator coaching","Soft instructional overlay","Return to narrative flow","Agency workstation — Tess seated at her desk, late afternoon light. On her screen: a patient chart with a clearly visible documentation discrepancy — two conflicting entries highlighted in yellow side by side. Her pen is in her right hand, resting on a notepad. The bracelet is visible on her left wrist near the keyboard. A semi-transparent 'Educator Note' overlay banner appears in the lower third. The shot is a medium close on the screen and Tess's face — her expression registering the discrepancy analytically. This is an instructor commentary pause card tied to the S24 documentation gap discovery scene.","Photorealistic documentary break room scene with subtle accent mockery incident, group of staff, Tess visible with contained restrained expression, realistic workplace environment, 35mm lens.","Static hold on the workstation: Tess's eyes move between the two conflicting chart entries on screen. She makes a note on her notepad — two words, circled. The instructor overlay banner fades in at the bottom of frame. Near-static. Slow zoom toward the screen's highlighted discrepancy fields. Card ends with both the screen and Tess's expression in frame.","10","1","Character anchor: Tess, Filipina, early 30s, tied-back dark hair, navy scrubs, woven bracelet left wrist, calm eyes, consistent badge and stethoscope. Bracelet fingered during stressful moment. Emotional restraint — no exaggerated reaction.","anime, cartoon, CGI, plastic skin, distorted hands, extra fingers, watermark, oversaturated HDR, fantasy lighting, stock-photo smile","Medium group shot","Operational judgment; Discrimination/harassment reporting; Workforce inclusion","Anti-Harassment Policy; EEOC Guidance","LO4","In-the-moment instruction","Incident escalation for documentation discrepancy","C3","D3","educator commentary","High","Supervisor then HR","Objective incident documentation","Bridges narrative signal to safety decision making","Moderate","Mapped","","","","","","","","","","","COMPLETE"
"M01-S25-Q","M01","Act 2","S25-Q","challenge","Challenge 3: Bystander Duty and Reporting — Question","Break room — immediate response moment","Help Tess decide what to do right now. A coworker has just mocked her accent in the break room in front of witnesses. He did not stop when she walked in — he just moved on. Tess has four options. Which response is the most professionally defensible and operationally correct? Option A: Calmly and directly address the behavior in the moment, then submit a formal written report to her supervisor that includes the exact quote or behavior, the witnesses present, the time and location, and a note requesting anti-retaliation protection. Option B: Wait until after her shift and report it to HR the following morning to avoid making the situation worse right now. Option C: Confront the coworker loudly in the break room to make clear the behavior is unacceptable and will not be tolerated. Option D: Focus on patient care and avoid getting involved in personnel issues — the workplace environment is not her responsibility to correct.","58","Decisive instructional","Cut from break room scene","Cut to challenge 3 debrief","Agency nursing station — Tess at her desk, 2:22 PM (phone screen visible). She has the incident report form pulled up on her computer monitor. On a sticky note stuck to the monitor edge, she has written: a name, a time, ""break room,"" and what appears to be a quoted phrase in quotation marks. Her expression: focused, resolute — not angry, not victimized. Working. Her left hand is near the keyboard — bracelet visible. Her right hand holds a pen over the sticky note. The coffee mug she took from the break room is beside the monitor — she brought it back with her and kept working. Fluorescent office light. Other workstations partially visible in background.","Photorealistic documentary image of nurse composedly addressing coworker in break room, calm assertive posture, realistic work environment, 35mm lens.","Tess sits at her desk and pulls up the incident report form on screen. She picks up a pen and writes on the sticky note — a name, then a time, then a location. She pauses, recalls the exact phrasing she heard, and writes it in quotation marks on the note. She sticks the note to the monitor frame. She turns to the keyboard and begins typing the incident report — methodical and unhurried. She references the sticky note for the quoted phrase as she types.","15","2","Character anchor: Tess, Filipina, early 30s, tied-back dark hair, navy scrubs, woven bracelet left wrist, calm eyes, consistent badge and stethoscope. Assertive but composed — no theatrical anger. Bracelet visible.","anime, cartoon, CGI, plastic skin, distorted hands, extra fingers, watermark, oversaturated HDR, fantasy lighting, stock-photo smile","Medium close — Tess in foreground","Ethical behavior; Retaliation concerns; Reporting obligations","Anti-Retaliation and Reporting Policy; EEOC","LO4","Assessment — Challenge 3","Immediate respectful correction plus formal report","C3","D3","Branch challenge","High","Supervisor then HR with anti-retaliation flag","Incident report: exact quote or behavior, witnesses, time, location, anti-retaliation request","Protects workforce psychological safety and communication reliability","High","Mapped","A coworker mocked Tess' accent in the break room in front of witnesses and did not stop when she walked in. Which response is the most professionally defensible?","Calmly address the behavior in the moment, then submit a formal report to the supervisor with the exact behavior, witnesses, time, location, and an anti-retaliation request.","Wait until after shift and report it to HR the following morning to avoid making the situation worse right now.","Confront the coworker loudly in the break room to make clear the behavior is unacceptable.","Focus on patient care and avoid getting involved in personnel issues — the workplace environment is not her responsibility to correct.","0","A","","","","COMPLETE"
"M01-S25-D","M01","Act 2","S25-D","debrief","Challenge 3 Debrief: Professional Correction Is Mandatory","Debrief card","Operational Case Review
1) Correct decision: Option A is correct because it preserves patient safety and workflow integrity under pressure.
2) Why correct: Calmly address the behavior in the moment, then submit a formal report to the supervisor with the exact behavior, witnesses, time, location, and an anti-retaliation request.
3) Incorrect option analysis:
- Option B risk: Wait until after shift and report it to HR the following morning to avoid making the situation worse right now.. Looks reasonable under pressure, but creates a preventable documentation and escalation gap.
- Option C risk: Confront the coworker loudly in the break room to make clear the behavior is unacceptable.. Looks reasonable under pressure, but creates a preventable documentation and escalation gap.
- Option D risk: Focus on patient care and avoid getting involved in personnel issues — the workplace environment is not her responsibility to correct.. Looks reasonable under pressure, but creates a preventable documentation and escalation gap.
4) Patient safety implications: uncontrolled communication barriers or delayed escalation can compound into harm.
5) Workflow implications: sequence matters; right actions in the wrong order still produce risk.
6) Documentation implications: chart objective findings, what was verified, what was escalated, and who received handoff.
7) Escalation implications: trigger supervisor pathway when unresolved clinical, communication, or conduct risk remains.
8) Survey implications: ACHC/CMS reviewers focus on evidence chain, not intent.
9) Operational consequences: unresolved gaps can lead to adverse events, corrective action, and loss of trust.
10) Disciplinary/legal/defensibility: omissions and unsupported charting increase disciplinary risk and weaken legal defense.

The correct answer is A. Option A is correct because it does two things at once: it stops the behavior in real time and it creates a defensible formal record. Calm, direct, in-the-moment correction is not aggression — it is professionalism applied at the right moment. The formal report with objective behavioral detail is what makes the correction traceable, investigable, and protected from retaliation. Option B delays correction and weakens the record. Memory fades overnight. Witnesses may not recall details the next morning. The behavior continues in the gap. Option C is incorrect because aggressive confrontation creates a second conduct issue and muddies the reporting process. When an incident becomes a dual-conduct conflict, the original behavior becomes harder to address cleanly. Option D is the most dangerous answer. Silence normalizes exclusion behavior. Workforce disrespect compounds over time — it erodes team trust, impairs communication safety, and eventually touches patient care. The correct standard in an ACHC-accredited agency: see it, address it, document it, escalate it. Anti-retaliation protections exist specifically so that staff can report without fear. Using them is not weakness — it is the job.","95","Operational case-review coaching","Answer reveal","Cut to supervisor coaching scene","HR office — two weeks after the break room incident. A small conference room with a closed door, a narrow window. The HR representative (female, 40s, professional blouse, businesslike) sits across from the male coworker (same mid-30s clinician from S20/S24 — now with a defensive, arms-crossed posture). On the table between them: two printed incident reports side by side — Tess's original report and a second report from a different nurse filed subsequently. A corrective action form is also visible. Through the glass panel in the conference room door: Tess is visible walking past in the hallway beyond — nursing bag on her shoulder, heading out for a visit. She does not look toward the office. She doesn't know about this meeting. Her documentation made it possible.","Photorealistic documentary image of nurse writing formal incident report at desk, detailed notes visible, professional composed expression, realistic office setting, 35mm lens.","Inside the HR office: the HR representative slides both printed incident reports toward the coworker, pointing to the second report. She speaks — measured, procedural. The coworker shifts in his chair, arms tightening across his chest. The HR representative points to a specific section on the first report — Tess's. Through the glass panel in the door: Tess walks past in the hallway, nursing bag on shoulder, not looking toward the office. The HR representative slides the corrective action form across the table to the coworker.","15","2","Character anchor: Tess, Filipina, early 30s, tied-back dark hair, navy scrubs, woven bracelet left wrist, calm eyes, consistent badge and stethoscope. At desk — composed, documenting. Bracelet near keyboard.","anime, cartoon, CGI, plastic skin, distorted hands, extra fingers, watermark, oversaturated HDR, fantasy lighting, stock-photo smile","Medium close — nurse at desk writing","Ethical behavior; Retaliation concerns; Accountability; Reporting","Anti-Retaliation Policy; Anti-Harassment Policy; EEOC; Reporting SOP","LO4","Debrief — Challenge 3","In-the-moment correction plus objective formal report","C3","D3","Challenge debrief","High","Supervisor → HR → Compliance if unresolved","Incident report: behavioral description, witnesses, time, location, anti-retaliation notation","Protects workforce safety culture and patient communication reliability","High","Mapped","","","","","","","","Operational Case Review
1) Correct decision: Option A is correct because it preserves patient safety and workflow integrity under pressure.
2) Why correct: Calmly address the behavior in the moment, then submit a formal report to the supervisor with the exact behavior, witnesses, time, location, and an anti-retaliation request.
3) Incorrect option analysis:
- Option B risk: Wait until after shift and report it to HR the following morning to avoid making the situation worse right now.. Looks reasonable under pressure, but creates a preventable documentation and escalation gap.
- Option C risk: Confront the coworker loudly in the break room to make clear the behavior is unacceptable.. Looks reasonable under pressure, but creates a preventable documentation and escalation gap.
- Option D risk: Focus on patient care and avoid getting involved in personnel issues — the workplace environment is not her responsibility to correct.. Looks reasonable under pressure, but creates a preventable documentation and escalation gap.
4) Patient safety implications: uncontrolled communication barriers or delayed escalation can compound into harm.
5) Workflow implications: sequence matters; right actions in the wrong order still produce risk.
6) Documentation implications: chart objective findings, what was verified, what was escalated, and who received handoff.
7) Escalation implications: trigger supervisor pathway when unresolved clinical, communication, or conduct risk remains.
8) Survey implications: ACHC/CMS reviewers focus on evidence chain, not intent.
9) Operational consequences: unresolved gaps can lead to adverse events, corrective action, and loss of trust.
10) Disciplinary/legal/defensibility: omissions and unsupported charting increase disciplinary risk and weaken legal defense.

The correct answer is A. Option A is correct because it does two things at once: it stops the behavior in real time and it creates a defensible formal record. Calm, direct, in-the-moment correction is not aggression — it is professionalism applied at the right moment. The formal report with objective behavioral detail is what makes the correction traceable, investigable, and protected from retaliation. Option B delays correction and weakens the record. Memory fades overnight. Witnesses may not recall details the next morning. The behavior continues in the gap. Option C is incorrect because aggressive confrontation creates a second conduct issue and muddies the reporting process. When an incident becomes a dual-conduct conflict, the original behavior becomes harder to address cleanly. Option D is the most dangerous answer. Silence normalizes exclusion behavior. Workforce disrespect compounds over time — it erodes team trust, impairs communication safety, and eventually touches patient care. The correct standard in an ACHC-accredited agency: see it, address it, document it, escalate it. Anti-retaliation protections exist specifically so that staff can report without fear. Using them is not weakness — it is the job.","","Operational Case Review
1) Correct decision: Option A is correct because it preserves patient safety and workflow integrity under pressure.
2) Why correct: Calmly address the behavior in the moment, then submit a formal report to the supervisor with the exact behavior, witnesses, time, location, and an anti-retaliation request.
3) Incorrect option analysis:
- Option B risk: Wait until after shift and report it to HR the following morning to avoid making the situation worse right now.. Looks reasonable under pressure, but creates a preventable documentation and escalation gap.
- Option C risk: Confront the coworker loudly in the break room to make clear the behavior is unacceptable.. Looks reasonable under pressure, but creates a preventable documentation and escalation gap.
- Option D risk: Focus on patient care and avoid getting involved in personnel issues — the workplace environment is not her responsibility to correct.. Looks reasonable under pressure, but creates a preventable documentation and escalation gap.
4) Patient safety implications: uncontrolled communication barriers or delayed escalation can compound into harm.
5) Workflow implications: sequence matters; right actions in the wrong order still produce risk.
6) Documentation implications: chart objective findings, what was verified, what was escalated, and who received handoff.
7) Escalation implications: trigger supervisor pathway when unresolved clinical, communication, or conduct risk remains.
8) Survey implications: ACHC/CMS reviewers focus on evidence chain, not intent.
9) Operational consequences: unresolved gaps can lead to adverse events, corrective action, and loss of trust.
10) Disciplinary/legal/defensibility: omissions and unsupported charting increase disciplinary risk and weaken legal defense.

The correct answer is A. Option A is correct because it does two things at once: it stops the behavior in real time and it creates a defensible formal record. Calm, direct, in-the-moment correction is not aggression — it is professionalism applied at the right moment. The formal report with objective behavioral detail is what makes the correction traceable, investigable, and protected from retaliation. Option B delays correction and weakens the record. Memory fades overnight. Witnesses may not recall details the next morning. The behavior continues in the gap. Option C is incorrect because aggressive confrontation creates a second conduct issue and muddies the reporting process. When an incident becomes a dual-conduct conflict, the original behavior becomes harder to address cleanly. Option D is the most dangerous answer. Silence normalizes exclusion behavior. Workforce disrespect compounds over time — it erodes team trust, impairs communication safety, and eventually touches patient care. The correct standard in an ACHC-accredited agency: see it, address it, document it, escalate it. Anti-retaliation protections exist specifically so that staff can report without fear. Using them is not weakness — it is the job.","COMPLETE"
"M01-S26","M01","Act 2","S26","content","Supervisor Coaching: Objective Reporting Language","Supervisor office","The supervisor sits with Tess and Aldrin in her office. She walks through what a defensible incident report looks like. Not: he was unprofessional. Instead: at approximately 2:15 PM in the break room, in the presence of three colleagues, the following statement was made — and you write it down exactly. Report behavior, not character. Facts, not interpretations. Include the exact quote or behavior, the time, the location, the witnesses, the observed impact, and your requested follow-up. Character judgments get argued. Objective behavioral evidence gets investigated. That's the distinction.","55","Reassuring firm","Cut from challenge 3 debrief","Cut to documentation audit scene","Supervisor's office — a small but organized room. Desk with a computer monitor (screen off or angled away), a stack of HR policy binders spine-out on the shelf behind her, a potted plant on the windowsill that is visibly healthy — watered, full-leafed. The supervisor (female, mid-50s, professional blouse in muted blue-grey, reading glasses resting on the desk surface, lanyard with badge) sits behind the desk, upper body slightly forward, both hands flat on the desk surface in front of a printed incident report form. The form faces Tess and Aldrin across the desk. One of the supervisor's index fingers is positioned on a specific field — the ""Behavioral Description"" field — labeled in clear black type. Tess sits in the chair directly across — navy scrubs, bracelet on left wrist resting on the arm of the chair, notebook open on her knee, pen in right hand, writing steadily. Aldrin sits in the adjacent chair slightly to Tess's right — polo shirt, badge on lanyard, one hand on his knee, body leaning back fractionally, listening posture. The window behind the supervisor shows afternoon natural light — warm, diffused, through partially drawn blinds creating horizontal light bands across the desk. The door behind Tess and Aldrin is closed. The room has overhead fluorescent supplemented by a desk lamp on the supervisor's left — warm incandescent bulb. The incident report form between them shows visible section headers: ""Date/Time,"" ""Location,"" ""Witnesses Present,"" ""Behavioral Description,"" ""Observed Impact,"" ""Requested Follow-Up."" The Behavioral Description field is where the supervisor's finger rests.","Photorealistic documentary medium three-shot, supervisor's small organized office, supervisor female mid-50s in muted blue-grey professional blouse seated behind desk with both hands flat on desk surface, one index finger resting on Behavioral Description field of printed incident report form, reading glasses on desk, HR policy binders on shelf behind, healthy potted plant on windowsill, Filipina nurse early 30s in navy scrubs in chair across desk with open notebook on knee and pen in right hand writing, woven bracelet on left wrist resting on chair arm, Filipino-American male mentor early 40s in polo shirt in adjacent chair with listening posture one hand on knee, afternoon window light through partially drawn blinds creating horizontal bands, warm desk lamp on supervisor's left, closed door behind visitors, 35mm lens, documentary realism, authentic coaching session.","The supervisor leans slightly forward and taps the Behavioral Description field on the incident report form with one finger. She speaks — deliberate, instructional pace, not rushed. Tess writes in her notebook. The supervisor taps the field a second time and adds a sentence. Tess underlines something she just wrote. Aldrin nods once from his chair. The supervisor picks up the incident report form from the desk, turns it toward Tess and Aldrin so both can read it, holds it upright for a moment, then sets it back down and slides it across the desk toward Tess.","15","2","Tess, Filipina, early 30s, navy scrubs, woven bracelet on left wrist, notebook on knee, pen in right hand. Aldrin: Filipino-American, early 40s, polo shirt, badge on lanyard, listening posture — continuity from S15. Supervisor: female, mid-50s, muted blue-grey professional blouse, reading glasses on desk surface, badge on lanyard. Supervisor's office — warm desk lamp and afternoon window light. Incident report form with visible field headers as central prop.","anime, cartoon, CGI, plastic skin, distorted hands, extra fingers, watermark, oversaturated HDR, fantasy lighting, stock-photo smile","Medium conference shot — two-shot","Accountability; Retaliation concerns; Corrective action","HR Reporting SOP; EEOC; Corrective Action Policy","LO4","Debrief — Challenge 3","Incident reporting with anti-retaliation safeguard","C3","D3","Debrief narrative","High","HR then Compliance if unresolved","Incident report with behavioral facts and anti-retaliation checkbox","Supports safe staffing and reliable team communication","High","Mapped","","","","","","","","","","","COMPLETE"
"M01-S26-EC5","M01","Act 2","S26-EC5","educator-commentary","Educator Side Comment: Corrective Action Process","Supervisor office","Notice the leadership response. Corrective action is not automatic punishment; it is evidence-driven review, documented coaching, and accountability tracking. Competent clinicians cooperate with investigation and preserve objective records instead of private side resolutions.","32","Educator coaching","Soft instructional overlay","Return to narrative flow","Supervisor's small organized office — medium shot of the three-person coaching session (supervisor, Tess, Aldrin) already in progress. The incident report form is on the desk between them. The supervisor's index finger rests on the Behavioral Description field. Tess's notebook is open on her knee, pen in hand. A semi-transparent 'Educator Note' overlay banner appears in the lower third of the frame. The visual emphasis is on the corrective action document as an operational tool — not punishment, but process. This is an instructor commentary pause card tied to the S26 supervisor coaching scene.","Photorealistic documentary image of supervisor and nurse in office discussion, professional coaching posture, neutral tone, realistic office setting, 35mm lens.","Near-static hold on the supervisor's desk scene: the supervisor's hand rests on the incident report form with one finger on the Behavioral Description field. Tess writes in her notebook. The instructor overlay banner fades in at the bottom. Very slow push-in toward the form on the desk. Card ends with the Behavioral Description field clearly in frame alongside the coaching tableau.","10","1","Character anchor: Tess, Filipina, early 30s, tied-back dark hair, navy scrubs, woven bracelet left wrist, calm eyes, consistent badge and stethoscope. Seated in coaching session. Supervisor: female, mid-50s, professional attire.","anime, cartoon, CGI, plastic skin, distorted hands, extra fingers, watermark, oversaturated HDR, fantasy lighting, stock-photo smile","Medium conference shot — two-shot","Operational judgment; Accountability; Retaliation concerns; Corrective action","HR Reporting SOP; EEOC; Corrective Action Policy","LO4","In-the-moment instruction","Supervisor coaching and corrective action process","C3","D3","educator commentary","Moderate","HR then Compliance if unresolved","Incident report with behavioral facts and anti-retaliation checkbox","Bridges narrative signal to safety decision making","Moderate","Mapped","","","","","","","","","","","COMPLETE"
"M01-S27","M01","Act 2","S27","content","Documentation Audit Moment","EHR workstation — agency office","End of the day. Tess is reviewing charts before logging off. She finds two prior visit records — not hers — with blank cultural preference and interpreter fields. The fields exist. They were never filled. She stares at it for a moment. This isn't one person having a bad day. It's a workflow gap quietly producing incomplete records across multiple visits, multiple patients. She recognizes she needs to do two things: correct the record, and flag the pattern. Missing fields don't just fail surveys. They leave the next clinician working blind.","62","Concerned analytical","Cut from supervisor coaching","Cut to challenge 4 question","Agency workstation — end of day. The overhead fluorescent panels are still on but most of the adjacent workstations are empty or being cleared — a coat being pulled on in the background, a bag lifted from a chair hook, a monitor going dark. Tess's station is still active. The EHR screen shows a patient record — a standard-format chart page. Two fields in the middle of the screen are visibly empty: ""Patient Language Preference"" is blank, the dropdown shows no selection. Below it: ""Interpreter Services Used"" — also blank, no entry. Both fields have a faint yellow background indicating incomplete status. A second chart tab is open in the browser — this tab also shows the same two fields blank, different patient name at the top. Tess sits in the desk chair, slightly turned toward the monitor, one elbow on the desk edge. Her pen is in her right hand but resting on the desk — not writing yet. Her nursing bag is packed and standing upright on the floor beside the chair leg, ready to go. Her left wrist with bracelet is near the keyboard edge. Her expression is analytical, steady — she has recognized a pattern, not reacted to an emergency. Late afternoon daylight from the window behind the workstation mixes with the dimmer fluorescent overhead — the ratio has shifted, the natural light is orange-warm and lower angle, the fluorescent cooler. Most overhead lights in the background have not been dimmed, but the general energy of the office is end-of-shift.","Photorealistic documentary medium close shot, agency workstation end of day, EHR screen showing patient chart with two empty fields highlighted in faint yellow — Patient Language Preference blank dropdown and Interpreter Services Used blank — second browser tab visible with different patient name and same blank fields, Filipina nurse early 30s in chair turned toward monitor with pen resting in right hand on desk not writing, woven bracelet near keyboard edge on left wrist, packed nursing bag standing on floor beside chair leg, analytical steady expression — pattern recognition not alarm, late afternoon warm orange daylight from window behind mixing with cooler fluorescent overhead, other workstations empty or being cleared in blurred background, 35mm lens, documentary realism, end-of-day audit discovery.","Tess scrolls through the EHR patient record on screen. She stops when the Language Preference field comes into view — the field is blank. She looks at the patient name at the top of the record, then scrolls to the Interpreter Services field — also blank. She clicks the second browser tab. Same blank fields, different patient name. She places her pen on the desk, picks up her phone from beside the keyboard, and looks at it — visibly deciding whether to call now or send a message. She puts the phone back down, opens a new sticky note application on her screen, and begins typing.","12","2","Tess, Filipina, early 30s, navy scrubs, woven bracelet near keyboard on left wrist, pen in right hand resting on desk. EHR screen with two blank highlighted fields as primary visual. Packed nursing bag on floor — she was about to leave. Late afternoon agency workstation — end-of-shift energy in background.","anime, cartoon, CGI, plastic skin, distorted hands, extra fingers, watermark, oversaturated HDR, fantasy lighting, stock-photo smile","Over-shoulder close on screen and hands","Documentation expectations; Compliance obligations","Clinical Documentation Policy; QAPI Standards","LO3|LO5","Documentation","Identify systemic omission patterns","C4 setup","D4","Operational scenario","High","Escalate to supervisor and QA","Addendum with objective cultural preference and interpreter details","Incomplete notes increase recurrence risk across care team","High","Mapped","","","","","","","","","","","COMPLETE"
"M01-S27-EC6","M01","Act 2","S27-EC6","educator-commentary","Educator Side Comment: Retaliation Early Warning","EHR workstation — agency office","This becomes a legal and workforce safety risk if ignored. Low-volume statements can still be retaliation indicators when tied to a report. The safe move is immediate written documentation and supervisor notification, not personal confrontation.","32","Educator coaching","Soft instructional overlay","Return to narrative flow","Agency workstation area — end of day. Tess is standing near her packed workstation, phone in one hand, looking at a sticky note she has just written. The sticky note reads (partially visible): a date, a time, and quotation marks with written text inside — objective documentation of a verbal incident. The bracelet is visible on the wrist holding the phone. A 'Educator Note' overlay banner in the lower third. This is an instructor commentary pause card tied to the S27 documentation audit / retaliation signal scene. The visual emphasis is on the act of writing down the exact words as documentation — not reaction, but record.","Photorealistic workstation scene showing nurse reviewing EHR records with missing data fields, realistic monitor glow, documentary tone, 35mm lens.","Near-static hold on Tess standing at her workstation, phone in hand, reading the sticky note she has just written. She turns it slightly toward the camera so the quoted text is partially readable. The instructor overlay banner fades in at the bottom. She holds the note still — not moving, just holding the record. Card ends on the sticky note in close frame.","10","1","Character anchor: Tess, Filipina, early 30s, tied-back dark hair, navy scrubs, woven bracelet left wrist, calm eyes, consistent badge and stethoscope. Focused posture at workstation. Bracelet near keyboard.","anime, cartoon, CGI, plastic skin, distorted hands, extra fingers, watermark, oversaturated HDR, fantasy lighting, stock-photo smile","Over-shoulder close on screen and hands","Operational judgment; Documentation expectations; Compliance obligations","Clinical Documentation Policy; QAPI Standards","LO3|LO5","In-the-moment instruction","Non-retaliation reporting","C4 setup","D4","educator commentary","High","Escalate to supervisor and QA","Addendum with objective cultural preference and interpreter details","Bridges narrative signal to safety decision making","Moderate","Mapped","","","","","","","","","","","COMPLETE"
"M01-S28-Q","M01","Act 2","S28-Q","challenge","Challenge 4: Corrective Documentation — Question","EHR workstation — addendum entry","Help Tess correct the incomplete records. She has found two prior visit notes with missing cultural preference and interpreter fields. She needs to correct them now. What is the most defensible corrective action? Option A: Create a late-entry addendum for each record with a timestamp, note that it is a late-entry correction, add the cultural preference details, the interpreter information, and the comprehension findings objectively, and notify her supervisor about the pattern. Option B: Go back into the original note text and rewrite it to include the missing information so the record appears complete and consistent. Option C: Add a brief note at the end of each record saying patient understands and move forward. Option D: Leave both records as they are and document the missing information fully at the next visit instead.","55","Technical focused","Cut from documentation audit","Cut to challenge 4 debrief","Agency workstation — end of day, 6:15 PM (clock visible on wall). Most other desks are empty. Tess's workstation is still active. On screen: two patient charts open side by side — both showing blank highlighted fields: ""Patient Language Preference"" and ""Interpreter Services Used"" — the yellow highlight indicating incomplete required fields. A sticky note on the monitor frame reads ""Late Entry Addendum"" in Tess's handwriting. Her nursing bag is packed and standing on the floor beside her chair — she was about to leave. Her expression: slightly frustrated but disciplined — she caught a pattern, and she is staying to correct it correctly. Clock shows 6:15 PM. Bracelet near the keyboard.","Photorealistic documentary scene of nurse composing EHR addendum note, realistic interface, natural office light, 35mm lens.","Tess scrolls through the first patient chart on screen, finds the blank language preference field, and opens the addendum template. She types a timestamp and ""Late Entry"" notation. She references a sticky note on the monitor for the interpreter details and types them into the addendum field. She switches to the second chart tab and begins the same process. She glances at the clock — 6:15 PM. She continues typing, unhurried.","15","2","Character anchor: Tess, Filipina, early 30s, tied-back dark hair, navy scrubs, woven bracelet left wrist, calm eyes, consistent badge and stethoscope. Focused on screen — typing deliberate addendum.","anime, cartoon, CGI, plastic skin, distorted hands, extra fingers, watermark, oversaturated HDR, fantasy lighting, stock-photo smile","POV with screen and hands visible","Documentation expectations; Accountability","Documentation Addendum SOP; Record Integrity Policy","LO3","Assessment — Challenge 4","Objective addendum and pattern escalation","C4","D4","Branch challenge","High","Supervisor then QA for pattern review","Addendum: timestamp, late-entry notation, cultural preference, interpreter details, follow-up","Prevents repeat communication breakdown across care team","High","Mapped","Tess finds two prior visit records with missing cultural preference and interpreter fields. What is the most defensible corrective action?","Create a late-entry addendum for each record with a timestamp, objective detail including cultural preference and interpreter information, and notify the supervisor about the pattern.","Go back into the original note text and rewrite it to include the missing information so the record appears complete and consistent.","Add a brief note at the end of each record saying 'patient understands' and move forward.","Leave both records as they are and document the missing information fully at the next visit.","0","A","","","","COMPLETE"
"M01-S28-D","M01","Act 2","S28-D","debrief","Challenge 4 Debrief: Defensible Correction Has a Sequence","Debrief card","Operational Case Review
1) Correct decision: Option A is correct because it preserves patient safety and workflow integrity under pressure.
2) Why correct: Create a late-entry addendum for each record with a timestamp, objective detail including cultural preference and interpreter information, and notify the supervisor about the pattern.
3) Incorrect option analysis:
- Option B risk: Go back into the original note text and rewrite it to include the missing information so the record appears complete and consistent.. Looks reasonable under pressure, but creates a preventable documentation and escalation gap.
- Option C risk: Add a brief note at the end of each record saying 'patient understands' and move forward.. Looks reasonable under pressure, but creates a preventable documentation and escalation gap.
- Option D risk: Leave both records as they are and document the missing information fully at the next visit.. Looks reasonable under pressure, but creates a preventable documentation and escalation gap.
4) Patient safety implications: uncontrolled communication barriers or delayed escalation can compound into harm.
5) Workflow implications: sequence matters; right actions in the wrong order still produce risk.
6) Documentation implications: chart objective findings, what was verified, what was escalated, and who received handoff.
7) Escalation implications: trigger supervisor pathway when unresolved clinical, communication, or conduct risk remains.
8) Survey implications: ACHC/CMS reviewers focus on evidence chain, not intent.
9) Operational consequences: unresolved gaps can lead to adverse events, corrective action, and loss of trust.
10) Disciplinary/legal/defensibility: omissions and unsupported charting increase disciplinary risk and weaken legal defense.

The correct answer is A. Option B is the most dangerous answer in this challenge. Going back into the original note and rewriting it is record alteration. It destroys chronological integrity, creates legal exposure, and in a survey context can constitute falsification. If an auditor or surveyor compares electronic metadata with note content and finds they do not align, the consequences extend far beyond the two missing fields. Option C is the most common wrong answer — not because it is aggressive, but because it is vague. Patient understands is not a clinical finding. It is an assertion. It tells no one what was taught, how understanding was verified, what the patient demonstrated back, or what still needs reinforcement. Option D delays correction into a different visit with a different clinical context, leaving the existing gap open and the care team acting on incomplete information in the meantime. Option A is correct because it does three things: it preserves record integrity by creating a transparent late-entry with a timestamp, it adds objective clinical detail that actually means something to the next clinician reading the chart, and it escalates the pattern to a supervisor and QA so the workflow gap can be corrected at the system level. Defensible documentation is not about length. It is about specificity, objectivity, completeness, and correct sequence.","95","Operational case-review coaching","Answer reveal","Cut to mentor defensibility lesson","QA auditor's office — six weeks later. A different space from the agency: a small office with multiple printed charts spread across the desk surface. The QA auditor (female, 50s, reading glasses, business casual, meticulous demeanor) sits at the desk with a red pen in hand. She is circling a timestamp discrepancy on one printed chart while comparing it to data on her computer screen — the EHR metadata showing a different timestamp than the note content. Her expression: sharp, professional, finding exactly what she is trained to find. A second chart is open beside the first, also marked with red pen. This is the consequence of what Option B would have created — not Tess's chart, but the chart of the clinician who chose to rewrite rather than addend.","Photorealistic documentary image of nurse reviewing completed compliant addendum entry on EHR screen, timestamps visible, natural office light, 35mm lens.","The QA auditor flips between two printed chart pages on her desk. She finds a date discrepancy — the note content and the EHR metadata timestamp don't match. She picks up her red pen and circles the timestamp on the printed page. She looks at her monitor, types something, looks back at the printed page. She shakes her head slightly — a micro-expression of professional concern. She pulls a third chart from the stack and begins comparing.","12","2","Character anchor: Tess, Filipina, early 30s, tied-back dark hair, navy scrubs, woven bracelet left wrist, calm eyes, consistent badge and stethoscope. Satisfied completion posture — not relieved, just thorough.","anime, cartoon, CGI, plastic skin, distorted hands, extra fingers, watermark, oversaturated HDR, fantasy lighting, stock-photo smile","Over-shoulder close on screen","Documentation expectations; Accountability; Record integrity","Documentation Addendum SOP; Record Integrity Policy; QAPI Standards","LO3","Debrief — Challenge 4","Objective late-entry addendum with pattern escalation","C4","D4","Challenge debrief","High","Supervisor → QA → Compliance if pattern confirmed","Addendum: timestamp, late-entry notation, cultural preference, interpreter ID, comprehension result","Prevents falsification risk, care gaps, and survey exposure","High","Mapped","","","","","","","","Operational Case Review
1) Correct decision: Option A is correct because it preserves patient safety and workflow integrity under pressure.
2) Why correct: Create a late-entry addendum for each record with a timestamp, objective detail including cultural preference and interpreter information, and notify the supervisor about the pattern.
3) Incorrect option analysis:
- Option B risk: Go back into the original note text and rewrite it to include the missing information so the record appears complete and consistent.. Looks reasonable under pressure, but creates a preventable documentation and escalation gap.
- Option C risk: Add a brief note at the end of each record saying 'patient understands' and move forward.. Looks reasonable under pressure, but creates a preventable documentation and escalation gap.
- Option D risk: Leave both records as they are and document the missing information fully at the next visit.. Looks reasonable under pressure, but creates a preventable documentation and escalation gap.
4) Patient safety implications: uncontrolled communication barriers or delayed escalation can compound into harm.
5) Workflow implications: sequence matters; right actions in the wrong order still produce risk.
6) Documentation implications: chart objective findings, what was verified, what was escalated, and who received handoff.
7) Escalation implications: trigger supervisor pathway when unresolved clinical, communication, or conduct risk remains.
8) Survey implications: ACHC/CMS reviewers focus on evidence chain, not intent.
9) Operational consequences: unresolved gaps can lead to adverse events, corrective action, and loss of trust.
10) Disciplinary/legal/defensibility: omissions and unsupported charting increase disciplinary risk and weaken legal defense.

The correct answer is A. Option B is the most dangerous answer in this challenge. Going back into the original note and rewriting it is record alteration. It destroys chronological integrity, creates legal exposure, and in a survey context can constitute falsification. If an auditor or surveyor compares electronic metadata with note content and finds they do not align, the consequences extend far beyond the two missing fields. Option C is the most common wrong answer — not because it is aggressive, but because it is vague. Patient understands is not a clinical finding. It is an assertion. It tells no one what was taught, how understanding was verified, what the patient demonstrated back, or what still needs reinforcement. Option D delays correction into a different visit with a different clinical context, leaving the existing gap open and the care team acting on incomplete information in the meantime. Option A is correct because it does three things: it preserves record integrity by creating a transparent late-entry with a timestamp, it adds objective clinical detail that actually means something to the next clinician reading the chart, and it escalates the pattern to a supervisor and QA so the workflow gap can be corrected at the system level. Defensible documentation is not about length. It is about specificity, objectivity, completeness, and correct sequence.","","Operational Case Review
1) Correct decision: Option A is correct because it preserves patient safety and workflow integrity under pressure.
2) Why correct: Create a late-entry addendum for each record with a timestamp, objective detail including cultural preference and interpreter information, and notify the supervisor about the pattern.
3) Incorrect option analysis:
- Option B risk: Go back into the original note text and rewrite it to include the missing information so the record appears complete and consistent.. Looks reasonable under pressure, but creates a preventable documentation and escalation gap.
- Option C risk: Add a brief note at the end of each record saying 'patient understands' and move forward.. Looks reasonable under pressure, but creates a preventable documentation and escalation gap.
- Option D risk: Leave both records as they are and document the missing information fully at the next visit.. Looks reasonable under pressure, but creates a preventable documentation and escalation gap.
4) Patient safety implications: uncontrolled communication barriers or delayed escalation can compound into harm.
5) Workflow implications: sequence matters; right actions in the wrong order still produce risk.
6) Documentation implications: chart objective findings, what was verified, what was escalated, and who received handoff.
7) Escalation implications: trigger supervisor pathway when unresolved clinical, communication, or conduct risk remains.
8) Survey implications: ACHC/CMS reviewers focus on evidence chain, not intent.
9) Operational consequences: unresolved gaps can lead to adverse events, corrective action, and loss of trust.
10) Disciplinary/legal/defensibility: omissions and unsupported charting increase disciplinary risk and weaken legal defense.

The correct answer is A. Option B is the most dangerous answer in this challenge. Going back into the original note and rewriting it is record alteration. It destroys chronological integrity, creates legal exposure, and in a survey context can constitute falsification. If an auditor or surveyor compares electronic metadata with note content and finds they do not align, the consequences extend far beyond the two missing fields. Option C is the most common wrong answer — not because it is aggressive, but because it is vague. Patient understands is not a clinical finding. It is an assertion. It tells no one what was taught, how understanding was verified, what the patient demonstrated back, or what still needs reinforcement. Option D delays correction into a different visit with a different clinical context, leaving the existing gap open and the care team acting on incomplete information in the meantime. Option A is correct because it does three things: it preserves record integrity by creating a transparent late-entry with a timestamp, it adds objective clinical detail that actually means something to the next clinician reading the chart, and it escalates the pattern to a supervisor and QA so the workflow gap can be corrected at the system level. Defensible documentation is not about length. It is about specificity, objectivity, completeness, and correct sequence.","COMPLETE"
"M01-S29","M01","Act 2","S29","content","Mentor Lesson: Survey Defensibility","Conference alcove","Aldrin, over coffee in the alcove beside the chart room: Surveyors don't grade intentions. They don't care that you meant to do the right thing. They review evidence chains. Risk was recognized. Action was taken. Escalation was completed. Documentation shows what happened and when. If any link in that chain is missing, the rest doesn't matter. A well-intentioned clinician with incomplete documentation is indistinguishable from a careless one in a survey record. That's why documentation isn't bureaucracy. It's the proof that you did what you said you did.","52","Authoritative mentoring","Cut from challenge 4 debrief","Cut to near-miss escalation","A narrow alcove beside the chart room — a corridor dead-end that has been informally claimed as a break spot. Two institutional chairs pushed against the wall with a small round table between them — the kind found in waiting areas, laminate top, metal legs. Two paper coffee cups on the table. The chart room doorway is visible directly behind Aldrin — through the open door, shelves of binders and manila folders are visible, labeled tabs in multiple colors. A wall sconce on the right side provides warm incandescent light — the only light source in the alcove besides the spill from the chart room's fluorescent. The alcove is quiet, slightly removed from the main floor noise. Aldrin sits in the left chair, body turned slightly toward Tess — not lecturing posture, more like someone telling her something true that she needs to hear. His coffee cup is held with both hands, resting on his knee. He is leaning forward fractionally. His expression is calm, direct, not dramatizing. Tess sits in the right chair, facing him. Her left hand is around her coffee cup on the table. Her right hand holds a pen loosely over an open notebook on her knee — but she has not been writing. She has been listening. The notebook page is partially filled from earlier in the day but the pen has not touched it during this conversation yet. Both are in end-of-day posture — unhurried, not rushing to leave. Aldrin's badge lanyard hangs forward as he leans in. Tess's bracelet is visible on the hand holding the coffee cup.","Photorealistic documentary medium two-shot, narrow alcove beside chart room, Filipino-American male mentor early 40s in polo shirt seated in institutional chair turned toward Filipina nurse with both hands holding coffee cup on knee and forward lean — calm direct not lecturing posture, Filipina nurse early 30s in adjacent chair with left hand on coffee cup on table and pen held loosely over open notebook on knee but not writing — listening posture, chart room doorway behind mentor with shelves of labeled binders visible through opening, warm incandescent wall sconce light in alcove, two paper coffee cups on small round laminate table, mentor's badge lanyard hanging forward, woven bracelet on nurse's coffee-holding hand, quiet end-of-day alcove atmosphere, 35mm lens, documentary realism.","Aldrin holds his coffee cup with both hands on his knee, leans slightly forward, and speaks — measured pace, calm tone, three sentences. Tess listens without writing. Aldrin pauses, looks at his coffee cup for a moment, takes a sip, sets the cup back on the table. He looks back at Tess and says one more sentence — the final point. Tess's pen moves to her notebook page and she writes a single short phrase. She looks up at Aldrin. He nods once, picks up his cup again.","15","2","Aldrin: Filipino-American, early 40s, polo shirt, badge on lanyard hanging forward during lean. Tess: navy scrubs, woven bracelet visible on coffee-holding left hand, pen in right hand over notebook. Alcove setting — warm incandescent sconce only, chart room fluorescent spill. Two paper coffee cups on table. End-of-day, quiet, unhurried.","anime, cartoon, CGI, plastic skin, distorted hands, extra fingers, watermark, oversaturated HDR, fantasy lighting, stock-photo smile","Medium two-shot","Documentation expectations; Accountability","Documentation Policy; QAPI Logging Standard","LO3","Debrief — Challenge 4","Defensible record construction and survey readiness","C4","D4","Mentorship narrative","High","QA review then supervisor close-loop","Structured compliant note fields completed per visit","Improves continuity and reduces adverse events","High","Mapped","","","","","","","","","","","COMPLETE"
"M01-S30","M01","Act 2","S30","content","Near-Miss Escalation","Mr. Henderson kitchen table","Mr. Henderson's kitchen table. Tess is running through the medication teach-back. He nearly double-doses. He's been taking his medication twice in the morning because two different visit notes documented conflicting timing instructions — one from a prior clinician, one from a nurse practitioner's phone order that was transcribed differently. He has been following both, dutifully. Tess catches it during the teach-back. She pauses. Looks at the two instructions side by side. This isn't a teaching moment. This is a near-miss. She corrects the schedule at the bedside, calls her supervisor from the patient's kitchen, and documents the near-miss, the corrected instruction, the teach-back result, and the escalation — before she leaves the home.","70","High-stakes focused","Cut from mentor lesson","Cut to challenge 5 question","Mr. Henderson's kitchen — a modest suburban kitchen with a round wooden table, four chairs, a window over the sink showing morning light. Mr. Henderson sits across from Tess at the table — same elderly Caucasian man from S18, but now more alert, more upright in posture than in the earlier hospital bed scene, wearing a plaid flannel shirt and grey slacks, seated in a wooden chair. He is not in a hospital bed — this is a resumed home visit. A plastic pill organizer sits on the table between them — seven-day, two-compartments-per-day style, the Monday morning and Monday noon sections both open and showing pills. A prescription bottle and a glass of water also on the table. Tess has her tablet on the table in front of her showing two visit notes side by side — both visible on screen, the timing entries highlighted in yellow: one reads ""8 AM"" and the other reads ""8 AM and 12 PM"" — the conflict is visible on the screen. Her expression: controlled recognition — the moment of catching something. Not alarmed. Operational. Her jaw is slightly set. Mr. Henderson is watching her face, reading her expression — he is puzzled, attentive, slightly worried. He is holding a small white oval pill between his thumb and index finger, raised — he was about to take it. Tess has placed her right hand gently on top of the pill organizer — a subtle ""wait"" gesture, palm down, fingers flat. Her phone is on the table beside the pill organizer — she has already placed it there in preparation to call. The kitchen window light is morning warm. A dish rack on the counter. A magnetic notepad on the refrigerator. Tess's nursing bag is on the floor beside her chair.","Photorealistic documentary medium two-shot, Mr. Henderson's modest suburban kitchen table morning, elderly Caucasian man late 70s in plaid flannel shirt sitting upright across from nurse holding small white pill between thumb and forefinger raised — about to take it, Filipina nurse early 30s with tablet on table showing two visit notes side by side with conflicting time entries highlighted yellow, right hand placed flat and gently on pill organizer in subtle wait gesture, controlled recognition expression — catching something, patient looking puzzled and attentive, phone placed on table beside pill organizer, prescription bottle and water glass on table, seven-day two-compartment pill organizer open, morning kitchen window light, nursing bag on floor beside chair, woven bracelet visible on phone-side left wrist, 35mm lens, documentary realism, near-miss discovery moment.","Tess points to the pill organizer morning slots and asks Mr. Henderson to describe how he takes his medication. He begins explaining — pointing first to the morning slot, then to a second slot. Tess looks down at her tablet, scrolls between two visit notes, pauses. She looks up at him. He is still holding the pill raised. Tess places her right hand flat on the pill organizer — a calm, quiet ""wait."" Mr. Henderson lowers the pill. Tess picks up her phone from the table and dials. She speaks to her supervisor while looking at the pill organizer and the tablet screen simultaneously.","15","2","Tess, Filipina, early 30s, navy scrubs, woven bracelet on left wrist visible near phone, tablet in front of her showing conflicting notes. Mr. Henderson: elderly Caucasian male, late 70s, plaid flannel shirt — CONTINUITY: more upright and alert than S18, kitchen table not hospital bed, same patient. Pill organizer as critical prop with pill mid-air in patient's hand. Morning kitchen light.","anime, cartoon, CGI, plastic skin, distorted hands, extra fingers, watermark, oversaturated HDR, fantasy lighting, stock-photo smile","Medium close two-shot","Communication failures; Patient safety","Medication Education Workflow; Near-Miss Reporting SOP","LO3|LO5","Clinical Safety","Teach-back correction of conflicting medication instructions","C5 setup","D5","Clinical near-miss","High","Notify supervisor and prescribing clinician","Document near-miss, corrected instruction, and revised teaching plan","Prevents adverse drug event from documentation continuity gap","High","Mapped","","","","","","","","","","","COMPLETE"
"M01-S31-Q","M01","Act 2","S31-Q","challenge","Challenge 5: Teach-Back Under Risk — Question","Patient home — kitchen near-miss response","Help Tess respond correctly right now, at Mr. Henderson's kitchen table. He has been double-dosing his medication for five days. Two conflicting instructions from two different visit notes. He has not yet taken today's dose. The window to act correctly is open.

Challenge_Question: Mr. Henderson has been double-dosing due to conflicting instructions in two prior visit notes. He hasn't taken today's dose yet. What is the most defensible immediate response?

Option_A: Correct his understanding at the bedside immediately, update the medication schedule in the chart, call the supervising clinician during this same visit, document the near-miss event, the corrected education, the teach-back result, and the revised care plan — all before leaving the home.

Option_B: Correct his understanding now and explain the right schedule verbally, then document the correction at the end of the day after all visits are complete to ensure you have time to document thoroughly.

Option_C: Ask the patient's family member to monitor his medication intake closely and call the agency if any confusion continues, then notify the supervising clinician at your next scheduled check-in.

Option_D: Wait to adjust the medication instructions until the next scheduled physician order update, so you are not providing instructions that contradict a prior documented order without physician authorization.

Correct_Answer: A

Operational_Rationale: Option A is the only answer that closes every risk loop at the point of care. Near-miss events require same-visit documentation because the chart must be corrected before any other clinician accesses it. The chart does not protect the next clinician from the error until the correction exists in it. Every hour the chart remains uncorrected is an hour during which another clinician accessing the record — a supervisor reviewing remotely, a covering nurse dispatched for an after-hours call, a family member reading a portal — sees the same two conflicting instructions and has no way to know the error was identified and corrected. That is a documented harm pathway.

Option B introduces a specific, measurable gap: if Tess documents at end of day after completing her remaining visits, a clinician assigned to Mr. Henderson for a 7 AM check the following morning will open the chart, find both conflicting instructions still visible, and make a dosing decision based on information Tess knew was wrong but had not yet corrected in the record. It is no longer a near-miss. It is a medication error with a downstream harm event attached to a chart Tess had in her hands the day before.

Option C transfers a clinical safety function to a family member. Monitoring medication intake for accuracy in a double-dosing scenario requires clinical judgment to identify whether a dose has been taken, whether the timing is correct, and whether the instructions as understood by the patient match the corrected order. Asking a family member to ""watch and call if confused"" does not meet that standard. The family member may not recognize that the patient has returned to the incorrect schedule after a day of correct dosing. By the time they call, harm has occurred.

Option D inverts clinical urgency and administrative sequence. A patient who is actively at risk of a pharmacological error today — because of conflicting instructions currently in the chart — cannot safely wait for a physician order update scheduled for a future date. The bedside correction Tess makes is a clinical education correction, not a change in the underlying prescription. She is correcting what the patient understands, escalating to her supervising clinician, and ensuring the chart reflects the accurate instruction. None of those steps require a new physician order. Waiting for one while the patient continues double-dosing is not procedural caution — it is inaction during an active safety event.

Full_Debrief: Two people are responsible for what happens in the next twenty-four hours: Tess, and the next clinician who opens this chart. If Tess chooses Option B and documents at end of day, the next clinician who visits Mr. Henderson at 7 AM the following morning will open the chart, see two conflicting instructions — both still there — and make a dosing decision based on stale incorrect information. It is no longer a near-miss. It is a documented medication error with a harm outcome that traces directly to the gap between when the error was identified and when the chart was corrected.

Near-miss documentation is not a punitive function. It is a safety function that protects the next person who touches this patient. It closes the information loop so that every clinician who opens the chart after Tess has the corrected picture. Every link in the chain depends on the previous link being closed.

The near-miss note must contain: the specific conflicting instructions identified by visit date and source, the corrected dosing schedule, what Mr. Henderson demonstrated in teach-back after correction, the supervisor's name and the exact time of the escalation call, and the revised care plan with documented next steps. Without all of those elements, the note does not meet the standard for near-miss documentation under ACHC accreditation requirements.

Surveyors reviewing this record will look for four things: whether the near-miss was identified, whether it was escalated during the same visit, whether the patient was corrected and comprehension verified through teach-back, and whether the corrected plan was transmitted to the next clinician in the chart before the visiting clinician departed. A well-intentioned verbal correction with a note entered the following morning fails all four criteria. The survey finding is not that Tess was careless. It is that the safety loop was left open overnight.","58","Urgent practical","Cut from near-miss scene","Cut to challenge 5 debrief","Mr. Henderson's kitchen table — the moment of decision, continuous from S30. The same kitchen: round wooden table, morning light through the window, prescription bottle and water glass. Mr. Henderson sits across from Tess, now with the small white pill placed back on the table in front of him — he has set it down. He is watching Tess's face with attentive concern. His hands are in his lap. The pill organizer sits between them, both morning compartments open. Tess has her tablet in front of her, two visit notes still visible side by side on screen with conflicting time entries. Her phone is now in her right hand, raised slightly — she is in the act of dialing. Her left hand rests on the edge of the tablet. Her expression: composed, focused. Not alarmed. Operational. She is looking at Mr. Henderson while dialing — maintaining contact with the patient while initiating the escalation call. The bracelet is on her left wrist near the tablet edge. Her nursing bag is on the floor beside her chair.","Photorealistic documentary medium shot, Mr. Henderson's kitchen table decision moment, elderly Caucasian man late 70s in plaid flannel shirt with small pill set back on table in front of him and hands in lap watching nurse with attentive concern, Filipina nurse early 30s with tablet on table showing two conflicting visit notes side by side and phone in right hand raised and dialing while looking at patient to maintain contact, left hand on tablet edge with woven bracelet visible, pill organizer between them with both morning compartments open, composed focused operational expression on nurse, prescription bottle and water glass, morning kitchen window light, nursing bag on floor beside chair, 35mm lens, documentary realism, near-miss escalation moment.","Mr. Henderson looks at the pill on the table in front of him, then back at Tess. Tess holds up the tablet showing him the two conflicting entries and speaks one sentence of explanation — calm, brief. He nods. She sets the tablet down, picks up her phone, and dials. She puts the phone to her ear while keeping her eyes on him. She speaks to her supervisor — two sentences — while her left hand picks up the tablet again to reference the conflicting entries during the call.","15","2","Tess, Filipina, early 30s, navy scrubs, woven bracelet on left wrist near tablet edge, phone in right hand dialing, composed focused expression. Mr. Henderson: same elderly Caucasian male, plaid flannel, pill set back on table, watching attentively. Pill organizer as critical prop. Same kitchen — morning light continuity from S30.","anime, cartoon, CGI, plastic skin, distorted hands, extra fingers, watermark, oversaturated HDR, fantasy lighting, stock-photo smile","Medium close — nurse and patient at table","Patient-centered care; Communication failures; Patient safety","Medication Teaching SOP; Near-Miss Reporting; Escalation SOP","LO3|LO5","Assessment — Challenge 5","Safe teaching correction sequence under near-miss condition","C5","D5","Branch challenge","High","Supervisor and prescribing clinician same visit","Document near-miss, corrected instruction, teach-back outcome, and revised plan","Reduces medication-related harm from documentation continuity gap","High","Mapped","Mr. Henderson has been double-dosing due to conflicting instructions in two prior visit notes. He hasn't taken today's dose yet. What is the most defensible immediate response?","Correct his understanding at the bedside immediately, update the medication schedule in the chart, call the supervising clinician during this same visit, document the near-miss event, the corrected education, the teach-back result, and the revised care plan — all before leaving the home.","Correct his understanding now and explain the right schedule verbally, then document the correction at the end of the day after all visits are complete to ensure you have time to document thoroughly.","Ask the patient's family member to monitor his medication intake closely and call the agency if any confusion continues, then notify the supervising clinician at your next scheduled check-in.","Wait to adjust the medication instructions until the next scheduled physician order update, so you are not providing instructions that contradict a prior documented order without physician authorization.","0","A","","Option A is the only answer that closes every risk loop at the point of care. Near-miss events require same-visit documentation because the chart must be corrected before any other clinician accesses it. The chart does not protect the next clinician from the error until the correction exists in it. Every hour the chart remains uncorrected is an hour during which another clinician accessing the record — a supervisor reviewing remotely, a covering nurse dispatched for an after-hours call, a family member reading a portal — sees the same two conflicting instructions and has no way to know the error was identified and corrected. That is a documented harm pathway.

Option B introduces a specific, measurable gap: if Tess documents at end of day after completing her remaining visits, a clinician assigned to Mr. Henderson for a 7 AM check the following morning will open the chart, find both conflicting instructions still visible, and make a dosing decision based on information Tess knew was wrong but had not yet corrected in the record. It is no longer a near-miss. It is a medication error with a downstream harm event attached to a chart Tess had in her hands the day before.

Option C transfers a clinical safety function to a family member. Monitoring medication intake for accuracy in a double-dosing scenario requires clinical judgment to identify whether a dose has been taken, whether the timing is correct, and whether the instructions as understood by the patient match the corrected order. Asking a family member to ""watch and call if confused"" does not meet that standard. The family member may not recognize that the patient has returned to the incorrect schedule after a day of correct dosing. By the time they call, harm has occurred.

Option D inverts clinical urgency and administrative sequence. A patient who is actively at risk of a pharmacological error today — because of conflicting instructions currently in the chart — cannot safely wait for a physician order update scheduled for a future date. The bedside correction Tess makes is a clinical education correction, not a change in the underlying prescription. She is correcting what the patient understands, escalating to her supervising clinician, and ensuring the chart reflects the accurate instruction. None of those steps require a new physician order. Waiting for one while the patient continues double-dosing is not procedural caution — it is inaction during an active safety event.","Two people are responsible for what happens in the next twenty-four hours: Tess, and the next clinician who opens this chart. If Tess chooses Option B and documents at end of day, the next clinician who visits Mr. Henderson at 7 AM the following morning will open the chart, see two conflicting instructions — both still there — and make a dosing decision based on stale incorrect information. It is no longer a near-miss. It is a documented medication error with a harm outcome that traces directly to the gap between when the error was identified and when the chart was corrected.

Near-miss documentation is not a punitive function. It is a safety function that protects the next person who touches this patient. It closes the information loop so that every clinician who opens the chart after Tess has the corrected picture. Every link in the chain depends on the previous link being closed.

The near-miss note must contain: the specific conflicting instructions identified by visit date and source, the corrected dosing schedule, what Mr. Henderson demonstrated in teach-back after correction, the supervisor's name and the exact time of the escalation call, and the revised care plan with documented next steps. Without all of those elements, the note does not meet the standard for near-miss documentation under ACHC accreditation requirements.

Surveyors reviewing this record will look for four things: whether the near-miss was identified, whether it was escalated during the same visit, whether the patient was corrected and comprehension verified through teach-back, and whether the corrected plan was transmitted to the next clinician in the chart before the visiting clinician departed. A well-intentioned verbal correction with a note entered the following morning fails all four criteria. The survey finding is not that Tess was careless. It is that the safety loop was left open overnight.

Detailed_Image_Description: Mr. Henderson's kitchen table — the moment of decision, continuous from S30. The same kitchen: round wooden table, morning light through the window, prescription bottle and water glass. Mr. Henderson sits across from Tess, now with the small white pill placed back on the table in front of him — he has set it down. He is watching Tess's face with attentive concern. His hands are in his lap. The pill organizer sits between them, both morning compartments open. Tess has her tablet in front of her, two visit notes still visible side by side on screen with conflicting time entries. Her phone is now in her right hand, raised slightly — she is in the act of dialing. Her left hand rests on the edge of the tablet. Her expression: composed, focused. Not alarmed. Operational. She is looking at Mr. Henderson while dialing — maintaining contact with the patient while initiating the escalation call. The bracelet is on her left wrist near the tablet edge. Her nursing bag is on the floor beside her chair.

FLUX1Dev_Image_Prompt: Photorealistic documentary medium shot, Mr. Henderson's kitchen table decision moment, elderly Caucasian man late 70s in plaid flannel shirt with small pill set back on table in front of him and hands in lap watching nurse with attentive concern, Filipina nurse early 30s with tablet on table showing two conflicting visit notes side by side and phone in right hand raised and dialing while looking at patient to maintain contact, left hand on tablet edge with woven bracelet visible, pill organizer between them with both morning compartments open, composed focused operational expression on nurse, prescription bottle and water glass, morning kitchen window light, nursing bag on floor beside chair, 35mm lens, documentary realism, near-miss escalation moment.

LTX23Dev_Video_Generation_Prompt: Mr. Henderson looks at the pill on the table in front of him, then back at Tess. Tess holds up the tablet showing him the two conflicting entries and speaks one sentence of explanation — calm, brief. He nods. She sets the tablet down, picks up her phone, and dials. She puts the phone to her ear while keeping her eyes on him. She speaks to her supervisor — two sentences — while her left hand picks up the tablet again to reference the conflicting entries during the call.

Estimated_Card_Duration: 15 seconds LTX_Generation_Count: 2

PuLID_Character_Guidance: Tess, Filipina, early 30s, navy scrubs, woven bracelet on left wrist near tablet edge, phone in right hand dialing, composed focused expression. Mr. Henderson: same elderly Caucasian male, plaid flannel, pill set back on table, watching attentively. Pill organizer as critical prop. Same kitchen — morning light continuity from S30.","COMPLETE"
"M01-S31-D","M01","Act 2","S31-D","debrief","Challenge 5 Debrief: Near-Miss Requires Same-Visit Response","Debrief card","Operational Case Review
1) Correct decision: Option A is correct because it preserves patient safety and workflow integrity under pressure.
2) Why correct: Correct the patient's understanding at the bedside, update the medication schedule, call the supervising clinician during this visit, and document the near-miss, corrected education, and revised care plan.
3) Incorrect option analysis:
- Option B risk: Correct the patient's understanding now and document the correction at the end of the day after all visits are complete.. Looks reasonable under pressure, but creates a preventable documentation and escalation gap.
- Option C risk: Ask the patient's family to monitor his medication closely and call the agency if any confusion continues.. Looks reasonable under pressure, but creates a preventable documentation and escalation gap.
- Option D risk: Wait to adjust the medication instructions until the next scheduled physician order update to avoid contradicting a prior documented order.. Looks reasonable under pressure, but creates a preventable documentation and escalation gap.
4) Patient safety implications: uncontrolled communication barriers or delayed escalation can compound into harm.
5) Workflow implications: sequence matters; right actions in the wrong order still produce risk.
6) Documentation implications: chart objective findings, what was verified, what was escalated, and who received handoff.
7) Escalation implications: trigger supervisor pathway when unresolved clinical, communication, or conduct risk remains.
8) Survey implications: ACHC/CMS reviewers focus on evidence chain, not intent.
9) Operational consequences: unresolved gaps can lead to adverse events, corrective action, and loss of trust.
10) Disciplinary/legal/defensibility: omissions and unsupported charting increase disciplinary risk and weaken legal defense.

The correct answer is A. Option B — correct now, document later — is one of the most common documentation errors in home health. End-of-day documentation of a same-visit near-miss is memory-dependent, continuity-fragmented, and legally weaker than a same-visit record. If another clinician visits this patient tonight or tomorrow morning before your documentation is complete, they will act on the old conflicting instructions. Option C transfers clinical responsibility to a family member. Monitoring medication intake is not a family surveillance task — it is a clinical safety function that requires a clinician's judgment, not a worried family member's observation. Option D waits for a physician order update before correcting a patient who is actively at risk of dosing error. That is a delay with a direct harm pathway. Option A is correct because it acts in the correct sequence: correct the patient at the point of care, escalate to the supervising clinician during the same visit so the order can be clarified, and document the near-miss with the correction, the teach-back result, and the updated care plan before you leave the home. Near-miss documentation is not punishment. It is a safety tool that closes the risk loop and protects the next clinician who opens this chart.","95","Operational case-review coaching","Answer reveal","Cut to grievance trigger","Mr. Henderson's kitchen table — the moment of decision, continuous from S30. The same kitchen: round wooden table, morning light through the window, prescription bottle and water glass. Mr. Henderson sits across from Tess, now with the small white pill placed back on the table in front of him — he has set it down. He is watching Tess's face with attentive concern. His hands are in his lap. The pill organizer sits between them, both morning compartments open. Tess has her tablet in front of her, two visit notes still visible side by side on screen with conflicting time entries. Her phone is now in her right hand, raised slightly — she is in the act of dialing. Her left hand rests on the edge of the tablet. Her expression: composed, focused. Not alarmed. Operational. She is looking at Mr. Henderson while dialing — maintaining contact with the patient while initiating the escalation call. The bracelet is on her left wrist near the tablet edge. Her nursing bag is on the floor beside her chair.","Photorealistic documentary medium shot, Mr. Henderson's kitchen table decision moment, elderly Caucasian man late 70s in plaid flannel shirt with small pill set back on table in front of him and hands in lap watching nurse with attentive concern, Filipina nurse early 30s with tablet on table showing two conflicting visit notes side by side and phone in right hand raised and dialing while looking at patient to maintain contact, left hand on tablet edge with woven bracelet visible, pill organizer between them with both morning compartments open, composed focused operational expression on nurse, prescription bottle and water glass, morning kitchen window light, nursing bag on floor beside chair, 35mm lens, documentary realism, near-miss escalation moment.","Mr. Henderson looks at the pill on the table in front of him, then back at Tess. Tess holds up the tablet showing him the two conflicting entries and speaks one sentence of explanation — calm, brief. He nods. She sets the tablet down, picks up her phone, and dials. She puts the phone to her ear while keeping her eyes on him. She speaks to her supervisor — two sentences — while her left hand picks up the tablet again to reference the conflicting entries during the call.","15","2","Tess, Filipina, early 30s, navy scrubs, woven bracelet on left wrist near tablet edge, phone in right hand dialing, composed focused expression. Mr. Henderson: same elderly Caucasian male, plaid flannel, pill set back on table, watching attentively. Pill organizer as critical prop. Same kitchen — morning light continuity from S30.","anime, cartoon, CGI, plastic skin, distorted hands, extra fingers, watermark, oversaturated HDR, fantasy lighting, stock-photo smile","Over-shoulder medium close","Patient safety; Communication failures; Documentation","Medication Teaching SOP; Near-Miss Reporting; Documentation SOP","LO3|LO5","Debrief — Challenge 5","Same-visit correction, escalation, and near-miss documentation","C5","D5","Challenge debrief","High","Supervisor + prescribing clinician same visit","Near-miss note: corrected instruction, teach-back result, revised care plan, escalation confirmation","Prevents adverse drug event and protects next clinician's continuity","High","Mapped","","","","","","","","Operational Case Review
1) Correct decision: Option A is correct because it preserves patient safety and workflow integrity under pressure.
2) Why correct: Correct the patient's understanding at the bedside, update the medication schedule, call the supervising clinician during this visit, and document the near-miss, corrected education, and revised care plan.
3) Incorrect option analysis:
- Option B risk: Correct the patient's understanding now and document the correction at the end of the day after all visits are complete.. Looks reasonable under pressure, but creates a preventable documentation and escalation gap.
- Option C risk: Ask the patient's family to monitor his medication closely and call the agency if any confusion continues.. Looks reasonable under pressure, but creates a preventable documentation and escalation gap.
- Option D risk: Wait to adjust the medication instructions until the next scheduled physician order update to avoid contradicting a prior documented order.. Looks reasonable under pressure, but creates a preventable documentation and escalation gap.
4) Patient safety implications: uncontrolled communication barriers or delayed escalation can compound into harm.
5) Workflow implications: sequence matters; right actions in the wrong order still produce risk.
6) Documentation implications: chart objective findings, what was verified, what was escalated, and who received handoff.
7) Escalation implications: trigger supervisor pathway when unresolved clinical, communication, or conduct risk remains.
8) Survey implications: ACHC/CMS reviewers focus on evidence chain, not intent.
9) Operational consequences: unresolved gaps can lead to adverse events, corrective action, and loss of trust.
10) Disciplinary/legal/defensibility: omissions and unsupported charting increase disciplinary risk and weaken legal defense.

The correct answer is A. Option B — correct now, document later — is one of the most common documentation errors in home health. End-of-day documentation of a same-visit near-miss is memory-dependent, continuity-fragmented, and legally weaker than a same-visit record. If another clinician visits this patient tonight or tomorrow morning before your documentation is complete, they will act on the old conflicting instructions. Option C transfers clinical responsibility to a family member. Monitoring medication intake is not a family surveillance task — it is a clinical safety function that requires a clinician's judgment, not a worried family member's observation. Option D waits for a physician order update before correcting a patient who is actively at risk of dosing error. That is a delay with a direct harm pathway. Option A is correct because it acts in the correct sequence: correct the patient at the point of care, escalate to the supervising clinician during the same visit so the order can be clarified, and document the near-miss with the correction, the teach-back result, and the updated care plan before you leave the home. Near-miss documentation is not punishment. It is a safety tool that closes the risk loop and protects the next clinician who opens this chart.","","Two people are responsible for what happens in the next twenty-four hours: Tess, and the next clinician who opens this chart. If Tess chooses Option B and documents at end of day, the next clinician who visits Mr. Henderson at 7 AM the following morning will open the chart, see two conflicting instructions — both still there — and make a dosing decision based on stale incorrect information. It is no longer a near-miss. It is a documented medication error with a harm outcome that traces directly to the gap between when the error was identified and when the chart was corrected.

Near-miss documentation is not a punitive function. It is a safety function that protects the next person who touches this patient. It closes the information loop so that every clinician who opens the chart after Tess has the corrected picture. Every link in the chain depends on the previous link being closed.

The near-miss note must contain: the specific conflicting instructions identified by visit date and source, the corrected dosing schedule, what Mr. Henderson demonstrated in teach-back after correction, the supervisor's name and the exact time of the escalation call, and the revised care plan with documented next steps. Without all of those elements, the note does not meet the standard for near-miss documentation under ACHC accreditation requirements.

Surveyors reviewing this record will look for four things: whether the near-miss was identified, whether it was escalated during the same visit, whether the patient was corrected and comprehension verified through teach-back, and whether the corrected plan was transmitted to the next clinician in the chart before the visiting clinician departed. A well-intentioned verbal correction with a note entered the following morning fails all four criteria. The survey finding is not that Tess was careless. It is that the safety loop was left open overnight.

Detailed_Image_Description: Mr. Henderson's kitchen table — the moment of decision, continuous from S30. The same kitchen: round wooden table, morning light through the window, prescription bottle and water glass. Mr. Henderson sits across from Tess, now with the small white pill placed back on the table in front of him — he has set it down. He is watching Tess's face with attentive concern. His hands are in his lap. The pill organizer sits between them, both morning compartments open. Tess has her tablet in front of her, two visit notes still visible side by side on screen with conflicting time entries. Her phone is now in her right hand, raised slightly — she is in the act of dialing. Her left hand rests on the edge of the tablet. Her expression: composed, focused. Not alarmed. Operational. She is looking at Mr. Henderson while dialing — maintaining contact with the patient while initiating the escalation call. The bracelet is on her left wrist near the tablet edge. Her nursing bag is on the floor beside her chair.

FLUX1Dev_Image_Prompt: Photorealistic documentary medium shot, Mr. Henderson's kitchen table decision moment, elderly Caucasian man late 70s in plaid flannel shirt with small pill set back on table in front of him and hands in lap watching nurse with attentive concern, Filipina nurse early 30s with tablet on table showing two conflicting visit notes side by side and phone in right hand raised and dialing while looking at patient to maintain contact, left hand on tablet edge with woven bracelet visible, pill organizer between them with both morning compartments open, composed focused operational expression on nurse, prescription bottle and water glass, morning kitchen window light, nursing bag on floor beside chair, 35mm lens, documentary realism, near-miss escalation moment.

LTX23Dev_Video_Generation_Prompt: Mr. Henderson looks at the pill on the table in front of him, then back at Tess. Tess holds up the tablet showing him the two conflicting entries and speaks one sentence of explanation — calm, brief. He nods. She sets the tablet down, picks up her phone, and dials. She puts the phone to her ear while keeping her eyes on him. She speaks to her supervisor — two sentences — while her left hand picks up the tablet again to reference the conflicting entries during the call.

Estimated_Card_Duration: 15 seconds LTX_Generation_Count: 2

PuLID_Character_Guidance: Tess, Filipina, early 30s, navy scrubs, woven bracelet on left wrist near tablet edge, phone in right hand dialing, composed focused expression. Mr. Henderson: same elderly Caucasian male, plaid flannel, pill set back on table, watching attentively. Pill organizer as critical prop. Same kitchen — morning light continuity from S30.","COMPLETE"
"M01-S32","M01","Act 2","S32","content","Formal Grievance Trigger","Agency — phone intake workstation","The Henderson family has filed a formal grievance. They cite communication confusion from an earlier visit and report that a family member was treated dismissively by a prior clinician — not Tess, but a clinician who came the week before. The complaint has moved from sentiment to an operational document. It now has intake fields, a routing number, and a review timeline. Grievances are not failures. They are signals. The formal process exists precisely because informal complaints disappear. When a grievance is filed, there is now a documented record that must be investigated, responded to, and closed with evidence.","52","Calm corrective","Cut from challenge 5 debrief","Cut to leadership review","Agency supervisor's office — a different session from S26. The supervisor sits at her desk alone, on the phone. Her posture is upright, professional — this is a working call, not casual. On her computer screen: a grievance intake form — visible fields include ""Complaint Category,"" ""Date of Incident,"" ""Clinician(s) Involved,"" ""Family/Patient Representative,"" ""Routing Number."" A routing number is visible on screen — a format like GR-2024-047. On the desk beside the keyboard: a printed confirmation slip with the same routing number visible at the top, printed on agency letterhead. The supervisor's notepad beside the phone shows handwritten notes — dates, initials, a time notation. Her reading glasses are on this time, on her face as she reads from the screen while speaking. Her expression: measured, procedural — this is workflow management, not crisis response. The door to the office is open — through the open doorway and across a short stretch of hallway, Tess is partially visible, seated at a workstation near a window in the adjacent workspace. Tess is writing in her chart, looking at her tablet. She is not on the phone. She is not part of this call. She is unaware she is visible from this angle. The afternoon light is natural and warm through the supervisor's window — later afternoon than S26. The office layout is the same small organized room: HR binders, plant on windowsill (same thriving plant), desk lamp on.","Photorealistic documentary medium shot, agency supervisor's small organized office, supervisor female mid-50s at desk on phone with reading glasses on, grievance intake form on computer screen showing visible fields including routing number GR-2024-047, printed confirmation slip with routing number on letterhead on desk beside keyboard, handwritten notepad with dates and initials, measured procedural expression — workflow not crisis, through open office doorway Filipina nurse early 30s visible at workstation near window writing in chart unaware she is in frame, same thriving plant on windowsill as S26, desk lamp on, afternoon warm natural light through window, 35mm lens, documentary realism, authentic grievance intake administrative moment.","The supervisor speaks on the phone while reading from the grievance intake form on screen. She writes the routing number on her notepad. She nods once during the call, writes a date beside the routing number. She reads something aloud from the screen — a short phrase. She writes again. Through the open door behind her: Tess at the workstation writes in her chart, taps her tablet screen, writes again. Tess does not look toward the office. The supervisor finishes writing, sets down the pen, and continues the call.","12","2","Supervisor: female, mid-50s, reading glasses on face this scene, professional blouse — same from S26. Tess: navy scrubs, bracelet, visible through doorway in background — NOT part of this call, writing independently. Agency office — afternoon natural light. Grievance intake form with routing number as key visual.","anime, cartoon, CGI, plastic skin, distorted hands, extra fingers, watermark, oversaturated HDR, fantasy lighting, stock-photo smile","Medium office shot","Communication failures; Patient-centered care","Grievance Intake Policy; Patient Rights Policy","LO4","Compliance","Formal complaint routing and intake","N/A","N/A","Operational escalation","High","Supervisor → Administrator → Compliance","Grievance intake record — complete all required fields","Supports quality improvement and accountability loop","High","Mapped","","","","","","","","","","","COMPLETE"
"M01-S33","M01","Act 2","S33","content","Leadership Process: Fair and Documented","Conference room — timeline review","The supervisor, HR, and compliance review the chronology together. They go through patient records, visit notes, witness accounts, and the incident report Tess filed. The process is firm. It is fair. Accountability is anchored to documented behavior and patient impact — not to who is more likable, who filed first, or who was louder. The rushed coworker's pattern of unsafe shortcuts is visible in the records. The investigation is not a witch hunt. It is a documented process designed to produce a correctable finding.","60","Tense procedural","Cut from grievance","Cut to corrective action outcome","Agency conference room — formal review session, different from the orientation room in S14. A longer rectangular table with six chairs — three occupied, three empty. The three reviewers sit on the same side of the table, facing slightly inward toward a spread of documents between them. Left: the supervisor — same woman from S26 and S32, reading glasses on, one hand pointing to a printed visit note. Center: HR representative — female, early 40s, dark blazer over a white blouse, hair pulled back, professional and efficient, writing on a legal notepad with a ballpoint pen. Right: compliance officer — male, mid-50s, reading glasses, grey button-down shirt, sitting with a laptop open, cross-referencing something on screen against a printed document in his other hand. The table surface has a spread of printed documents: multiple visit notes in a stack, the incident report Tess filed (visible header ""Incident Report"" at top), a printed patient care timeline showing dates and visit entries, and a manila folder open to show a contents list. The HR representative is currently writing. The supervisor has one finger on a specific date entry in the visit note she's holding. The compliance officer has his laptop screen visible — a patient chart is open. Behind the three reviewers: a whiteboard showing an investigation timeline written in blue dry-erase marker — boxes and arrows with dates. The room has overhead fluorescent lighting. The door is closed. No windows visible — interior conference room. The atmosphere is working, disciplined, unhurried. No raised voices implied. Just process.","Photorealistic documentary medium wide shot, agency conference room formal review session, three professionals seated on same side of rectangular table: supervisor female mid-50s with reading glasses pointing to date entry on printed visit note, HR representative female early 40s in dark blazer writing on legal notepad, compliance officer male mid-50s with reading glasses cross-referencing laptop screen against printed document, table surface spread with multiple visit notes and incident report with visible header and patient care timeline and open manila folder, whiteboard behind three showing investigation timeline in blue dry-erase with dates and arrows, closed door, overhead fluorescent lighting, disciplined working atmosphere not punitive or heated, 35mm lens, documentary realism, authentic compliance review.","The supervisor taps a printed visit note with her finger and speaks. The HR representative writes on her legal notepad. The compliance officer looks up from his laptop, asks a question — two words. The supervisor picks up a second printed document — the patient care timeline — and points to a date entry near the top. The HR representative reaches across and photographs the timeline with her phone camera. The compliance officer types something on his laptop, then writes on his legal pad. No one speaks for a moment — all three working simultaneously.","12","2","No Tess in this scene. Supervisor: same from S26/S32, reading glasses on. HR representative: female, early 40s, dark blazer, white blouse, hair back — NEW character, first appearance. Compliance officer: male, mid-50s, grey button-down, reading glasses, laptop — NEW character, first appearance. Conference room — fluorescent, formal, interior.","anime, cartoon, CGI, plastic skin, distorted hands, extra fingers, watermark, oversaturated HDR, fantasy lighting, stock-photo smile","Wide conference room shot","Escalation/reporting; Accountability","Corrective Action SOP; Investigation Protocol","LO4","Governance","Investigation and documentation review","N/A","N/A","Governance scene","Moderate","Administrator then HR","Investigation record, corrective action plan, witness statements","Improves team reliability and patient safety culture","Moderate","Mapped","","","","","","","","","","","COMPLETE"
"M01-S34","M01","Act 2","S34","content","Corrective Action and Coaching","HR follow-up meeting room","The rushed coworker receives a formal coaching session, increased supervision, and documentation requirements for a ninety-day period. After a second incident involving an interpreter shortcut the following month, he is removed from direct patient assignments pending review. The removal is not theatrical. It is a safety governance decision with a documented rationale. Accountability is protection — for patients from repeated unsafe behavior, for the agency from survey liability, and for the team from a member whose shortcuts make everyone's documentation and credibility weaker.","58","Serious fair","Cut from leadership review","Cut to Tess reflection","HR office — a small, separate room from the main conference room and supervisor's office. A standard desk with a phone on one corner, a computer monitor at an angle, and a fax machine or printer on a credenza behind. Two chairs on the visitor side of the desk. The HR representative from S33 sits behind the desk — same dark blazer, same professional appearance, pen in hand. Across from her on the visitor side sits the male coworker — same mid-30s clinician from S19, S20, and S24, but his posture is substantially different: no crossed arms, no casual lean. He is sitting forward slightly, elbows near his knees, reading a document on the desk in front of him. A Performance Improvement Plan — the header is visible at the top of the document in bold: ""PERFORMANCE IMPROVEMENT PLAN."" Below the header, typed sections are partially visible. At the bottom of the visible page: a signature line with ""Employee Signature"" and a date line beneath it. The coworker's expression: subdued, processing — reading the document. Not crying, not dramatic, just absorbing what is on the page. A pen sits on the desk between them — not yet picked up. The room has a narrow window showing afternoon light — a slice of warm outdoor light against the otherwise institutional interior. The door is closed. The HR representative has her hands folded on the desk, patient posture — waiting for him to finish reading. This is procedural accountability, not punishment theater.","Photorealistic documentary medium two-shot, small HR office, HR representative female early 40s in dark blazer seated behind desk with hands folded patient posture, male clinician mid-30s in scrubs seated forward in visitor chair reading Performance Improvement Plan document on desk — header bold and visible, signature line visible at bottom of page, pen on desk between them not yet picked up, subdued processing expression on coworker — absorbing not dramatic, narrow window with afternoon light on one side, closed door, printer on credenza behind HR rep, procedural accountability atmosphere not theatrical, 35mm lens, documentary realism, authentic corrective action meeting.","The HR representative places the Performance Improvement Plan on the desk surface and turns it to face the coworker. He leans forward and begins reading — his eyes tracking down the page. He reaches the bottom of the visible section, looks up at the HR representative, and says something. She responds — points to a specific section midway down the document. He looks back at the document, reads that section. He picks up the pen from the desk. He signs the signature line at the bottom. He sets the pen down. The HR representative reaches across and takes the document.","12","2","Male coworker: same mid-30s clinician from S19/S20/S24 — subdued, forward-leaning reading posture, no crossed arms, chastened energy. HR representative: female, early 40s, dark blazer — same from S33. HR office — separate from main spaces. No Tess appearance in this scene.","anime, cartoon, CGI, plastic skin, distorted hands, extra fingers, watermark, oversaturated HDR, fantasy lighting, stock-photo smile","Medium formal two-shot","Corrective action processes; Accountability","Disciplinary Action Policy; HR SOP","LO4","Governance","Disciplinary documentation and role change","N/A","N/A","Outcome scene","Moderate","HR then Administrator","Disciplinary file, corrective action plan, role change documentation","Protects patients from repeated unsafe behavior","Moderate","Mapped","","","","","","","","","","","COMPLETE"
"M01-S34-EC7","M01","Act 2","S34-EC7","educator-commentary","Educator Side Comment: Inclusion to Operations Bridge","HR follow-up meeting room","Notice how Tess turns observation into system improvement. Inclusion is not symbolic when it changes workflow. A competent clinician proposes process controls that can be audited, adopted, and repeated across the team.","32","Educator coaching","Soft instructional overlay","Return to narrative flow","Agency conference room — the formal review in progress (same scene as S34 investigation review). Three professionals at the table: supervisor, HR rep, compliance officer. Documents spread across the table — visit notes, incident reports, patient care timeline. The whiteboard behind them shows the investigation timeline in marker. A semi-transparent 'Educator Note' overlay banner appears in the lower third of the frame. The visual emphasis is on the documents as evidence chain — each sheet on the table a link. This is an instructor commentary pause card tied to the S34 institutional accountability process scene.","Photorealistic documentary HR meeting scene with professional review and written corrective action documentation, neutral institutional tone, realistic office setting, 35mm lens.","Near-static hold on the conference table: the documents are spread across the surface, one highlighted by the supervisor's hand. The instructor overlay banner fades in at the bottom. Slow push-in toward the investigation timeline on the whiteboard. Card ends with the timeline arrows and dates in partial close frame.","10","1","No primary character lock — institutional process focus.","anime, cartoon, CGI, plastic skin, distorted hands, extra fingers, watermark, oversaturated HDR, fantasy lighting, stock-photo smile","Medium formal two-shot","Operational judgment; Corrective action processes; Accountability","Disciplinary Action Policy; HR SOP","LO4","In-the-moment instruction","Team-level workflow improvement","N/A","N/A","educator commentary","Moderate","HR then Administrator","Disciplinary file, corrective action plan, role change documentation","Bridges narrative signal to safety decision making","Moderate","Mapped","","","","","","","","","","","COMPLETE"
"M01-S35","M01","Act 2","S35","content","Tess Reflection Under Pressure","Exterior walkway — end of shift","End of a long shift. Tess walks out to the parking lot. Her feet hurt. It has been a day that asked everything of her — clinical judgment, documentation discipline, workplace navigation, and the steady management of her own reactions. She did not win by being louder. She did not survive by staying silent. She reported what she saw. She documented what she did. She escalated when it was required. The bracelet is between her fingers as she walks. Steady, not fast. Her grandmother was right.","52","Somber resolved","Cut from corrective action","Dissolve to Act 3 opening","Agency parking lot — late afternoon, the light low and golden, the angle suggesting 5 or 6 PM. The agency building is visible behind Tess — a standard commercial building exterior, glass-and-metal door, the agency name or logo on a sign above the entrance, partially visible. The parking lot is mostly empty — several cars remain, ordinary sedans and small SUVs. Tess walks on the asphalt toward her car — an ordinary silver-grey sedan parked in the second row. She is walking at a normal pace: not hurried, not dragging. Her nursing bag is on her right shoulder. She has not changed clothes — same navy scrubs, same badge (lanyard slightly loose after a long day). Her left arm swings naturally as she walks. Her right hand has crossed to touch the bracelet on her left wrist — fingers wrapped around the thread loosely, holding for a step or two as she walks. The bracelet thread catches the golden light briefly. Her expression: inward. Not performing composure, not visibly distressed. The look of someone at the end of a hard day who got through it by working correctly. She is tired. She is okay. These are not contradictions. The golden light catches the side of her face and the bracelet simultaneously. The parking lot surface is marked with faded white lines. A cart return stand is visible near the building. Other cars parked — ordinary, no drama in the environment.","Photorealistic documentary medium wide shot, agency parking lot late afternoon golden declining light at low angle, Filipina nurse early 30s walking toward ordinary silver-grey sedan in second row with nursing bag on right shoulder and right hand touching woven bracelet on left wrist with fingers wrapped loosely around thread, inward not-performing expression — tired and okay simultaneously, agency building with glass door and sign visible behind her, mostly empty parking lot with faded white lane markings, golden light catching side of face and bracelet, ordinary environment, navy scrubs and badge with loose lanyard, 35mm lens, documentary realism, quiet earned end-of-shift moment.","Tess pushes through the agency's glass exit door into the parking lot. She shifts her nursing bag from one shoulder to the other. Her right hand finds the bracelet on her left wrist — fingers fold around the thread loosely as she walks. She holds it for two steps, then releases it. She reaches her car, opens the back door, and sets the nursing bag on the back seat. She closes the back door, opens the driver's door, and gets in.","12","2","Tess, Filipina, early 30s, navy scrubs, badge with slightly loose lanyard — end of long shift, bracelet on left wrist touched during walk with right hand, nursing bag on right shoulder, silver-grey sedan destination. Parking lot — golden late afternoon light. Inward expression, not theatrical. Same bracelet — coarse thread, continuity.","anime, cartoon, CGI, plastic skin, distorted hands, extra fingers, watermark, oversaturated HDR, fantasy lighting, stock-photo smile","Medium wide to bracelet close-up insert","Ethical behavior; Accountability; Professionalism","Code of Conduct; Resilience and Wellness Policy","LO5","Professional Identity","Reflective professionalism under pressure","N/A","N/A","Emotional narrative","Low","N/A","Optional reflective documentation entry","Sustained professional composure supports safe ongoing practice","Low","Mapped","","","","","","","","","","","COMPLETE"
"M01-S36","M01","Act 2","S36","content","Transition to Mastery","Driveway outside Mr. Henderson's home — next morning","The Henderson family has agreed to continue visits. Not because the grievance was closed — though it was. Because Tess showed up the next day, reviewed the corrected care plan, confirmed the medication schedule, and asked Mr. Henderson directly how he was doing. Trust isn't repaired by speeches or apology emails. It's rebuilt through repeated defensible actions. Clear communication. Verified understanding. Correct escalation. Complete documentation. That's the only currency that actually transfers between visits.","50","Hopeful resolving","Dissolve from reflection","Soft cut to Act 3","Mr. Henderson's living room — a resumed morning visit. The room is recognizable from S18 but the hospital bed has been moved — through the back doorway, visible in the room beyond, is now a standard bed with a simple bedspread, indicating improved mobility and health progression. The living room itself is occupied as a living room again — the recliner chair is in its natural position by the window, a small end table beside it with a cup of coffee and a folded newspaper. Mr. Henderson sits in the recliner — same elderly Caucasian man, late 70s, wearing a grey cardigan over a plaid shirt, alert and upright, more open in posture and expression than in S18. His walker is beside the recliner, not in front as a barrier. Tess has pulled a straight chair from the dining area and positioned it at his eye level, directly across from him — not standing above him, not at a distance. She is sitting. Her nursing bag is on the floor beside her chair. Her tablet is on her knee, open to the care plan. Mr. Henderson is speaking — his body language is engaged, forward slightly, hands in his lap but active. Tess is listening. Her expression: present, attentive, settled. Not performing warmth — just there. The room has natural daylight from a window — morning light, diffused, warm. A framed family photo on the wall. A coffee cup on the end table — his. No coffee for Tess — she arrived to work.","Photorealistic documentary medium two-shot, Mr. Henderson's living room resumed morning visit, elderly Caucasian man late 70s in grey cardigan and plaid shirt seated in recliner with walker beside it — upright alert open posture, Filipina nurse early 30s in straight chair pulled to his eye level across from him — seated, not standing, nursing bag on floor beside chair and tablet on knee with care plan open, patient speaking with hands active and slightly forward posture, nurse listening with present attentive settled expression, standard bed visible through back doorway replacing hospital bed from S18, natural morning daylight through window, coffee cup on end table beside recliner, family photo on wall, 35mm lens, documentary realism, resumed trust visit.","Mr. Henderson speaks — more freely than in the S18 scene, his hands moving slightly as he talks. Tess nods, asks a question, types something on her tablet. Mr. Henderson reaches for his coffee cup on the end table, takes a sip, and continues speaking. Tess writes a note on the tablet, looks up, asks another question. He responds. The interaction has an established rhythm — not tentative.","12","2","Tess, Filipina, early 30s, navy scrubs, bracelet, tablet on knee. Mr. Henderson: same elderly Caucasian male, grey cardigan over plaid shirt — MORE OPEN and ALERT than S18, recliner not hospital bed, walker beside not in front. Living room with standard bed visible through back doorway — visual evidence of health progress. Natural morning daylight.","anime, cartoon, CGI, plastic skin, distorted hands, extra fingers, watermark, oversaturated HDR, fantasy lighting, stock-photo smile","Medium wide — driveway and patient home exterior","Patient-centered care; Trust outcomes","Patient Engagement Policy; CLAS Outcomes","LO5","Professional Identity","Trust rebuilding through consistent defensible behavior","N/A","N/A","Narrative transition","Low","N/A","Document patient re-engagement and care plan continuation","Patient trust improves adherence and safety outcomes","Low","Mapped","","","","","","","","","","","COMPLETE"
"M01-S37","M01","Act 3","S37","content","Communication Adapted, Identity Preserved","Mr. Henderson living room — resumed visits","Tess adjusts her pace for Mr. Henderson. She confirms his preferred form of address, validates his concern before responding, and doesn't rush what needs to be said. She adapts how she says things — not what she stands for. He asks a question. Then another. He's more open than he was in week one. She didn't lose herself to fit in. She translated herself — so he could receive what she's always offered. Adapt style. Not safety requirements.","66","Hopeful steady","Soft dissolve from transition","Cut to interpreter workflow","Same Mr. Henderson living room, slightly later in the same resumed visit. The light has shifted fractionally — the morning sun has moved and the quality of the light through the window is slightly brighter, more direct. Tess has moved from her chair and is now standing near the window, having repositioned to show Mr. Henderson something on her tablet. The tablet is angled toward him, screen facing his direction. She has stepped slightly to his right so he can see the screen without craning. Mr. Henderson has turned in his recliner to face her — his right hand is raised slightly, one finger up — he is asking a question or making a point. His expression is engaged: eyebrows slightly raised, genuinely curious. Not confused — interested. Tess is turned toward him, holding the tablet in her left hand angled outward, her right hand gesturing slightly in explanation — fingers open, palm slightly up, a natural clarifying gesture. The bracelet is visible on the tablet-holding left hand. Her pace looks unhurried. Her expression: focused on what he's asking, working through the explanation. The recliner, end table, coffee cup, walker are all in their same positions. The nursing bag remains on the floor. This is a working visit that has found its rhythm.","Photorealistic documentary medium two-shot, Mr. Henderson's living room continued morning visit, Filipina nurse early 30s standing near window with tablet angled toward elderly patient — tablet in left hand facing outward so patient can see screen, right hand in open clarifying gesture, woven bracelet visible on tablet-holding left hand, elderly Caucasian man late 70s turned in recliner with right hand raised one finger — asking a question, engaged curious expression, unhurried working rhythm between them, slightly brighter direct morning window light, recliner and walker and end table with coffee cup in same positions as S36, nursing bag on floor, 35mm lens, documentary realism, adapted communication in action.","Tess holds the tablet toward Mr. Henderson, pointing to a specific entry on the screen with her right hand. He leans forward slightly in the recliner to look at it. He asks a question — his second in this visit. Tess nods, swipes to a different screen on the tablet, then gestures with her right hand while explaining — pointing to the new screen and then to him alternately. Mr. Henderson leans back into the recliner, nods — understanding entering his expression. He asks a follow-up. Tess answers in two sentences, gesturing once.","12","2","Tess, Filipina, early 30s, navy scrubs, bracelet visible on left hand holding tablet, right hand gesturing. Mr. Henderson: same elderly Caucasian male, recliner, engaged body language — SECOND question in this scene indicates growing engagement. Same living room, same natural light now slightly more direct. Bracelet visible during gesture.","anime, cartoon, CGI, plastic skin, distorted hands, extra fingers, watermark, oversaturated HDR, fantasy lighting, stock-photo smile","Medium seated two-shot — eye-level","Respectful communication; Dignity and respect; Cultural awareness","Patient Interaction Standards; CLAS Domain 2","LO5","Clinical Interaction","Adaptive communication with identity preservation","Final Assessment setup","Final Debrief","Recovery scenario","Moderate","Supervisor if trust barriers persist","Document patient preference-confirmation and adaptive response","Restores therapeutic trust and care plan adherence","Moderate","Mapped","","","","","","","","","","","COMPLETE"
"M01-S38","M01","Act 3","S38","content","Interpreter Workflow Executed Correctly","Living room — interpreter call active","Before placing the interpreter call, Tess explains to Mr. Henderson: I want to make sure this is clear and comfortable for you. I'm bringing in qualified interpretation support for this step — not because I doubt you, but because your care plan deserves the most accurate communication I can give you. He nods. She activates the interpreter, introduces them, confirms his consent to proceed, and delivers the insulin teaching. Teach-back follows. He repeats the dosage timing correctly. She documents the interpreter ID, the method, the date, the content taught, the comprehension result, and the follow-up plan. That note is defensible.","62","Confident precise","Cut from adapted communication","Cut to trust rebuilt scene","Mr. Henderson's living room — interpreter call in progress, same visit. The arrangement has shifted slightly from S37: Tess is now seated again in her chair, positioned close to the coffee table between the chairs. The phone — her agency-issued smartphone — is on the coffee table surface, propped on its edge or lying face-up, on speaker. The phone screen shows a call in progress — a call timer is visible. An interpreter's voice is present but not seen. Mr. Henderson sits in his recliner — he is holding an insulin pen in his right hand, demonstrating back to Tess as part of the teach-back. He is pointing to the correct injection site on his abdomen with his left hand while holding the pen in his right — the demonstration is active. His expression is focused and calm — he is concentrating but not confused. He understood. Tess watches him demonstrate, her chart open on her knee, pen poised over the documentation page — ready to write what she observes, not what she assumed. Her left hand is on the chart, bracelet catching the light from the window. Teaching materials — a laminated instruction sheet with illustrated steps — are in a clear folder on the coffee table beside the phone. The room is otherwise quiet. Natural daylight through the window. The interaction has the quality of careful work being done correctly.","Photorealistic documentary medium two-shot, Mr. Henderson's living room interpreter call in progress, phone on coffee table face-up on speaker with call timer visible, elderly Caucasian man late 70s in recliner holding insulin pen in right hand demonstrating injection technique while pointing to correct injection site on abdomen with left hand — focused calm expression indicating comprehension, Filipina nurse early 30s in chair with chart open on knee and pen poised watching demonstration, woven bracelet catching window light on chart-holding left hand, laminated teaching materials in clear folder on coffee table beside phone, natural daylight, teach-back active moment, 35mm lens, documentary realism.","Mr. Henderson holds the insulin pen and points to the injection site on his abdomen, speaking through the interpreter on the phone. Tess watches him, nods once, and begins writing in her chart. She glances at a sticky note on the edge of her tablet — reads the interpreter ID — and writes it into the chart. Mr. Henderson sets the pen down on his knee — the demonstration is complete. He looks at Tess. Tess finishes writing, looks up, and says one confirming sentence. She reaches for the phone and ends the interpreter call.","12","2","Tess, Filipina, early 30s, navy scrubs, bracelet catching window light on chart-holding left hand, pen in right hand. Mr. Henderson: same elderly Caucasian male, recliner, insulin pen in hand for teach-back — focused comprehension expression. Phone on speaker on coffee table — call in progress. Laminated teaching folder on table. Natural daylight.","anime, cartoon, CGI, plastic skin, distorted hands, extra fingers, watermark, oversaturated HDR, fantasy lighting, stock-photo smile","Medium over-shoulder","Interpreter services; Patient rights; Respectful communication","Interpreter Policy; Consent Policy; CLAS Standard 5","LO3|LO5","Compliance — Operational Success","Interpreter-mediated consent and teaching workflow","Final Assessment Task 2","Final Debrief","Operational success","High","Supervisor if service unavailable","Record interpreter ID, consent, comprehension result, content, follow-up","Prevents consent errors and ensures informed patient education","High","Mapped","","","","","","","","","","","COMPLETE"
"M01-S38-EC8","M01","Act 3","S38-EC8","educator-commentary","Educator Side Comment: What Documentation Must Capture","Living room — interpreter call active","Key charting checkpoint. The record should capture interpreter ID, consent confirmation, what was taught, what the patient demonstrated in teach-back, and what follow-up was ordered. Without those fields, the visit may feel successful but remain non-defensible.","32","Educator coaching","Soft instructional overlay","Return to narrative flow","Mr. Henderson's living room — the interpreter teach-back session in progress (same setting as S38). Phone on the coffee table on speaker. Mr. Henderson holding the insulin pen and pointing to the injection site. Tess at the side with chart open and pen poised. A semi-transparent 'Educator Note' overlay banner in the lower third. The visual emphasis is on the four documentation elements implied by the scene: interpreter ID, consent confirmation, what was taught, what was demonstrated in teach-back. This is an instructor commentary pause card tied to S38.","Photorealistic documentary scene of nurse facilitating interpreter call with patient consent discussion in living room, realistic phone on table, natural light, 35mm lens.","Near-static hold on the teach-back moment: Mr. Henderson holds the insulin pen pointed at the injection site while Tess writes in her chart. The phone on the coffee table shows an active call. The instructor overlay banner fades in at the bottom. Very slow push-in toward Tess's chart page where she is writing the interpreter ID. Card ends on the pen moving across the chart field.","10","1","Character anchor: Tess, Filipina, early 30s, tied-back dark hair, navy scrubs, woven bracelet left wrist, calm eyes, consistent badge and stethoscope. Bracelet and badge consistent. Patient present — relaxed more than prior scenes.","anime, cartoon, CGI, plastic skin, distorted hands, extra fingers, watermark, oversaturated HDR, fantasy lighting, stock-photo smile","Medium over-shoulder","Operational judgment; Interpreter services; Patient rights; Respectful communication","Interpreter Policy; Consent Policy; CLAS Standard 5","LO3|LO5","In-the-moment instruction","Interpreter and teach-back charting","Final Assessment Task 2","Final Debrief","educator commentary","High","Supervisor if service unavailable","Record interpreter ID, consent, comprehension result, content, follow-up","Bridges narrative signal to safety decision making","Moderate","Mapped","","","","","","","","","","","COMPLETE"
"M01-S39","M01","Act 3","S39","content","Trust Rebuilt Through Clarity","Living room — close conversation","At the end of the visit, Mr. Henderson says something he hasn't said before: I understand now. Nobody explained it this clearly before. Tess doesn't say she's glad. She says: That's exactly what I was hoping for. The relationship shifted — not because she worked harder or cared more, but because she controlled the communication environment. She removed the barrier. She verified the understanding. She documented it. The emotional payoff is real. It's also operational. Trust built through clear communication improves adherence, reduces preventable escalation, and makes every future visit safer.","54","Relief warm","Cut from interpreter scene","Cut to challenge 6 question","Mr. Henderson's front doorway — end of this mid-module visit, not the final S48 goodbye. The front door is open. Mr. Henderson stands at the threshold, one hand on the door frame, the other on his walker handle — upright, unhurried. He is wearing the same grey cardigan and plaid shirt from S36/S37. His expression is genuinely open — not effusive, not theatrical, just the face of someone who has understood something and is acknowledging it. Tess stands on the porch step, one step below the threshold, nursing bag on her right shoulder, tablet closed and tucked under her left arm. Her expression: a brief, small, real smile — not a performance smile, the kind that appears for a second in the corners of the mouth and eyes and then settles. The bracelet is visible on her left wrist below where the tablet is tucked. Behind Mr. Henderson in the hallway: his daughter — the same Caucasian woman in her 40s from S18-Qa and S18-Qb — is visible. But her posture is different: in S18 she was firm, protective, gate-keeping. Now she stands with arms at her sides, body slightly turned toward the door rather than positioned between Tess and her father. The protective stance is gone. Ordinary late morning light — not golden hour, just a clear mid-morning, diffused natural light.","Photorealistic documentary medium shot, residential front doorway mid-module visit close, elderly Caucasian man late 70s in grey cardigan and plaid shirt standing at threshold with one hand on door frame and other on walker handle — genuinely open expression not theatrical, Filipina nurse early 30s on porch step below with nursing bag on right shoulder and closed tablet under left arm, brief real small smile not performed, woven bracelet visible on left wrist below tablet, daughter visible in hallway behind patient with arms at sides and relaxed posture — contrast to protective stance from S18, late morning natural diffused light, 35mm lens, documentary realism, rebuilt trust ordinary moment.","Mr. Henderson speaks one sentence at the door — his expression open, genuine, measured. Tess smiles briefly — a small real expression that settles quickly — and responds with one sentence. His daughter in the hallway behind him smiles slightly. Tess gives a small nod, adjusts her bag strap with her right hand, and steps down from the porch. Mr. Henderson watches her for a moment, then slowly closes the front door.","10","1","Tess, Filipina, early 30s, navy scrubs, bracelet on left wrist below tucked tablet, small real smile. Mr. Henderson: grey cardigan, plaid shirt, walker, doorway, genuinely open expression. Daughter: same Caucasian woman from S18 — RELAXED posture now, arms at sides, contrast to earlier gate-keeping. Late morning natural light.

BATCH 3 — FULL CHALLENGE AND FINAL ASSESSMENT EXPANSION","anime, cartoon, CGI, plastic skin, distorted hands, extra fingers, watermark, oversaturated HDR, fantasy lighting, stock-photo smile","Close two-shot — eye-level","Patient-centered care; Trust outcomes","Patient Engagement Policy; CLAS Outcomes","LO5","Clinical Outcome","Trust restoration through clear communication","Final Assessment setup","Final Debrief","Narrative payoff","Low","N/A","Document patient engagement improvement","Improves adherence and safety follow-through","Low","Mapped","","","","","","","","","","","COMPLETE"
"M01-S40-Q","M01","Act 3","S40-Q","challenge","Challenge 6: Integrated Workflow Sequencing — Question","Patient home — complex visit","Tess has arrived at a new patient's home — first visit. The family is present and pushing her to begin the teaching session immediately. During the initial greeting, she notices the patient wince when shifting position in the chair. The wince was not in the pre-visit chart. Language preference has not yet been confirmed. The interpreter has not been activated.

Challenge_Question: New patient, family pushing to start teaching immediately. Tess notices the patient wince — a possible pain indicator not in the chart. Language preference is unconfirmed. Interpreter is not activated. What is the most defensible visit sequence?

Option_A: Pause the teaching session before it starts. Assess the pain indicator at the bedside first. Confirm the patient's language preference and activate the qualified interpreter before beginning any clinical education. Deliver teaching with teach-back after the interpreter is in place. Document all findings including the pain indicator, language barrier, interpreter ID, teach-back result, and any unresolved clinical risk. Escalate before leaving if needed.

Option_B: Begin the education session immediately since the family is ready, engaged, and the teaching materials are prepared. Add the interpreter only if confusion becomes apparent during the teaching. Address the wince afterward since it may just be routine positioning discomfort.

Option_C: Stop all activity and escalate to your supervisor before any bedside clinical work to avoid personal liability for the undocumented pain indicator you observed. Do not touch the patient until supervisor authorization is received.

Option_D: Build rapport through casual conversation first — ask about the patient's preferences and interests before beginning any clinical assessment or education to establish a trusting relationship before formal workflow.

Correct_Answer: A

Operational_Rationale: Option A is the only sequence that executes in the correct clinical and compliance order. The wince is an uninvestigated clinical finding. It must be assessed before anything else begins because it could represent acute pain, a positional injury, an unreported wound complication, or an emerging condition that materially changes the care plan. You cannot ethically or defensibly begin insulin administration teaching to a patient who may be in active pain during the session — not because it is unkind, but because a patient experiencing pain is not able to engage fully with teaching content, cannot accurately complete teach-back, and may have a clinical condition that changes what should be taught.

After the clinical finding is assessed and addressed, the communication environment must be controlled before any clinical education begins. Teaching through an unqualified family interpreter while a pain indicator remains uninvestigated creates two simultaneous documentation gaps. Teaching delivered without a qualified interpreter has no verified comprehension and cannot be documented as complete or defensible education. Teaching delivered while the patient has an unassessed pain indicator cannot be confirmed as fully absorbed.

Option B is the most operationally common error pattern: beginning teaching before controlling the communication barrier means anything taught during that window has no verified comprehension and no qualified interpreter record. The note will read ""education completed"" with no interpreter ID and no verified teach-back result that a surveyor can examine. The wince being addressed ""afterward"" means the clinician may finish a complete teaching session and then discover the patient was in active pain throughout — invalidating the teaching, creating a documented sequence error, and producing a safety and documentation problem at the end of a visit rather than correcting it at the beginning.

Option C is premature escalation without clinical information. Escalation requires a finding to report. Observing a possible pain indicator and calling your supervisor before assessing it means your supervisor has no clinical information to act on. They cannot authorize, direct, or adjust a care plan based on an unobserved, unassessed event described over the phone. Your job is to assess first, then escalate with specific findings. Calling before assessment does not protect you from liability — it delays the assessment that would generate the information needed for any protective action.

Option D confuses professional rapport with clinical assessment delay. An unassessed pain indicator and an uncontrolled language barrier do not become less clinically urgent while you ask about the patient's hobbies or family history. Rapport in home health is not established through preliminary social conversation that defers clinical work — it is built through competent, respectful care delivered in the correct sequence. A clinician who assesses a patient's pain first and explains what they are doing throughout builds more durable trust than one who delays clinical work in favor of a social warm-up.

Full_Debrief: Tess's supervisor reviews the visit note a week later during a documentation quality review. If Option B was chosen, the chart shows: teaching completed, family present, interpreter — not documented, wince noted as an addendum at the end of the visit. The supervisor flags it immediately. The chart does not show when the wince was observed. It does not show whether it was assessed. It does not show what the patient reported about it. It does not show whether the clinical finding changed any aspect of the care plan or teaching content. The interpreter field is blank or shows ""family member."" The teach-back result field reads ""patient understands"" — which is not a clinical finding that a surveyor can examine or verify.

If Option A was executed correctly, the chart shows: pain indicator observed at initial greeting and assessed at visit start, patient reported mild positional soreness from chair height, finding noted and did not change care plan, language preference confirmed as limited English proficiency in Tagalog, qualified interpreter activated with interpreter ID and method documented, teaching session began after interpreter was in place, teach-back result documented as what the patient demonstrated, no unresolved clinical risk requiring escalation at close of visit. Every link exists. ACHC surveyors reviewing this chart see a clinician who identified a new finding, addressed it, controlled the communication environment, delivered verified teaching, and closed the visit with complete documentation.

The difference between Option A and Option B is not clinical intent. Both clinicians intended to provide good care. The difference is sequence. And in documentation-dependent home health, sequence determines defensibility.","62","Focused decisive","Cut from trust scene","Cut to challenge 6 debrief","New patient's living room — first visit, Tess has just entered the room and is still near the entrance. She has not yet put her nursing bag down. The bag is still on her left shoulder. A folder of teaching materials is under her right arm. The new patient is an elderly woman in a wheelchair positioned near the window — late 70s, not ethnicity-specified, wearing a house dress, a blanket across her lap. She has just shifted slightly in the wheelchair — her shoulders have tensed and her face has registered a brief wince, a tightening around the eyes and a slight draw at the corners of the mouth. The wince is the visual center of this frame. A female family member in her 40s stands beside the wheelchair, facing Tess, speaking with animated and welcoming energy — her hand is gesturing toward Tess and then toward the coffee table where a surface has been cleared, as if presenting a workspace. The family member is not looking at the patient. She is not noticing the wince. Tess is not looking at the family member. Tess's eyes are on the patient. Her expression: locked and assessing — she has caught the wince and is reading it. Not reacting yet. Just seeing. Natural daylight from the window behind the patient. The room is a modest living room: a couch, a low coffee table, a side table with family photos, a religious ornament on the wall. The patient's wheelchair has a footrest extended.","Photorealistic documentary medium shot, new patient's living room first visit, Filipina nurse early 30s standing near room entrance with nursing bag still on left shoulder and teaching materials folder under right arm — has not yet set bag down, elderly woman in wheelchair near window with blanket across lap in the act of wincing — shoulders tensed, slight face tightening around eyes, family member female 40s standing beside wheelchair gesturing toward cleared coffee table space with welcoming animated energy — not noticing wince, nurse's eyes locked directly on patient wince expression — assessing not yet reacting, natural window light behind patient, modest living room with couch and side table and family photos, woven bracelet visible on bag-strap left shoulder hand, 35mm lens, documentary realism, clinical observation priority moment.","Tess steps into the living room. The family member speaks — gestures toward the coffee table, then toward her mother. Tess looks at the patient. The patient shifts slightly in the wheelchair and winces — a brief tightening. The family member continues speaking, not noticing. Tess does not follow the family member's gesture toward the table. She steps toward the patient, sets her nursing bag on the floor beside the wheelchair, and kneels slightly to eye level. She speaks to the patient directly — one brief, simple question.","15","2","Tess, Filipina, early 30s, navy scrubs, woven bracelet visible on bag-strap hand, teaching folder under right arm, nursing bag still on shoulder — has not settled in yet. New patient: elderly woman in wheelchair, wincing during shift. Family member: female 40s, welcoming energy, not noticing patient. New patient home — different from Henderson scenes, natural daylight.","anime, cartoon, CGI, plastic skin, distorted hands, extra fingers, watermark, oversaturated HDR, fantasy lighting, stock-photo smile","POV decision frame — medium","Operational workflow; Communication barriers; Escalation","CLAS + Escalation + Documentation SOP","LO1|LO3|LO5","Assessment — Challenge 6","Integrated sequence challenge — pain, language, teaching, documentation","C6","D6","Branch challenge","High","Supervisor then DON as needed","Sequence-based documentation checklist completed","Prevents compounded communication and escalation errors","High","Mapped","New patient, family pushing to start teaching immediately. Tess notices the patient wince — a possible pain indicator not in the chart. Language preference is unconfirmed. Interpreter is not activated. What is the most defensible visit sequence?","Pause the teaching session before it starts. Assess the pain indicator at the bedside first. Confirm the patient's language preference and activate the qualified interpreter before beginning any clinical education. Deliver teaching with teach-back after the interpreter is in place. Document all findings including the pain indicator, language barrier, interpreter ID, teach-back result, and any unresolved clinical risk. Escalate before leaving if needed.","Begin the education session immediately since the family is ready, engaged, and the teaching materials are prepared. Add the interpreter only if confusion becomes apparent during the teaching. Address the wince afterward since it may just be routine positioning discomfort.","Stop all activity and escalate to your supervisor before any bedside clinical work to avoid personal liability for the undocumented pain indicator you observed. Do not touch the patient until supervisor authorization is received.","Build rapport through casual conversation first — ask about the patient's preferences and interests before beginning any clinical assessment or education to establish a trusting relationship before formal workflow.","0","A","","Option A is the only sequence that executes in the correct clinical and compliance order. The wince is an uninvestigated clinical finding. It must be assessed before anything else begins because it could represent acute pain, a positional injury, an unreported wound complication, or an emerging condition that materially changes the care plan. You cannot ethically or defensibly begin insulin administration teaching to a patient who may be in active pain during the session — not because it is unkind, but because a patient experiencing pain is not able to engage fully with teaching content, cannot accurately complete teach-back, and may have a clinical condition that changes what should be taught.

After the clinical finding is assessed and addressed, the communication environment must be controlled before any clinical education begins. Teaching through an unqualified family interpreter while a pain indicator remains uninvestigated creates two simultaneous documentation gaps. Teaching delivered without a qualified interpreter has no verified comprehension and cannot be documented as complete or defensible education. Teaching delivered while the patient has an unassessed pain indicator cannot be confirmed as fully absorbed.

Option B is the most operationally common error pattern: beginning teaching before controlling the communication barrier means anything taught during that window has no verified comprehension and no qualified interpreter record. The note will read ""education completed"" with no interpreter ID and no verified teach-back result that a surveyor can examine. The wince being addressed ""afterward"" means the clinician may finish a complete teaching session and then discover the patient was in active pain throughout — invalidating the teaching, creating a documented sequence error, and producing a safety and documentation problem at the end of a visit rather than correcting it at the beginning.

Option C is premature escalation without clinical information. Escalation requires a finding to report. Observing a possible pain indicator and calling your supervisor before assessing it means your supervisor has no clinical information to act on. They cannot authorize, direct, or adjust a care plan based on an unobserved, unassessed event described over the phone. Your job is to assess first, then escalate with specific findings. Calling before assessment does not protect you from liability — it delays the assessment that would generate the information needed for any protective action.

Option D confuses professional rapport with clinical assessment delay. An unassessed pain indicator and an uncontrolled language barrier do not become less clinically urgent while you ask about the patient's hobbies or family history. Rapport in home health is not established through preliminary social conversation that defers clinical work — it is built through competent, respectful care delivered in the correct sequence. A clinician who assesses a patient's pain first and explains what they are doing throughout builds more durable trust than one who delays clinical work in favor of a social warm-up.","Tess's supervisor reviews the visit note a week later during a documentation quality review. If Option B was chosen, the chart shows: teaching completed, family present, interpreter — not documented, wince noted as an addendum at the end of the visit. The supervisor flags it immediately. The chart does not show when the wince was observed. It does not show whether it was assessed. It does not show what the patient reported about it. It does not show whether the clinical finding changed any aspect of the care plan or teaching content. The interpreter field is blank or shows ""family member."" The teach-back result field reads ""patient understands"" — which is not a clinical finding that a surveyor can examine or verify.

If Option A was executed correctly, the chart shows: pain indicator observed at initial greeting and assessed at visit start, patient reported mild positional soreness from chair height, finding noted and did not change care plan, language preference confirmed as limited English proficiency in Tagalog, qualified interpreter activated with interpreter ID and method documented, teaching session began after interpreter was in place, teach-back result documented as what the patient demonstrated, no unresolved clinical risk requiring escalation at close of visit. Every link exists. ACHC surveyors reviewing this chart see a clinician who identified a new finding, addressed it, controlled the communication environment, delivered verified teaching, and closed the visit with complete documentation.

The difference between Option A and Option B is not clinical intent. Both clinicians intended to provide good care. The difference is sequence. And in documentation-dependent home health, sequence determines defensibility.

Detailed_Image_Description: New patient's living room — first visit, Tess has just entered the room and is still near the entrance. She has not yet put her nursing bag down. The bag is still on her left shoulder. A folder of teaching materials is under her right arm. The new patient is an elderly woman in a wheelchair positioned near the window — late 70s, not ethnicity-specified, wearing a house dress, a blanket across her lap. She has just shifted slightly in the wheelchair — her shoulders have tensed and her face has registered a brief wince, a tightening around the eyes and a slight draw at the corners of the mouth. The wince is the visual center of this frame. A female family member in her 40s stands beside the wheelchair, facing Tess, speaking with animated and welcoming energy — her hand is gesturing toward Tess and then toward the coffee table where a surface has been cleared, as if presenting a workspace. The family member is not looking at the patient. She is not noticing the wince. Tess is not looking at the family member. Tess's eyes are on the patient. Her expression: locked and assessing — she has caught the wince and is reading it. Not reacting yet. Just seeing. Natural daylight from the window behind the patient. The room is a modest living room: a couch, a low coffee table, a side table with family photos, a religious ornament on the wall. The patient's wheelchair has a footrest extended.

FLUX1Dev_Image_Prompt: Photorealistic documentary medium shot, new patient's living room first visit, Filipina nurse early 30s standing near room entrance with nursing bag still on left shoulder and teaching materials folder under right arm — has not yet set bag down, elderly woman in wheelchair near window with blanket across lap in the act of wincing — shoulders tensed, slight face tightening around eyes, family member female 40s standing beside wheelchair gesturing toward cleared coffee table space with welcoming animated energy — not noticing wince, nurse's eyes locked directly on patient wince expression — assessing not yet reacting, natural window light behind patient, modest living room with couch and side table and family photos, woven bracelet visible on bag-strap left shoulder hand, 35mm lens, documentary realism, clinical observation priority moment.

LTX23Dev_Video_Generation_Prompt: Tess steps into the living room. The family member speaks — gestures toward the coffee table, then toward her mother. Tess looks at the patient. The patient shifts slightly in the wheelchair and winces — a brief tightening. The family member continues speaking, not noticing. Tess does not follow the family member's gesture toward the table. She steps toward the patient, sets her nursing bag on the floor beside the wheelchair, and kneels slightly to eye level. She speaks to the patient directly — one brief, simple question.

Estimated_Card_Duration: 15 seconds LTX_Generation_Count: 2

PuLID_Character_Guidance: Tess, Filipina, early 30s, navy scrubs, woven bracelet visible on bag-strap hand, teaching folder under right arm, nursing bag still on shoulder — has not settled in yet. New patient: elderly woman in wheelchair, wincing during shift. Family member: female 40s, welcoming energy, not noticing patient. New patient home — different from Henderson scenes, natural daylight.","COMPLETE"
"M01-S40-D","M01","Act 3","S40-D","debrief","Challenge 6 Debrief: Right Steps, Right Order","Debrief card","Operational Case Review
1) Correct decision: Option A is correct because it preserves patient safety and workflow integrity under pressure.
2) Why correct: Assess the pain indicator at bedside, confirm language preference and activate the qualified interpreter, deliver teach-back after teaching, document all findings and interpreter ID, and escalate any unresolved clinical risk.
3) Incorrect option analysis:
- Option B risk: Begin education immediately since the family is ready — add the interpreter only if confusion appears during teaching.. Looks reasonable under pressure, but creates a preventable documentation and escalation gap.
- Option C risk: Escalate to your supervisor before any bedside clinical activity to avoid personal liability for unexpected findings.. Looks reasonable under pressure, but creates a preventable documentation and escalation gap.
- Option D risk: Build rapport with the patient first through casual conversation and delay both the clinical assessment and documentation until the relationship is established.. Looks reasonable under pressure, but creates a preventable documentation and escalation gap.
4) Patient safety implications: uncontrolled communication barriers or delayed escalation can compound into harm.
5) Workflow implications: sequence matters; right actions in the wrong order still produce risk.
6) Documentation implications: chart objective findings, what was verified, what was escalated, and who received handoff.
7) Escalation implications: trigger supervisor pathway when unresolved clinical, communication, or conduct risk remains.
8) Survey implications: ACHC/CMS reviewers focus on evidence chain, not intent.
9) Operational consequences: unresolved gaps can lead to adverse events, corrective action, and loss of trust.
10) Disciplinary/legal/defensibility: omissions and unsupported charting increase disciplinary risk and weaken legal defense.

The correct answer is A. Defensible care is sequence-dependent. Right steps in the wrong order still produce risk. Option B begins education before the communication barrier is controlled and before a potential pain symptom is assessed. This creates two simultaneous gaps: unverified comprehension and an uninvestigated clinical finding. Teaching that proceeds before a pain indicator is assessed and before an interpreter is activated is not efficient — it is incomplete. Option C escalates before bedside assessment. This is premature escalation without clinical information. Your supervisor cannot make an informed clinical decision about an unassessed finding. Your job is to assess first, then escalate with findings. Option D delays both clinical assessment and documentation in favor of rapport building. Rapport matters. But an unassessed pain indicator and an uncontrolled language barrier do not wait for comfort. Option A is correct because it executes in the correct order: identify and respond to the clinical finding first, control the communication environment second, deliver and verify the teaching third, and close the visit with complete documentation and any necessary escalation. Sequence is not bureaucracy. Sequence is how you prevent compounded errors.","95","Operational case-review coaching","Answer reveal","Cut to independent shift prep","New patient's living room — first visit, Tess has just entered the room and is still near the entrance. She has not yet put her nursing bag down. The bag is still on her left shoulder. A folder of teaching materials is under her right arm. The new patient is an elderly woman in a wheelchair positioned near the window — late 70s, not ethnicity-specified, wearing a house dress, a blanket across her lap. She has just shifted slightly in the wheelchair — her shoulders have tensed and her face has registered a brief wince, a tightening around the eyes and a slight draw at the corners of the mouth. The wince is the visual center of this frame. A female family member in her 40s stands beside the wheelchair, facing Tess, speaking with animated and welcoming energy — her hand is gesturing toward Tess and then toward the coffee table where a surface has been cleared, as if presenting a workspace. The family member is not looking at the patient. She is not noticing the wince. Tess is not looking at the family member. Tess's eyes are on the patient. Her expression: locked and assessing — she has caught the wince and is reading it. Not reacting yet. Just seeing. Natural daylight from the window behind the patient. The room is a modest living room: a couch, a low coffee table, a side table with family photos, a religious ornament on the wall. The patient's wheelchair has a footrest extended.","Photorealistic documentary medium shot, new patient's living room first visit, Filipina nurse early 30s standing near room entrance with nursing bag still on left shoulder and teaching materials folder under right arm — has not yet set bag down, elderly woman in wheelchair near window with blanket across lap in the act of wincing — shoulders tensed, slight face tightening around eyes, family member female 40s standing beside wheelchair gesturing toward cleared coffee table space with welcoming animated energy — not noticing wince, nurse's eyes locked directly on patient wince expression — assessing not yet reacting, natural window light behind patient, modest living room with couch and side table and family photos, woven bracelet visible on bag-strap left shoulder hand, 35mm lens, documentary realism, clinical observation priority moment.","Tess steps into the living room. The family member speaks — gestures toward the coffee table, then toward her mother. Tess looks at the patient. The patient shifts slightly in the wheelchair and winces — a brief tightening. The family member continues speaking, not noticing. Tess does not follow the family member's gesture toward the table. She steps toward the patient, sets her nursing bag on the floor beside the wheelchair, and kneels slightly to eye level. She speaks to the patient directly — one brief, simple question.","15","2","Tess, Filipina, early 30s, navy scrubs, woven bracelet visible on bag-strap hand, teaching folder under right arm, nursing bag still on shoulder — has not settled in yet. New patient: elderly woman in wheelchair, wincing during shift. Family member: female 40s, welcoming energy, not noticing patient. New patient home — different from Henderson scenes, natural daylight.","anime, cartoon, CGI, plastic skin, distorted hands, extra fingers, watermark, oversaturated HDR, fantasy lighting, stock-photo smile","Medium close — nurse with checklist and chart","Operational workflow; Communication barriers; Escalation; Documentation","CLAS + Escalation + Documentation SOP; ACHC Clinical Standards","LO1|LO3|LO5","Debrief — Challenge 6","Correct integrated sequence — assessment before teaching, interpreter before content, escalation with findings","C6","D6","Challenge debrief","High","Supervisor → DON as needed","Sequence-based documentation: pain finding, interpreter ID, teach-back result, escalation","Prevents compounded errors from sequencing failures","High","Mapped","","","","","","","","Operational Case Review
1) Correct decision: Option A is correct because it preserves patient safety and workflow integrity under pressure.
2) Why correct: Assess the pain indicator at bedside, confirm language preference and activate the qualified interpreter, deliver teach-back after teaching, document all findings and interpreter ID, and escalate any unresolved clinical risk.
3) Incorrect option analysis:
- Option B risk: Begin education immediately since the family is ready — add the interpreter only if confusion appears during teaching.. Looks reasonable under pressure, but creates a preventable documentation and escalation gap.
- Option C risk: Escalate to your supervisor before any bedside clinical activity to avoid personal liability for unexpected findings.. Looks reasonable under pressure, but creates a preventable documentation and escalation gap.
- Option D risk: Build rapport with the patient first through casual conversation and delay both the clinical assessment and documentation until the relationship is established.. Looks reasonable under pressure, but creates a preventable documentation and escalation gap.
4) Patient safety implications: uncontrolled communication barriers or delayed escalation can compound into harm.
5) Workflow implications: sequence matters; right actions in the wrong order still produce risk.
6) Documentation implications: chart objective findings, what was verified, what was escalated, and who received handoff.
7) Escalation implications: trigger supervisor pathway when unresolved clinical, communication, or conduct risk remains.
8) Survey implications: ACHC/CMS reviewers focus on evidence chain, not intent.
9) Operational consequences: unresolved gaps can lead to adverse events, corrective action, and loss of trust.
10) Disciplinary/legal/defensibility: omissions and unsupported charting increase disciplinary risk and weaken legal defense.

The correct answer is A. Defensible care is sequence-dependent. Right steps in the wrong order still produce risk. Option B begins education before the communication barrier is controlled and before a potential pain symptom is assessed. This creates two simultaneous gaps: unverified comprehension and an uninvestigated clinical finding. Teaching that proceeds before a pain indicator is assessed and before an interpreter is activated is not efficient — it is incomplete. Option C escalates before bedside assessment. This is premature escalation without clinical information. Your supervisor cannot make an informed clinical decision about an unassessed finding. Your job is to assess first, then escalate with findings. Option D delays both clinical assessment and documentation in favor of rapport building. Rapport matters. But an unassessed pain indicator and an uncontrolled language barrier do not wait for comfort. Option A is correct because it executes in the correct order: identify and respond to the clinical finding first, control the communication environment second, deliver and verify the teaching third, and close the visit with complete documentation and any necessary escalation. Sequence is not bureaucracy. Sequence is how you prevent compounded errors.","","Tess's supervisor reviews the visit note a week later during a documentation quality review. If Option B was chosen, the chart shows: teaching completed, family present, interpreter — not documented, wince noted as an addendum at the end of the visit. The supervisor flags it immediately. The chart does not show when the wince was observed. It does not show whether it was assessed. It does not show what the patient reported about it. It does not show whether the clinical finding changed any aspect of the care plan or teaching content. The interpreter field is blank or shows ""family member."" The teach-back result field reads ""patient understands"" — which is not a clinical finding that a surveyor can examine or verify.

If Option A was executed correctly, the chart shows: pain indicator observed at initial greeting and assessed at visit start, patient reported mild positional soreness from chair height, finding noted and did not change care plan, language preference confirmed as limited English proficiency in Tagalog, qualified interpreter activated with interpreter ID and method documented, teaching session began after interpreter was in place, teach-back result documented as what the patient demonstrated, no unresolved clinical risk requiring escalation at close of visit. Every link exists. ACHC surveyors reviewing this chart see a clinician who identified a new finding, addressed it, controlled the communication environment, delivered verified teaching, and closed the visit with complete documentation.

The difference between Option A and Option B is not clinical intent. Both clinicians intended to provide good care. The difference is sequence. And in documentation-dependent home health, sequence determines defensibility.

Detailed_Image_Description: New patient's living room — first visit, Tess has just entered the room and is still near the entrance. She has not yet put her nursing bag down. The bag is still on her left shoulder. A folder of teaching materials is under her right arm. The new patient is an elderly woman in a wheelchair positioned near the window — late 70s, not ethnicity-specified, wearing a house dress, a blanket across her lap. She has just shifted slightly in the wheelchair — her shoulders have tensed and her face has registered a brief wince, a tightening around the eyes and a slight draw at the corners of the mouth. The wince is the visual center of this frame. A female family member in her 40s stands beside the wheelchair, facing Tess, speaking with animated and welcoming energy — her hand is gesturing toward Tess and then toward the coffee table where a surface has been cleared, as if presenting a workspace. The family member is not looking at the patient. She is not noticing the wince. Tess is not looking at the family member. Tess's eyes are on the patient. Her expression: locked and assessing — she has caught the wince and is reading it. Not reacting yet. Just seeing. Natural daylight from the window behind the patient. The room is a modest living room: a couch, a low coffee table, a side table with family photos, a religious ornament on the wall. The patient's wheelchair has a footrest extended.

FLUX1Dev_Image_Prompt: Photorealistic documentary medium shot, new patient's living room first visit, Filipina nurse early 30s standing near room entrance with nursing bag still on left shoulder and teaching materials folder under right arm — has not yet set bag down, elderly woman in wheelchair near window with blanket across lap in the act of wincing — shoulders tensed, slight face tightening around eyes, family member female 40s standing beside wheelchair gesturing toward cleared coffee table space with welcoming animated energy — not noticing wince, nurse's eyes locked directly on patient wince expression — assessing not yet reacting, natural window light behind patient, modest living room with couch and side table and family photos, woven bracelet visible on bag-strap left shoulder hand, 35mm lens, documentary realism, clinical observation priority moment.

LTX23Dev_Video_Generation_Prompt: Tess steps into the living room. The family member speaks — gestures toward the coffee table, then toward her mother. Tess looks at the patient. The patient shifts slightly in the wheelchair and winces — a brief tightening. The family member continues speaking, not noticing. Tess does not follow the family member's gesture toward the table. She steps toward the patient, sets her nursing bag on the floor beside the wheelchair, and kneels slightly to eye level. She speaks to the patient directly — one brief, simple question.

Estimated_Card_Duration: 15 seconds LTX_Generation_Count: 2

PuLID_Character_Guidance: Tess, Filipina, early 30s, navy scrubs, woven bracelet visible on bag-strap hand, teaching folder under right arm, nursing bag still on shoulder — has not settled in yet. New patient: elderly woman in wheelchair, wincing during shift. Family member: female 40s, welcoming energy, not noticing patient. New patient home — different from Henderson scenes, natural daylight.","COMPLETE"
"M01-S41","M01","Act 3","S41","content","Independent Shift Preparation","Pre-shift chart station — agency office","The supervisor reviews Tess' chart performance over the past three weeks and confirms her for independent shift. She says: Not because you are perfect. Because when you face a hard decision, your reasoning is consistent, documented, and safe. You escalate when you should. You correct when you should. You do not guess when you can verify. That is what we need in the field. Tess nods. She thinks about her grandmother's bracelet and what it means to be steady. She is ready. Not invulnerable — ready.","50","Reassuring authoritative","Cut from challenge 6 debrief","Cut to final assessment simulation","Agency nursing station — quiet late afternoon, 4:45 PM. Aldrin stands at his workstation with a printed assignment sheet in one hand. Tess stands beside him, nursing bag already on her shoulder, car keys in her other hand. Aldrin is looking at the assignment sheet, one hand gesturing toward it with a brief approving nod — he has reviewed her pre-shift notes and her documentation from the week. Tess stands with a composed, ready posture — not nervous, not boastful. Just prepared. The bracelet is visible on the hand holding the keys. Fluorescent office light, late afternoon quiet. A wall clock shows 4:45 PM. Other workstations are being cleared — the shift change is beginning. This is Aldrin's final sign-off before Tess takes her first fully independent shift.","Photorealistic documentary image of supervisor and nurse reviewing completed readiness checklist at workstation, calm professional tone, realistic office, 35mm lens.","Aldrin holds up the printed assignment sheet and nods once at Tess — professional approval, no theater. He says something brief — two words. Tess nods back. She shifts the nursing bag strap on her shoulder and touches the bracelet on her wrist briefly with her right hand. Aldrin turns back to his workstation. Tess walks toward the exit door without looking back. The camera stays on the exit door as it closes behind her.","12","2","Character anchor: Tess, Filipina, early 30s, tied-back dark hair, navy scrubs, woven bracelet left wrist, calm eyes, consistent badge and stethoscope. Supervisor: consistent from S26. Readiness confirmation posture.","anime, cartoon, CGI, plastic skin, distorted hands, extra fingers, watermark, oversaturated HDR, fantasy lighting, stock-photo smile","Medium two-shot — side angle","Compliance obligations; Accountability","ACHC Cultural Competence Expectations; Readiness Certification","LO1|LO3","Debrief — Challenge 6","Integrated competency and readiness confirmation","C6","D6","Debrief narrative","High","Supervisor then DON","Completed readiness checklist and supervisor sign-off","Strengthens safe repeatable independent practice","High","Mapped","","","","","","","","","","","COMPLETE"
"M01-S41-EC9","M01","Act 3","S41-EC9","educator-commentary","Educator Side Comment: Readiness Judgment","Pre-shift chart station — agency office","Readiness is operational, not emotional. A competent clinician is one whose decisions are consistently sequenced, escalated when needed, and documented with enough specificity that another clinician can safely continue care.","32","Educator coaching","Soft instructional overlay","Return to narrative flow","Agency exit doorway — Tess has just stepped through. From the inside: the door is in the process of closing, Tess's retreating figure visible through the door glass in the hallway beyond. Aldrin stands at his workstation in the background, watching the door close. A semi-transparent 'Educator Note' overlay banner appears in the lower third of the frame. The visual emphasis is on readiness as a behavioral outcome — not a feeling, but a demonstrated track record. This is an instructor commentary pause card tied to S41.","Photorealistic documentary image of supervisor and nurse reviewing completed readiness checklist at workstation, calm professional tone, realistic office, 35mm lens.","Near-static hold on the exit door closing behind Tess. Her silhouette is visible through the door glass as she walks away down the hallway. Aldrin is a blurred figure at his workstation in the background. The instructor overlay banner fades in at the bottom. The door finishes closing. The frame holds on the closed door for one beat.","10","1","Character anchor: Tess, Filipina, early 30s, tied-back dark hair, navy scrubs, woven bracelet left wrist, calm eyes, consistent badge and stethoscope. Supervisor: consistent from S26. Readiness confirmation posture.","anime, cartoon, CGI, plastic skin, distorted hands, extra fingers, watermark, oversaturated HDR, fantasy lighting, stock-photo smile","Medium two-shot — side angle","Operational judgment; Compliance obligations; Accountability","ACHC Cultural Competence Expectations; Readiness Certification","LO1|LO3","In-the-moment instruction","Independent shift readiness review","C6","D6","educator commentary","Moderate","Supervisor then DON","Completed readiness checklist and supervisor sign-off","Bridges narrative signal to safety decision making","Moderate","Mapped","","","","","","","","","","","COMPLETE"
"M01-S42","M01","Act 3","S42","challenge","Final Assessment Q1: Barrier Prioritization","Simulation — pre-shift triage","Final simulation. Tess's first fully independent shift. Three patients assigned. One has a documented language barrier and no interpreter pre-scheduled. One has a pain management concern flagged by the prior visiting clinician in yesterday's note. One has a new wound assessment order added by the physician overnight. Before leaving the agency, she needs to write a pre-shift prioritization note. What does it contain?

Challenge_Question: Three patients on Tess's first independent shift — language barrier with no interpreter pre-scheduled, prior-flagged pain management concern, and a new wound assessment order. What is the most defensible pre-shift prioritization note before departure?

Option_A: A structured note that explicitly identifies each patient's communication barrier type and status, urgency marker and clinical flag, required pre-visit action (interpreter activation, pain follow-up contact, wound supply confirmation), and escalation threshold — documented and time-stamped before departure from the agency.

Option_B: A note listing all three patients with their appointment times, addresses, and primary visit purposes — sufficient to begin the shift and address barriers when they are encountered at each home.

Option_C: A note documenting only the new wound assessment order patient, since the new physician order represents the primary clinical obligation of the day and the other two visits are routine follow-ups.

Option_D: A note deferring all barrier identification and flagging to point of care at each home visit, since each situation is best assessed in real time with the patient present rather than anticipated in advance.

Correct_Answer: A

Operational_Rationale: Pre-visit barrier identification is not preparatory paperwork. It is patient safety infrastructure. A clinician who arrives at a limited-English patient's home without a pre-activated interpreter has already created a workflow failure before the door opens — because interpreter activation requires time that cannot be absorbed at the bedside when the patient is waiting and the visit window is fixed. A clinician who arrives at a patient with a flagged pain concern without reviewing the prior note and confirming whether the concern has escalated begins the visit without situational awareness of what the chart already knows. A clinician who arrives for a wound assessment without confirming that the required specialized supplies are in the nursing bag may face a visit that cannot be completed safely or must be aborted.

Option A is correct because it requires the clinician to actively resolve each known barrier before it becomes a point-of-care event. The interpreter activation call alone can take ten to fifteen minutes to complete. If that time is attempted at the patient's kitchen table, it absorbs the visit window, leaves the patient waiting, and creates pressure to compress or skip steps that follow. Activating before departure means the interpreter ID is already in the chart before the clinician's car leaves the parking lot.

Option B records the schedule without the preparation. The schedule is not the safety net — the barrier resolution is. A note with three names, three addresses, and three appointment times tells the next reviewer that the shift existed. It does not tell the reviewer that the clinician identified the interpreter gap, closed it, confirmed the pain follow-up, or verified the wound supplies. If something goes wrong at any of those three visits, the pre-shift note is one of the first documents examined. A note that shows three patient names and nothing else does not answer the question that reviewer will ask: did this clinician identify the known risks before the shift began?

Option C creates a triage error by ranking task type over patient risk profile. A new physician wound assessment order is clinically significant. But a patient with a documented language barrier and no pre-arranged interpreter represents an immediate visit execution failure that affects every clinical exchange in the session — including the teaching or assessment that is the primary purpose of the visit. Ranking the wound order above the language barrier because it comes from a physician creates the illusion of clinical priority without the operational reality.

Option D is the inverse of safe practice. Known barriers that can be resolved before departure — a missing interpreter activation, a pain flag that needs follow-up contact, a supply check for a wound kit — do not become resolved by waiting until the clinician is standing at the patient's door. They compound. A clinician who arrives at three consecutive visits without pre-visit barrier resolution is not responding in real time — they are encountering predictable problems without preparation, which produces compounded delay, documentation gaps, and patient safety risk across the full shift.

Full_Debrief: The pre-shift prioritization note is an evidence document. Under normal conditions when the shift proceeds without incident, no one reads it. When something goes wrong — a patient is harmed, a grievance is filed, a survey is triggered, a chart is audited — the pre-shift note is among the first documents reviewed. It answers the question: did this clinician identify the known risks before the shift began and demonstrate situational awareness before arriving at each patient's home?

A note that reads ""Patient 1 — 9 AM — [address]. Patient 2 — 11 AM — [address]. Patient 3 — 1 PM — [address]"" does not answer that question. A note that reads ""Patient 1: Spanish-speaking, no interpreter pre-scheduled, activated Interpreter Services at 0712, interpreter ID confirmed, visit sequence adjusted to 9:15 AM to allow connection time. Patient 2: pain management concern flagged by prior clinician in 11/14 note, contacted supervisor at 0720 to confirm whether escalation occurred, confirmed stable — monitor during visit and document pain assessment. Patient 3: new wound assessment order from Dr. [name] overnight, confirmed wound care kit in bag, sterile supplies verified, physician contact confirmed available if intra-visit escalation needed"" answers it completely. That note shows situational awareness, proactive barrier resolution, and a documented decision trail before a single visit has begun.

ACHC accreditation standards require not just that care was provided, but that care was planned with known barriers addressed in advance. The pre-shift note is where advance barrier management is documented. It is not an optional step for organized clinicians. It is the documented evidence that the clinician knew what was waiting at each door and prepared accordingly.","48","High-focus","Simulation intro fade in","Cut to FA Q2","Agency nursing station — pre-shift morning, 7:45 AM. The station is active but not at full capacity — two other clinicians at adjacent workstations, one on the phone, one reviewing a chart. Tess stands at her workstation — she has not yet sat down. Her nursing bag is packed and standing on the floor beside the desk. Her car keys are visible on the desk surface. The computer monitor shows the day's patient assignment schedule. On the desk beside the keyboard, a clipboard holds a pre-shift structured note form — a form with clear field sections: Patient 1, Patient 2, Patient 3, each with sub-fields for barrier type, required pre-action, and escalation threshold. Tess is writing in the Patient 1 section with a pen. Beside the clipboard: her phone, screen up. A wall clock behind the workstation shows 7:45 AM. Her expression: methodical, focused, not hurried — this is pre-departure preparation discipline. The bracelet is visible on her writing left wrist. The whiteboard on the wall behind the workstations shows three patient names with assignment markers beside them.","Photorealistic documentary medium close shot, agency nursing station pre-shift morning 7:45 AM, Filipina nurse early 30s standing at workstation with packed nursing bag on floor and car keys on desk surface, computer monitor showing patient assignment schedule, clipboard on desk with structured pre-shift note form showing Patient 1/2/3 sections with barrier and escalation fields, nurse writing in Patient 1 section with pen, phone screen-up beside clipboard, wall clock showing 7:45 AM, whiteboard behind with three patient names and assignment markers, methodical focused not-hurried expression, woven bracelet visible on writing left wrist, fluorescent morning office light, other clinicians at adjacent workstations in background, 35mm lens, documentary realism, authentic pre-shift preparation.","Tess writes a structured entry in the first patient section of the clipboard form. She sets the pen down, picks up her phone, and dials a number. She speaks briefly — the interpreter activation call — then writes a number on the clipboard form beside a field label. She moves to the second patient section and writes a short follow-up note. She picks up the phone again and sends a text. She moves to the third patient section, writes supply confirmation notes. She sets the pen down, picks up her car keys, looks at the clipboard once more, then lifts the nursing bag from the floor.","15","2","Tess, Filipina, early 30s, navy scrubs, woven bracelet on writing left wrist, clipboard with structured note form, car keys on desk, packed nursing bag. Agency nursing station — 7:45 AM morning. Pre-shift confidence and preparation energy — different from earlier scenes of uncertainty. Clock visible.","anime, cartoon, CGI, plastic skin, distorted hands, extra fingers, watermark, oversaturated HDR, fantasy lighting, stock-photo smile","Medium prep shot","Communication barriers; Cultural awareness; Operational prioritization","Daily Assignment Protocol; Pre-Visit Barrier SOP","LO3","Final Competency — Q1","Barrier prioritization before patient contact","FA-Q1","FA-Debrief","Simulation challenge","Moderate","Charge nurse if triage conflict","Pre-visit barrier note with language, urgency, and escalation threshold","Improves visit sequencing and patient safety","Moderate","Mapped","Three patients on Tess's first independent shift — language barrier with no interpreter pre-scheduled, prior-flagged pain management concern, and a new wound assessment order. What is the most defensible pre-shift prioritization note before departure?","A structured note that explicitly identifies each patient's communication barrier type and status, urgency marker and clinical flag, required pre-visit action (interpreter activation, pain follow-up contact, wound supply confirmation), and escalation threshold — documented and time-stamped before departure from the agency.","A note listing all three patients with their appointment times, addresses, and primary visit purposes — sufficient to begin the shift and address barriers when they are encountered at each home.","A note documenting only the new wound assessment order patient, since the new physician order represents the primary clinical obligation of the day and the other two visits are routine follow-ups.","A note deferring all barrier identification and flagging to point of care at each home visit, since each situation is best assessed in real time with the patient present rather than anticipated in advance.","0","A","","Pre-visit barrier identification is not preparatory paperwork. It is patient safety infrastructure. A clinician who arrives at a limited-English patient's home without a pre-activated interpreter has already created a workflow failure before the door opens — because interpreter activation requires time that cannot be absorbed at the bedside when the patient is waiting and the visit window is fixed. A clinician who arrives at a patient with a flagged pain concern without reviewing the prior note and confirming whether the concern has escalated begins the visit without situational awareness of what the chart already knows. A clinician who arrives for a wound assessment without confirming that the required specialized supplies are in the nursing bag may face a visit that cannot be completed safely or must be aborted.

Option A is correct because it requires the clinician to actively resolve each known barrier before it becomes a point-of-care event. The interpreter activation call alone can take ten to fifteen minutes to complete. If that time is attempted at the patient's kitchen table, it absorbs the visit window, leaves the patient waiting, and creates pressure to compress or skip steps that follow. Activating before departure means the interpreter ID is already in the chart before the clinician's car leaves the parking lot.

Option B records the schedule without the preparation. The schedule is not the safety net — the barrier resolution is. A note with three names, three addresses, and three appointment times tells the next reviewer that the shift existed. It does not tell the reviewer that the clinician identified the interpreter gap, closed it, confirmed the pain follow-up, or verified the wound supplies. If something goes wrong at any of those three visits, the pre-shift note is one of the first documents examined. A note that shows three patient names and nothing else does not answer the question that reviewer will ask: did this clinician identify the known risks before the shift began?

Option C creates a triage error by ranking task type over patient risk profile. A new physician wound assessment order is clinically significant. But a patient with a documented language barrier and no pre-arranged interpreter represents an immediate visit execution failure that affects every clinical exchange in the session — including the teaching or assessment that is the primary purpose of the visit. Ranking the wound order above the language barrier because it comes from a physician creates the illusion of clinical priority without the operational reality.

Option D is the inverse of safe practice. Known barriers that can be resolved before departure — a missing interpreter activation, a pain flag that needs follow-up contact, a supply check for a wound kit — do not become resolved by waiting until the clinician is standing at the patient's door. They compound. A clinician who arrives at three consecutive visits without pre-visit barrier resolution is not responding in real time — they are encountering predictable problems without preparation, which produces compounded delay, documentation gaps, and patient safety risk across the full shift.","The pre-shift prioritization note is an evidence document. Under normal conditions when the shift proceeds without incident, no one reads it. When something goes wrong — a patient is harmed, a grievance is filed, a survey is triggered, a chart is audited — the pre-shift note is among the first documents reviewed. It answers the question: did this clinician identify the known risks before the shift began and demonstrate situational awareness before arriving at each patient's home?

A note that reads ""Patient 1 — 9 AM — [address]. Patient 2 — 11 AM — [address]. Patient 3 — 1 PM — [address]"" does not answer that question. A note that reads ""Patient 1: Spanish-speaking, no interpreter pre-scheduled, activated Interpreter Services at 0712, interpreter ID confirmed, visit sequence adjusted to 9:15 AM to allow connection time. Patient 2: pain management concern flagged by prior clinician in 11/14 note, contacted supervisor at 0720 to confirm whether escalation occurred, confirmed stable — monitor during visit and document pain assessment. Patient 3: new wound assessment order from Dr. [name] overnight, confirmed wound care kit in bag, sterile supplies verified, physician contact confirmed available if intra-visit escalation needed"" answers it completely. That note shows situational awareness, proactive barrier resolution, and a documented decision trail before a single visit has begun.

ACHC accreditation standards require not just that care was provided, but that care was planned with known barriers addressed in advance. The pre-shift note is where advance barrier management is documented. It is not an optional step for organized clinicians. It is the documented evidence that the clinician knew what was waiting at each door and prepared accordingly.

Detailed_Image_Description: Agency nursing station — pre-shift morning, 7:45 AM. The station is active but not at full capacity — two other clinicians at adjacent workstations, one on the phone, one reviewing a chart. Tess stands at her workstation — she has not yet sat down. Her nursing bag is packed and standing on the floor beside the desk. Her car keys are visible on the desk surface. The computer monitor shows the day's patient assignment schedule. On the desk beside the keyboard, a clipboard holds a pre-shift structured note form — a form with clear field sections: Patient 1, Patient 2, Patient 3, each with sub-fields for barrier type, required pre-action, and escalation threshold. Tess is writing in the Patient 1 section with a pen. Beside the clipboard: her phone, screen up. A wall clock behind the workstation shows 7:45 AM. Her expression: methodical, focused, not hurried — this is pre-departure preparation discipline. The bracelet is visible on her writing left wrist. The whiteboard on the wall behind the workstations shows three patient names with assignment markers beside them.

FLUX1Dev_Image_Prompt: Photorealistic documentary medium close shot, agency nursing station pre-shift morning 7:45 AM, Filipina nurse early 30s standing at workstation with packed nursing bag on floor and car keys on desk surface, computer monitor showing patient assignment schedule, clipboard on desk with structured pre-shift note form showing Patient 1/2/3 sections with barrier and escalation fields, nurse writing in Patient 1 section with pen, phone screen-up beside clipboard, wall clock showing 7:45 AM, whiteboard behind with three patient names and assignment markers, methodical focused not-hurried expression, woven bracelet visible on writing left wrist, fluorescent morning office light, other clinicians at adjacent workstations in background, 35mm lens, documentary realism, authentic pre-shift preparation.

LTX23Dev_Video_Generation_Prompt: Tess writes a structured entry in the first patient section of the clipboard form. She sets the pen down, picks up her phone, and dials a number. She speaks briefly — the interpreter activation call — then writes a number on the clipboard form beside a field label. She moves to the second patient section and writes a short follow-up note. She picks up the phone again and sends a text. She moves to the third patient section, writes supply confirmation notes. She sets the pen down, picks up her car keys, looks at the clipboard once more, then lifts the nursing bag from the floor.

Estimated_Card_Duration: 15 seconds LTX_Generation_Count: 2

PuLID_Character_Guidance: Tess, Filipina, early 30s, navy scrubs, woven bracelet on writing left wrist, clipboard with structured note form, car keys on desk, packed nursing bag. Agency nursing station — 7:45 AM morning. Pre-shift confidence and preparation energy — different from earlier scenes of uncertainty. Clock visible.","COMPLETE"
"M01-S43","M01","Act 3","S43","challenge","Final Assessment Q2: Complex Interaction","Simulation — high-stakes visit","Second patient of Tess's independent shift. Limited English. Family present and offering to interpret. While Tess is reviewing the care plan at the kitchen table, the patient reports a new symptom — shortness of breath — that was not in the morning chart. The family member leans forward and offers to translate the patient's description.

Challenge_Question: Second patient of the shift — limited English, family offering to interpret, patient reports new shortness of breath not in the morning chart. What is the most defensible complete response sequence?

Option_A: Pause immediately. Assess the new symptom at the bedside — vital signs, patient report, observable clinical indicators — before proceeding with any teaching. Activate the qualified interpreter for the symptom assessment and all subsequent communication. Escalate the new symptom to the supervising clinician during this visit, with your bedside findings, before leaving. Document the new symptom, the interpreter activation, the clinical assessment, the escalation, and the follow-up plan before you leave the home.

Option_B: Accept the family member's offer to interpret the symptom description in order to move quickly — a new symptom requires fast action and the interpreter line will add delay. Complete the symptom assessment with family interpretation, escalate to the supervisor after the scheduled teaching session is also complete so the visit can be fully closed out in one call.

Option_C: Escalate to the supervisor before doing any clinical assessment, explaining that you have observed a new symptom that was not in your chart. Wait for supervisor guidance before proceeding at the bedside to avoid liability exposure from an undocumented finding.

Option_D: Complete the scheduled teaching session first since the family is present, engaged, and the teaching materials are ready. Assess the shortness of breath as an addendum at the end of the visit, then escalate based on your findings at the close of the visit.

Correct_Answer: A

Operational_Rationale: A new symptom reported by a patient during a home visit is a clinical finding that supersedes the scheduled visit agenda. Shortness of breath in an elderly patient with a home health care plan represents a potential acute change that requires immediate bedside assessment, not deferral while a teaching session is completed. The scheduled agenda is secondary to an uninvestigated clinical finding.

Option A sequences correctly: clinical assessment first, with whatever rapid evaluation tools are available at the bedside — pulse oximetry if in the kit, respiratory rate observation, patient-reported onset and severity, observable clinical indicators. Communication environment controlled second, through proper interpreter activation, so that the symptom assessment itself is conducted through a qualified interpreter who can accurately transmit the patient's description of symptoms. Escalation third, with actual bedside findings to report — not a vague ""I see something unexpected"" call, but specific clinical data for the supervisor to act on. Documentation fourth: the sequence, the findings, the interpreter, the assessment result, the escalation content and response, the follow-up plan.

Option B introduces two compounding failures simultaneously. The first: using a family member to interpret a new symptom description. Family members in home health settings consistently soften, minimize, or reframe symptom descriptions — not from dishonesty but from the instinct to protect. A daughter who hears her mother describe chest tightness alongside shortness of breath may transmit only ""she says she's a little short of breath"" because the chest tightness sounds alarming and she doesn't want to escalate. The clinical description reaching the nurse through a family interpreter is not the patient's symptom description. It is the family member's interpretation of it, filtered through their emotional response. The second failure: deferring escalation until after teaching is complete. A patient who is experiencing an acute symptom change should not be the subject of a planned teaching session while that symptom is uninvestigated. If the patient deteriorates during the teaching session, the chart will show the teaching was completed while the symptom was known and unaddressed.

Option C is premature escalation without clinical information. A supervisor receiving a call that says ""I see a new symptom not in the chart"" cannot direct clinical care from a remote location without assessment data. They cannot determine urgency, whether emergency services should be called, whether the visit should be terminated, or what the appropriate next step is. Calling before assessment delays the assessment that would generate the information needed for any meaningful supervisor guidance. The clinician's first obligation is to assess, then escalate with findings.

Option D is the most clinically hazardous choice in this set. Teaching scheduled content around an active, unassessed new symptom means the clinician has observed a potential patient safety signal and proceeded as if it is not there. If the patient's shortness of breath is the early presentation of fluid overload, a pulmonary event, or a medication complication, and the chart shows the teaching session was completed in full while the symptom was present and noted only in an end-of-visit addendum, the documentation sequence creates a liability chain that no charting language can fully correct after the fact.

Full_Debrief: The chart from this visit must show a complete and defensible sequence: new symptom identified at a specific documented time and by whose report, clinical assessment performed with objective findings including what was observed and what the patient reported through the qualified interpreter, interpreter activated before clinical communication began with interpreter ID documented and method noted, supervisor contacted with specific bedside findings and supervisor's name and time of call and supervisor's direction documented, teaching session completed after symptom assessment if clinical status supported proceeding, or deferred if clinical assessment indicated teaching was not appropriate to continue, teach-back result if teaching proceeded documented as what the patient demonstrated rather than what they said they understood, follow-up plan for the new symptom with specific next steps and responsible party.

If the chart shows ""patient reported SOB, teaching completed, called supervisor at end of visit"" — that sequence will be flagged in a quality review. The escalation at end of visit with no documentation of when the symptom was assessed, what was found during assessment, and whether the assessment result informed the decision to proceed with teaching is the failure pattern that ACHC surveyors identify as inadequate clinical response to a new finding. Standards require that new clinical information receive a real-time response — not a deferred one after the scheduled activity concludes.","52","Tense competent","Cut from FA Q1","Cut to FA Q3","Second patient's kitchen table mid-visit. Tess is seated at the kitchen table with care plan materials — a printed care plan, her tablet, a teaching folder. The materials have been pushed slightly toward the center of the table — she is not currently in the teaching session. The patient is an elderly woman, East Asian appearance, 70s, seated across from Tess. She has one hand placed flat on her sternum — just below her collarbone — and is speaking. Her expression: seeking, slightly concerned. The family member — a woman in her 40s, likely her daughter — is seated adjacent to the patient at the table corner. She has leaned forward toward Tess, mouth slightly open, about to speak — offering to translate. Tess has one hand held up slightly toward the family member — palm partially visible, a gentle ""one moment"" gesture that does not touch and is not aggressive. Her other hand — the left hand — has moved to her nursing bag on the floor beside her chair and her fingers are reaching into the front pocket — she is reaching for her stethoscope. Her expression is locked on the patient, not the family member. Clinical assessment posture — direct eye contact with the patient, listening, the body already orienting toward assessment before the verbal response is complete. Natural kitchen daylight. The same kitchen environment established for this patient — modest, unfamiliar to Tess, first visit. Bracelet visible on the bag-reaching left hand.","Photorealistic documentary medium shot, second patient's kitchen table mid-visit, care plan materials pushed toward table center, elderly East Asian female patient 70s speaking with one hand flat on sternum below collarbone with concerned seeking expression, adult daughter 40s leaning forward at table corner with mouth slightly open about to offer to translate, Filipina nurse early 30s with right hand held partially up in gentle one-moment gesture toward daughter and left hand reaching into nursing bag on floor toward front pocket for stethoscope — eyes directly on patient not daughter, clinical assessment orientation already beginning before verbal response complete, woven bracelet visible on bag-reaching left hand, natural kitchen daylight, modest unfamiliar kitchen environment first visit, 35mm lens, documentary realism, complex clinical observation moment.","The patient speaks and places her hand on her sternum. The daughter leans forward to speak. Tess raises her right hand slightly toward the daughter — a gentle, brief pause gesture — while keeping her eyes on the patient. Her left hand moves to the nursing bag on the floor and her fingers pull out her stethoscope. She speaks to the patient directly in simple English — one question. She picks up her phone with her right hand as she draws the stethoscope over her shoulders.","15","2","Tess, Filipina, early 30s, navy scrubs, woven bracelet on left hand reaching into bag, stethoscope being retrieved, right hand in gentle pause gesture. Patient: elderly East Asian female, 70s, hand on sternum. Daughter: 40s, leaning forward to translate — paused by Tess's gesture. Same modest kitchen — natural daylight. First visit to this patient — Tess is not settled in this home yet.","anime, cartoon, CGI, plastic skin, distorted hands, extra fingers, watermark, oversaturated HDR, fantasy lighting, stock-photo smile","Wide to medium close","Communication barriers; Escalation/reporting; Patient rights","Escalation SOP; Interpreter SOP; Patient Rights Policy","LO3|LO5","Final Competency — Q2","Complex barrier navigation with urgency management","FA-Q2","FA-Debrief","Simulation challenge","High","Supervisor then DON if urgent","Document symptoms, interpreter status, escalation rationale, and patient response","Mitigates risk of delayed treatment and rights violation simultaneously","High","Mapped","Second patient of the shift — limited English, family offering to interpret, patient reports new shortness of breath not in the morning chart. What is the most defensible complete response sequence?","Pause immediately. Assess the new symptom at the bedside — vital signs, patient report, observable clinical indicators — before proceeding with any teaching. Activate the qualified interpreter for the symptom assessment and all subsequent communication. Escalate the new symptom to the supervising clinician during this visit, with your bedside findings, before leaving. Document the new symptom, the interpreter activation, the clinical assessment, the escalation, and the follow-up plan before you leave the home.","Accept the family member's offer to interpret the symptom description in order to move quickly — a new symptom requires fast action and the interpreter line will add delay. Complete the symptom assessment with family interpretation, escalate to the supervisor after the scheduled teaching session is also complete so the visit can be fully closed out in one call.","Escalate to the supervisor before doing any clinical assessment, explaining that you have observed a new symptom that was not in your chart. Wait for supervisor guidance before proceeding at the bedside to avoid liability exposure from an undocumented finding.","Complete the scheduled teaching session first since the family is present, engaged, and the teaching materials are ready. Assess the shortness of breath as an addendum at the end of the visit, then escalate based on your findings at the close of the visit.","0","A","","A new symptom reported by a patient during a home visit is a clinical finding that supersedes the scheduled visit agenda. Shortness of breath in an elderly patient with a home health care plan represents a potential acute change that requires immediate bedside assessment, not deferral while a teaching session is completed. The scheduled agenda is secondary to an uninvestigated clinical finding.

Option A sequences correctly: clinical assessment first, with whatever rapid evaluation tools are available at the bedside — pulse oximetry if in the kit, respiratory rate observation, patient-reported onset and severity, observable clinical indicators. Communication environment controlled second, through proper interpreter activation, so that the symptom assessment itself is conducted through a qualified interpreter who can accurately transmit the patient's description of symptoms. Escalation third, with actual bedside findings to report — not a vague ""I see something unexpected"" call, but specific clinical data for the supervisor to act on. Documentation fourth: the sequence, the findings, the interpreter, the assessment result, the escalation content and response, the follow-up plan.

Option B introduces two compounding failures simultaneously. The first: using a family member to interpret a new symptom description. Family members in home health settings consistently soften, minimize, or reframe symptom descriptions — not from dishonesty but from the instinct to protect. A daughter who hears her mother describe chest tightness alongside shortness of breath may transmit only ""she says she's a little short of breath"" because the chest tightness sounds alarming and she doesn't want to escalate. The clinical description reaching the nurse through a family interpreter is not the patient's symptom description. It is the family member's interpretation of it, filtered through their emotional response. The second failure: deferring escalation until after teaching is complete. A patient who is experiencing an acute symptom change should not be the subject of a planned teaching session while that symptom is uninvestigated. If the patient deteriorates during the teaching session, the chart will show the teaching was completed while the symptom was known and unaddressed.

Option C is premature escalation without clinical information. A supervisor receiving a call that says ""I see a new symptom not in the chart"" cannot direct clinical care from a remote location without assessment data. They cannot determine urgency, whether emergency services should be called, whether the visit should be terminated, or what the appropriate next step is. Calling before assessment delays the assessment that would generate the information needed for any meaningful supervisor guidance. The clinician's first obligation is to assess, then escalate with findings.

Option D is the most clinically hazardous choice in this set. Teaching scheduled content around an active, unassessed new symptom means the clinician has observed a potential patient safety signal and proceeded as if it is not there. If the patient's shortness of breath is the early presentation of fluid overload, a pulmonary event, or a medication complication, and the chart shows the teaching session was completed in full while the symptom was present and noted only in an end-of-visit addendum, the documentation sequence creates a liability chain that no charting language can fully correct after the fact.","The chart from this visit must show a complete and defensible sequence: new symptom identified at a specific documented time and by whose report, clinical assessment performed with objective findings including what was observed and what the patient reported through the qualified interpreter, interpreter activated before clinical communication began with interpreter ID documented and method noted, supervisor contacted with specific bedside findings and supervisor's name and time of call and supervisor's direction documented, teaching session completed after symptom assessment if clinical status supported proceeding, or deferred if clinical assessment indicated teaching was not appropriate to continue, teach-back result if teaching proceeded documented as what the patient demonstrated rather than what they said they understood, follow-up plan for the new symptom with specific next steps and responsible party.

If the chart shows ""patient reported SOB, teaching completed, called supervisor at end of visit"" — that sequence will be flagged in a quality review. The escalation at end of visit with no documentation of when the symptom was assessed, what was found during assessment, and whether the assessment result informed the decision to proceed with teaching is the failure pattern that ACHC surveyors identify as inadequate clinical response to a new finding. Standards require that new clinical information receive a real-time response — not a deferred one after the scheduled activity concludes.

Detailed_Image_Description: Second patient's kitchen table mid-visit. Tess is seated at the kitchen table with care plan materials — a printed care plan, her tablet, a teaching folder. The materials have been pushed slightly toward the center of the table — she is not currently in the teaching session. The patient is an elderly woman, East Asian appearance, 70s, seated across from Tess. She has one hand placed flat on her sternum — just below her collarbone — and is speaking. Her expression: seeking, slightly concerned. The family member — a woman in her 40s, likely her daughter — is seated adjacent to the patient at the table corner. She has leaned forward toward Tess, mouth slightly open, about to speak — offering to translate. Tess has one hand held up slightly toward the family member — palm partially visible, a gentle ""one moment"" gesture that does not touch and is not aggressive. Her other hand — the left hand — has moved to her nursing bag on the floor beside her chair and her fingers are reaching into the front pocket — she is reaching for her stethoscope. Her expression is locked on the patient, not the family member. Clinical assessment posture — direct eye contact with the patient, listening, the body already orienting toward assessment before the verbal response is complete. Natural kitchen daylight. The same kitchen environment established for this patient — modest, unfamiliar to Tess, first visit. Bracelet visible on the bag-reaching left hand.

FLUX1Dev_Image_Prompt: Photorealistic documentary medium shot, second patient's kitchen table mid-visit, care plan materials pushed toward table center, elderly East Asian female patient 70s speaking with one hand flat on sternum below collarbone with concerned seeking expression, adult daughter 40s leaning forward at table corner with mouth slightly open about to offer to translate, Filipina nurse early 30s with right hand held partially up in gentle one-moment gesture toward daughter and left hand reaching into nursing bag on floor toward front pocket for stethoscope — eyes directly on patient not daughter, clinical assessment orientation already beginning before verbal response complete, woven bracelet visible on bag-reaching left hand, natural kitchen daylight, modest unfamiliar kitchen environment first visit, 35mm lens, documentary realism, complex clinical observation moment.

LTX23Dev_Video_Generation_Prompt: The patient speaks and places her hand on her sternum. The daughter leans forward to speak. Tess raises her right hand slightly toward the daughter — a gentle, brief pause gesture — while keeping her eyes on the patient. Her left hand moves to the nursing bag on the floor and her fingers pull out her stethoscope. She speaks to the patient directly in simple English — one question. She picks up her phone with her right hand as she draws the stethoscope over her shoulders.

Estimated_Card_Duration: 15 seconds LTX_Generation_Count: 2

PuLID_Character_Guidance: Tess, Filipina, early 30s, navy scrubs, woven bracelet on left hand reaching into bag, stethoscope being retrieved, right hand in gentle pause gesture. Patient: elderly East Asian female, 70s, hand on sternum. Daughter: 40s, leaning forward to translate — paused by Tess's gesture. Same modest kitchen — natural daylight. First visit to this patient — Tess is not settled in this home yet.","COMPLETE"
"M01-S44","M01","Act 3","S44","challenge","Final Assessment Q3: Documentation Defensibility","Simulation — charting after visit","After completing the complex second visit — new symptom assessed, interpreter activated, teaching delivered, escalation completed — Tess needs to document. Four charting options are available. Which one is defensible?

Challenge_Question: After a complex visit involving a new symptom, language barrier, and interpreter activation, which charting entry is the most defensible?

Option_A: A structured note that documents: the new symptom identified at a specific time with objective clinical findings in behavioral terms, the communication barrier identified by name and type and status, the interpreter ID and modality and contact time, the teach-back result described as what the patient physically demonstrated rather than what they verbally agreed to, the escalation steps with supervisor name and time of call and supervisor's response and follow-up instruction, and the follow-up plan for the next visit with specific items to verify.

Option_B: Objective clinical findings and the visit date only — with interpreter information filed in a separate note to keep the primary clinical record clean and organized according to charting format.

Option_C: A note stating that the patient understood the education provided, no barriers were encountered, and the visit was completed per care plan — documenting only the final outcome rather than the clinical process.

Option_D: A detailed narrative paragraph describing the full visit in flowing prose, covering the symptom, the family interaction, the teaching, and the escalation — written as a comprehensive account without using the required structured documentation fields.

Correct_Answer: A

Operational_Rationale: Option A is correct because defensible documentation is structured, specific, objective, and sequenced. Each required element in a complete note serves a different downstream audience and purpose. The new symptom documentation, with objective findings and time of identification, serves the next clinician who opens the chart — they need to know what was found, when, and what was done about it. The interpreter ID and method and contact time serve the survey reviewer — without the interpreter ID, the record cannot demonstrate that a qualified interpreter was used rather than a family member or no interpreter at all. The teach-back result documented as what the patient demonstrated — not what they said they understood — serves the patient safety record, because a behavioral demonstration is verifiable evidence of comprehension while a verbal statement of understanding is not. The escalation documentation with supervisor name, time, and supervisor's response serves the compliance and liability record — without supervisor name and call time, the escalation claim cannot be verified. The follow-up plan serves care continuity — the next clinician needs to know what was unresolved at the end of the visit and what specifically they need to check.

Option B separates the interpreter information from the primary clinical record. This creates a documentation architecture problem with direct operational consequences. If a surveyor or quality reviewer pulls the primary visit note and the interpreter information is in a separate note, the primary record appears to document a clinical visit conducted without interpreter services. Surveyors conducting record reviews do not automatically search for secondary notes. The primary note is what they read. If the interpreter ID is not there, the visit appears to have been conducted without qualified interpretation regardless of what is in a secondary file.

Option C is the most operationally dangerous choice because it documents an outcome without the process that produced it. ""Patient understood the education provided"" is an assertion. It has no evidentiary value. It cannot be examined, cross-referenced, or defended when challenged. It does not tell the next clinician what was taught, how understanding was verified, what the patient demonstrated during teach-back, what the symptom finding was, or what the escalation produced. A chart that says ""visit completed per care plan"" when the visit included an unscheduled symptom assessment, an interpreter activation, and a supervisor escalation is not just incomplete — it is a false summary of a complex visit.

Option D — the narrative paragraph — reflects good intentions and may capture accurate information, but fails the structure requirement. Unstructured charting means required fields in the EHR system are not completed, which creates gaps that survive even when the narrative content is thorough. EHR systems and survey reviewers do not extract information from prose paragraphs to populate required fields — they look for fields to be completed. A thorough narrative beside empty required fields produces an incomplete record regardless of how much information is in the prose section.

Full_Debrief: A chart note is not a story. It is an evidence document. It will be reviewed by the next clinician who sees this patient, by a supervisor conducting a documentation quality review, by a QA auditor running a quarterly record audit, by an ACHC or CMS surveyor conducting an accreditation review, and potentially by legal counsel if an adverse event follows the visit. Each of those reviewers needs to find specific information quickly and in a predictable location. That is why structured fields exist.

The most durable habit a home health clinician can build is this: never document only the outcome. Document the process that produced the outcome. ""Patient understood"" is the outcome. ""Patient correctly demonstrated drawing insulin into the syringe to the 15-unit mark, identified the correct injection site on the abdomen, and confirmed the timing as once daily with the morning meal — verified through interpreter [ID number], method: telephone, contact time: 11:42 AM"" is the process that produced the outcome. The difference between those two entries is what separates a defensible note from an assertion.

ACHC surveyors reviewing this chart will look for: the symptom finding with objective description, the interpreter ID with contact method, the teach-back result as demonstrated behavior rather than stated agreement, the escalation record with supervisor name and time, and the follow-up plan with actionable specifics. If any of those elements is absent or replaced with a summary assertion, the note does not meet the evidentiary standard — regardless of the quality of care that actually occurred.","48","Technical precise","Cut from FA Q2","Cut to FA Q4","Second patient's kitchen table — post-visit documentation. The teaching session is complete and the patient and family member have moved to the living room, visible through the kitchen doorway — they are sitting on a couch, the daughter speaking to her mother. The kitchen table is now Tess's workspace. She sits alone at the table, nursing bag beside her chair on the floor, tablet open and positioned upright on a small stand she has propped against the salt shaker. The EHR documentation screen is active on the tablet — visible fields are organized vertically: ""New Symptom/Finding"" — a field that has been partially completed with a typed entry. ""Communication Barrier"" — completed with a dropdown showing ""LEP — Tagalog."" ""Interpreter ID/Method/Time"" — field being actively typed into. ""Teach-Back Result"" — partially filled. ""Escalation — Supervisor Contact"" — blank, awaiting entry. A sticky note is stuck to the edge of the tablet stand — handwritten on it: the interpreter ID number, the supervisor's name, and a time notation in her handwriting. Her pen is in her right hand but she is typing with her left and right hands alternately. Her left hand, bracelet visible, is resting near the keyboard area of the tablet. Her expression: focused, thorough, methodical. Not hurrying. Not summarizing. Filling in each field from the top. Natural kitchen daylight.","Photorealistic documentary medium close shot, second patient's kitchen table post-visit documentation, Filipina nurse early 30s seated alone at table with tablet propped upright showing EHR structured documentation screen with visible field labels — New Symptom/Finding partially filled, Communication Barrier showing LEP Tagalog, Interpreter ID/Method/Time being typed into, Teach-Back Result partially filled, Escalation Supervisor Contact blank, sticky note on tablet stand with handwritten interpreter ID and supervisor name and time, patient and daughter visible through kitchen doorway in living room on couch in background, nursing bag on floor beside chair, woven bracelet visible on left hand near keyboard, focused thorough methodical expression not hurrying, natural kitchen daylight, 35mm lens, documentary realism.","Tess types into the Interpreter ID field on the EHR screen. She checks the sticky note on the tablet edge, reads the ID number, types it in. She moves to the Teach-Back Result field and types a behavioral description — her typing is deliberate, word by word. She looks at her phone call log on the phone lying beside the tablet, checks the supervisor call time, types the supervisor's name and call time into the Escalation field. She scrolls down, confirms the follow-up plan field has content, adds one more line. She reads the completed note on screen from top to bottom. She taps the save button.","15","2","Tess, Filipina, early 30s, navy scrubs, woven bracelet on left hand near keyboard, pen in right hand when not typing. Tablet propped with EHR documentation screen showing structured fields — some complete, some in progress. Sticky note with interpreter ID as critical prop. Patient and daughter visible through doorway — visit concluded. Natural kitchen daylight.","anime, cartoon, CGI, plastic skin, distorted hands, extra fingers, watermark, oversaturated HDR, fantasy lighting, stock-photo smile","Over-shoulder close","Documentation expectations; Accountability","Documentation SOP; ACHC Survey Evidence Standards","LO3","Final Competency — Q3","Defensible charting pattern selection","FA-Q3","FA-Debrief","Simulation challenge","High","Supervisor and QA if discrepancy found","Complete structured note: findings, barrier, interpreter, teach-back, escalation, continuity","Protects care continuity and legal defensibility","High","Mapped","After a complex visit involving a new symptom, language barrier, and interpreter activation, which charting entry is the most defensible?","A structured note that documents: the new symptom identified at a specific time with objective clinical findings in behavioral terms, the communication barrier identified by name and type and status, the interpreter ID and modality and contact time, the teach-back result described as what the patient physically demonstrated rather than what they verbally agreed to, the escalation steps with supervisor name and time of call and supervisor's response and follow-up instruction, and the follow-up plan for the next visit with specific items to verify.","Objective clinical findings and the visit date only — with interpreter information filed in a separate note to keep the primary clinical record clean and organized according to charting format.","A note stating that the patient understood the education provided, no barriers were encountered, and the visit was completed per care plan — documenting only the final outcome rather than the clinical process.","A detailed narrative paragraph describing the full visit in flowing prose, covering the symptom, the family interaction, the teaching, and the escalation — written as a comprehensive account without using the required structured documentation fields.","0","A","","Option A is correct because defensible documentation is structured, specific, objective, and sequenced. Each required element in a complete note serves a different downstream audience and purpose. The new symptom documentation, with objective findings and time of identification, serves the next clinician who opens the chart — they need to know what was found, when, and what was done about it. The interpreter ID and method and contact time serve the survey reviewer — without the interpreter ID, the record cannot demonstrate that a qualified interpreter was used rather than a family member or no interpreter at all. The teach-back result documented as what the patient demonstrated — not what they said they understood — serves the patient safety record, because a behavioral demonstration is verifiable evidence of comprehension while a verbal statement of understanding is not. The escalation documentation with supervisor name, time, and supervisor's response serves the compliance and liability record — without supervisor name and call time, the escalation claim cannot be verified. The follow-up plan serves care continuity — the next clinician needs to know what was unresolved at the end of the visit and what specifically they need to check.

Option B separates the interpreter information from the primary clinical record. This creates a documentation architecture problem with direct operational consequences. If a surveyor or quality reviewer pulls the primary visit note and the interpreter information is in a separate note, the primary record appears to document a clinical visit conducted without interpreter services. Surveyors conducting record reviews do not automatically search for secondary notes. The primary note is what they read. If the interpreter ID is not there, the visit appears to have been conducted without qualified interpretation regardless of what is in a secondary file.

Option C is the most operationally dangerous choice because it documents an outcome without the process that produced it. ""Patient understood the education provided"" is an assertion. It has no evidentiary value. It cannot be examined, cross-referenced, or defended when challenged. It does not tell the next clinician what was taught, how understanding was verified, what the patient demonstrated during teach-back, what the symptom finding was, or what the escalation produced. A chart that says ""visit completed per care plan"" when the visit included an unscheduled symptom assessment, an interpreter activation, and a supervisor escalation is not just incomplete — it is a false summary of a complex visit.

Option D — the narrative paragraph — reflects good intentions and may capture accurate information, but fails the structure requirement. Unstructured charting means required fields in the EHR system are not completed, which creates gaps that survive even when the narrative content is thorough. EHR systems and survey reviewers do not extract information from prose paragraphs to populate required fields — they look for fields to be completed. A thorough narrative beside empty required fields produces an incomplete record regardless of how much information is in the prose section.","A chart note is not a story. It is an evidence document. It will be reviewed by the next clinician who sees this patient, by a supervisor conducting a documentation quality review, by a QA auditor running a quarterly record audit, by an ACHC or CMS surveyor conducting an accreditation review, and potentially by legal counsel if an adverse event follows the visit. Each of those reviewers needs to find specific information quickly and in a predictable location. That is why structured fields exist.

The most durable habit a home health clinician can build is this: never document only the outcome. Document the process that produced the outcome. ""Patient understood"" is the outcome. ""Patient correctly demonstrated drawing insulin into the syringe to the 15-unit mark, identified the correct injection site on the abdomen, and confirmed the timing as once daily with the morning meal — verified through interpreter [ID number], method: telephone, contact time: 11:42 AM"" is the process that produced the outcome. The difference between those two entries is what separates a defensible note from an assertion.

ACHC surveyors reviewing this chart will look for: the symptom finding with objective description, the interpreter ID with contact method, the teach-back result as demonstrated behavior rather than stated agreement, the escalation record with supervisor name and time, and the follow-up plan with actionable specifics. If any of those elements is absent or replaced with a summary assertion, the note does not meet the evidentiary standard — regardless of the quality of care that actually occurred.

Detailed_Image_Description: Second patient's kitchen table — post-visit documentation. The teaching session is complete and the patient and family member have moved to the living room, visible through the kitchen doorway — they are sitting on a couch, the daughter speaking to her mother. The kitchen table is now Tess's workspace. She sits alone at the table, nursing bag beside her chair on the floor, tablet open and positioned upright on a small stand she has propped against the salt shaker. The EHR documentation screen is active on the tablet — visible fields are organized vertically: ""New Symptom/Finding"" — a field that has been partially completed with a typed entry. ""Communication Barrier"" — completed with a dropdown showing ""LEP — Tagalog."" ""Interpreter ID/Method/Time"" — field being actively typed into. ""Teach-Back Result"" — partially filled. ""Escalation — Supervisor Contact"" — blank, awaiting entry. A sticky note is stuck to the edge of the tablet stand — handwritten on it: the interpreter ID number, the supervisor's name, and a time notation in her handwriting. Her pen is in her right hand but she is typing with her left and right hands alternately. Her left hand, bracelet visible, is resting near the keyboard area of the tablet. Her expression: focused, thorough, methodical. Not hurrying. Not summarizing. Filling in each field from the top. Natural kitchen daylight.

FLUX1Dev_Image_Prompt: Photorealistic documentary medium close shot, second patient's kitchen table post-visit documentation, Filipina nurse early 30s seated alone at table with tablet propped upright showing EHR structured documentation screen with visible field labels — New Symptom/Finding partially filled, Communication Barrier showing LEP Tagalog, Interpreter ID/Method/Time being typed into, Teach-Back Result partially filled, Escalation Supervisor Contact blank, sticky note on tablet stand with handwritten interpreter ID and supervisor name and time, patient and daughter visible through kitchen doorway in living room on couch in background, nursing bag on floor beside chair, woven bracelet visible on left hand near keyboard, focused thorough methodical expression not hurrying, natural kitchen daylight, 35mm lens, documentary realism.

LTX23Dev_Video_Generation_Prompt: Tess types into the Interpreter ID field on the EHR screen. She checks the sticky note on the tablet edge, reads the ID number, types it in. She moves to the Teach-Back Result field and types a behavioral description — her typing is deliberate, word by word. She looks at her phone call log on the phone lying beside the tablet, checks the supervisor call time, types the supervisor's name and call time into the Escalation field. She scrolls down, confirms the follow-up plan field has content, adds one more line. She reads the completed note on screen from top to bottom. She taps the save button.

Estimated_Card_Duration: 15 seconds LTX_Generation_Count: 2

PuLID_Character_Guidance: Tess, Filipina, early 30s, navy scrubs, woven bracelet on left hand near keyboard, pen in right hand when not typing. Tablet propped with EHR documentation screen showing structured fields — some complete, some in progress. Sticky note with interpreter ID as critical prop. Patient and daughter visible through doorway — visit concluded. Natural kitchen daylight.","COMPLETE"
"M01-S45","M01","Act 3","S45","challenge","Final Assessment Q4: Dignity and Consent","Simulation — patient consent moment","Third patient of Tess's independent shift. An elderly English-proficient patient who has never received a full explanation of today's wound care procedure. Prior visit notes show the wound care was performed three times without documented consent confirmation or procedure explanation. Tess is about to begin.

Challenge_Question: Before beginning wound care for a patient who has never received a full procedure explanation, which communication sequence best preserves dignity and confirms informed participation?

Option_A: Validate the patient's perspective and current experience by asking how they are feeling today and whether they have any concerns. Explain clearly what the wound care procedure involves, why it is being done, what the patient will feel, and how long it will take. Confirm what the patient understood by asking them to describe back the key points. Explicitly invite them to stop the procedure or ask questions at any point without fear that it will affect their care.

Option_B: Proceed with wound care while explaining the steps as you go, which reduces patient anxiety by making the procedure feel routine and conversational rather than formal and clinical. Patients feel more comfortable when care happens naturally rather than being preceded by formal explanations.

Option_C: Ask the patient to sign a standard consent form before beginning any procedure to create a documented record of consent. Once the form is signed, proceed with care.

Option_D: Reassure the patient that everything is fine, that you have done this procedure many times, and that it will be quick — then begin. Reassurance before a procedure reduces patient anxiety more effectively than technical explanation.

Correct_Answer: A

Operational_Rationale: Option A is the only sequence that achieves three simultaneous goals: informed consent as a verified process, patient dignity preservation through autonomous decision-making, and defensible documentation opportunity. Informed consent in home health is not a form and not a signature. It is a process through which the patient reaches a voluntary and informed decision about whether to proceed with a clinical intervention, having understood what will happen, why, and what it will feel like. Option A verifies that understanding through a teach-back step — asking the patient to describe back the key points — and explicitly protects the patient's right to decline or pause at any point.

Option B mistakes narration for consent. Explaining the steps while performing them is not informed consent — it is real-time narration of an intervention that has already begun. The patient cannot meaningfully consent to a procedure they are already experiencing, because the opportunity to make a voluntary, unpressured decision to decline has already closed. A patient who would have asked Tess to stop, had she been given the explanation in advance and the explicit invitation to decline, cannot stop what has already started without feeling that she is disrupting care or causing a problem. The consent opportunity must precede the procedure, not run alongside it.

Option C reduces the consent process to its administrative artifact. A signature on a consent form is documentation that a consent process occurred. If the process did not occur — if the patient was not given a clear explanation, was not given time to ask questions, was not given an explicit invitation to decline — then the signature is administrative documentation of a process that did not happen. Three prior visits with wound care performed without documented consent confirmation are already a survey finding. A fourth visit with a signed form but no documented explanation, teach-back, or explicit invitation to decline does not correct that pattern. It adds a piece of paper to an ongoing consent failure.

Option D is clinically paternalistic in a way that directly harms the patient's ability to make informed decisions. Telling a patient ""everything is fine"" and ""it will be quick"" before a wound care procedure that the patient has never had explained provides no clinical information on which to base a decision. It replaces information with reassurance. A patient who is anxious about the procedure because she does not know what will happen is not reassured by being told it will be quick — she is dismissed. Her anxiety, which may contain legitimate questions about pain, about the wound status, about what the procedure means for her prognosis, is overridden rather than addressed.

Full_Debrief: Three prior visit notes showing wound care performed without documented consent confirmation are a pattern that will be visible in a survey review. ACHC patient rights standards and CMS conditions of participation both require that patients receive information about their care and have their dignity and autonomy respected in the process. A record showing three consecutive wound care visits with no documented explanation, no documented consent confirmation, and no documented invitation to decline or ask questions is a patient rights finding — not a paperwork irregularity.

Option A, when executed and documented correctly, does two things simultaneously: it provides proper informed consent for this visit, and it creates a documented record that breaks the pattern beginning today. The visit note from this visit should include: what the patient was told about the procedure in specific terms, what the patient demonstrated they understood when asked to describe it back, that the patient voluntarily agreed to proceed, that the patient was informed of their right to stop or ask questions at any point during the procedure, and — if the patient had any concerns or questions before proceeding — what those were and how they were addressed.

That is four documented elements that were absent from all three prior notes. A surveyor reviewing a patient rights audit who finds three notes with no consent documentation and then a fourth note that explicitly documents the full consent process will reach a different conclusion than one who finds four notes with the same absence. The fourth note does not undo the prior three — but it demonstrates that the pattern was recognized and corrected, which is what a correctable finding looks like.","45","Empathic focused","Cut from FA Q3","Cut to FA Q5","Third patient's bedroom — a home care setup. A hospital bed positioned along the wall near a window with a half-drawn curtain. Natural afternoon daylight enters from the window — warm, slightly angled. The patient is an elderly person sitting up against stacked pillows in the hospital bed — gender presentation is neutral in this scene, same patient established for this visit. They are wearing a thin hospital-style gown and are watching Tess with a slightly uncertain expression — cautious but not hostile. Tess has already set up her wound care supplies on the rolling tray table positioned at the foot of the bed — sealed gauze packages, a basin, tape, gloves in a sealed packet. The tray is visible at the bed's foot. Tess has stepped away from the tray and turned fully to face the patient. She is standing at the patient's eye level — not looming over, not too far back. Both of her hands are visible: her right hand is at her side, and her left hand — bracelet visible — is resting on the bedrail with a light, open touch, not gripping. She is speaking. Her posture is open, turned fully toward the patient, not toward the supplies. The rolling tray behind her with the wound care materials is visible but she is not touching it. A family photo in a wooden frame on the dresser beside the bed. A glass of water on the bedside stand.","Photorealistic documentary medium two-shot, home care bedroom with hospital bed near window, elderly patient sitting up against pillows in thin hospital gown with cautious slightly uncertain expression watching nurse, Filipina nurse early 30s standing at patient's eye level facing patient fully — not facing supply tray, left hand with woven bracelet resting lightly on bedrail open touch not gripping, right hand at side, open body posture turned toward patient, wound care rolling tray visible at bed foot with sealed supplies but nurse not touching it — fully explaining before beginning, family photo in wooden frame on dresser, glass of water on bedside stand, warm afternoon daylight through half-drawn curtain, 35mm lens, documentary realism, informed consent communication moment.","Tess finishes positioning the wound care supplies on the rolling tray. She steps back from the tray, turns fully to face the patient, and moves to stand at the patient's eye level beside the bed. She speaks — direct, unhurried, clear. The patient listens, nods once partway through. Tess pauses and asks a question — inviting the patient to describe back what they understood. The patient speaks — two sentences. Tess nods, confirms with one sentence, then asks another question — explicitly inviting the patient to stop or ask anything during the procedure. The patient nods. Only then does Tess turn back toward the rolling supply tray.","15","2","Tess, Filipina, early 30s, navy scrubs, woven bracelet on left hand resting on bedrail, open consent communication posture — fully facing patient, not supply tray. Elderly patient: sitting up in hospital bed, cautious but engaged expression. Home care bedroom — warm afternoon daylight. Rolling supply tray at bed foot with sealed supplies — Tess is NOT touching it during consent communication. Family photo and glass of water as environmental continuity props.","anime, cartoon, CGI, plastic skin, distorted hands, extra fingers, watermark, oversaturated HDR, fantasy lighting, stock-photo smile","Medium close two-shot","Patient rights; Dignity and respect; Respectful communication","Consent Policy; Rights Policy; CLAS Standard 2","LO5","Final Competency — Q4","Consent-first communication with dignity preservation","FA-Q4","FA-Debrief","Simulation challenge","High","Supervisor if refusal occurs","Consent confirmation and patient preference entry with teach-back result","Prevents coercive care risk and supports autonomous decision-making","High","Mapped","Before beginning wound care for a patient who has never received a full procedure explanation, which communication sequence best preserves dignity and confirms informed participation?","Validate the patient's perspective and current experience by asking how they are feeling today and whether they have any concerns. Explain clearly what the wound care procedure involves, why it is being done, what the patient will feel, and how long it will take. Confirm what the patient understood by asking them to describe back the key points. Explicitly invite them to stop the procedure or ask questions at any point without fear that it will affect their care.","Proceed with wound care while explaining the steps as you go, which reduces patient anxiety by making the procedure feel routine and conversational rather than formal and clinical. Patients feel more comfortable when care happens naturally rather than being preceded by formal explanations.","Ask the patient to sign a standard consent form before beginning any procedure to create a documented record of consent. Once the form is signed, proceed with care.","Reassure the patient that everything is fine, that you have done this procedure many times, and that it will be quick — then begin. Reassurance before a procedure reduces patient anxiety more effectively than technical explanation.","0","A","","Option A is the only sequence that achieves three simultaneous goals: informed consent as a verified process, patient dignity preservation through autonomous decision-making, and defensible documentation opportunity. Informed consent in home health is not a form and not a signature. It is a process through which the patient reaches a voluntary and informed decision about whether to proceed with a clinical intervention, having understood what will happen, why, and what it will feel like. Option A verifies that understanding through a teach-back step — asking the patient to describe back the key points — and explicitly protects the patient's right to decline or pause at any point.

Option B mistakes narration for consent. Explaining the steps while performing them is not informed consent — it is real-time narration of an intervention that has already begun. The patient cannot meaningfully consent to a procedure they are already experiencing, because the opportunity to make a voluntary, unpressured decision to decline has already closed. A patient who would have asked Tess to stop, had she been given the explanation in advance and the explicit invitation to decline, cannot stop what has already started without feeling that she is disrupting care or causing a problem. The consent opportunity must precede the procedure, not run alongside it.

Option C reduces the consent process to its administrative artifact. A signature on a consent form is documentation that a consent process occurred. If the process did not occur — if the patient was not given a clear explanation, was not given time to ask questions, was not given an explicit invitation to decline — then the signature is administrative documentation of a process that did not happen. Three prior visits with wound care performed without documented consent confirmation are already a survey finding. A fourth visit with a signed form but no documented explanation, teach-back, or explicit invitation to decline does not correct that pattern. It adds a piece of paper to an ongoing consent failure.

Option D is clinically paternalistic in a way that directly harms the patient's ability to make informed decisions. Telling a patient ""everything is fine"" and ""it will be quick"" before a wound care procedure that the patient has never had explained provides no clinical information on which to base a decision. It replaces information with reassurance. A patient who is anxious about the procedure because she does not know what will happen is not reassured by being told it will be quick — she is dismissed. Her anxiety, which may contain legitimate questions about pain, about the wound status, about what the procedure means for her prognosis, is overridden rather than addressed.","Three prior visit notes showing wound care performed without documented consent confirmation are a pattern that will be visible in a survey review. ACHC patient rights standards and CMS conditions of participation both require that patients receive information about their care and have their dignity and autonomy respected in the process. A record showing three consecutive wound care visits with no documented explanation, no documented consent confirmation, and no documented invitation to decline or ask questions is a patient rights finding — not a paperwork irregularity.

Option A, when executed and documented correctly, does two things simultaneously: it provides proper informed consent for this visit, and it creates a documented record that breaks the pattern beginning today. The visit note from this visit should include: what the patient was told about the procedure in specific terms, what the patient demonstrated they understood when asked to describe it back, that the patient voluntarily agreed to proceed, that the patient was informed of their right to stop or ask questions at any point during the procedure, and — if the patient had any concerns or questions before proceeding — what those were and how they were addressed.

That is four documented elements that were absent from all three prior notes. A surveyor reviewing a patient rights audit who finds three notes with no consent documentation and then a fourth note that explicitly documents the full consent process will reach a different conclusion than one who finds four notes with the same absence. The fourth note does not undo the prior three — but it demonstrates that the pattern was recognized and corrected, which is what a correctable finding looks like.

Detailed_Image_Description: Third patient's bedroom — a home care setup. A hospital bed positioned along the wall near a window with a half-drawn curtain. Natural afternoon daylight enters from the window — warm, slightly angled. The patient is an elderly person sitting up against stacked pillows in the hospital bed — gender presentation is neutral in this scene, same patient established for this visit. They are wearing a thin hospital-style gown and are watching Tess with a slightly uncertain expression — cautious but not hostile. Tess has already set up her wound care supplies on the rolling tray table positioned at the foot of the bed — sealed gauze packages, a basin, tape, gloves in a sealed packet. The tray is visible at the bed's foot. Tess has stepped away from the tray and turned fully to face the patient. She is standing at the patient's eye level — not looming over, not too far back. Both of her hands are visible: her right hand is at her side, and her left hand — bracelet visible — is resting on the bedrail with a light, open touch, not gripping. She is speaking. Her posture is open, turned fully toward the patient, not toward the supplies. The rolling tray behind her with the wound care materials is visible but she is not touching it. A family photo in a wooden frame on the dresser beside the bed. A glass of water on the bedside stand.

FLUX1Dev_Image_Prompt: Photorealistic documentary medium two-shot, home care bedroom with hospital bed near window, elderly patient sitting up against pillows in thin hospital gown with cautious slightly uncertain expression watching nurse, Filipina nurse early 30s standing at patient's eye level facing patient fully — not facing supply tray, left hand with woven bracelet resting lightly on bedrail open touch not gripping, right hand at side, open body posture turned toward patient, wound care rolling tray visible at bed foot with sealed supplies but nurse not touching it — fully explaining before beginning, family photo in wooden frame on dresser, glass of water on bedside stand, warm afternoon daylight through half-drawn curtain, 35mm lens, documentary realism, informed consent communication moment.

LTX23Dev_Video_Generation_Prompt: Tess finishes positioning the wound care supplies on the rolling tray. She steps back from the tray, turns fully to face the patient, and moves to stand at the patient's eye level beside the bed. She speaks — direct, unhurried, clear. The patient listens, nods once partway through. Tess pauses and asks a question — inviting the patient to describe back what they understood. The patient speaks — two sentences. Tess nods, confirms with one sentence, then asks another question — explicitly inviting the patient to stop or ask anything during the procedure. The patient nods. Only then does Tess turn back toward the rolling supply tray.

Estimated_Card_Duration: 15 seconds LTX_Generation_Count: 2

PuLID_Character_Guidance: Tess, Filipina, early 30s, navy scrubs, woven bracelet on left hand resting on bedrail, open consent communication posture — fully facing patient, not supply tray. Elderly patient: sitting up in hospital bed, cautious but engaged expression. Home care bedroom — warm afternoon daylight. Rolling supply tray at bed foot with sealed supplies — Tess is NOT touching it during consent communication. Family photo and glass of water as environmental continuity props.","COMPLETE"
"M01-S46","M01","Act 3","S46","challenge","Final Assessment Q5: Closed-Loop Escalation","Simulation — visit closeout","Closing out the third and final visit of Tess's independent shift. During the wound assessment, she discovers an area of redness at the wound margin that was not documented in any prior visit note. The patient cannot confirm how long it has been there. It may indicate early pressure injury development. The visit is otherwise complete.

Challenge_Question: During wound assessment you find undocumented redness at the wound margin — a possible early-stage pressure injury. Patient cannot confirm when it appeared. Most defensible closeout sequence?

Option_A: Document the finding at the bedside immediately with a specific, objective description — size, location, color, wound margin relationship, skin integrity. Call the supervisor before leaving the home, report the finding with your objective documentation, receive and document the supervisor's instruction and name and call time. Update the care plan to reflect the new finding and the supervisor's directive. Confirm in the closing note that the receiving clinician has been specifically notified of this finding and the follow-up plan.

Option_B: Document the finding thoroughly at the end of the day after all visit notes are complete, to ensure consistency across the full record and to have adequate time to describe it accurately without rushing at the bedside.

Option_C: Tell the patient's family member about the redness and ask them to monitor it over the next several days, calling the agency if it worsens or the patient reports discomfort. No escalation needed at this stage since the finding is only early-stage and not confirmed as a pressure injury.

Option_D: Wait until the next scheduled physician visit or phone consultation to flag the finding, in order to avoid raising patient anxiety prematurely with an unconfirmed diagnosis and to ensure proper physician authorization before documenting a new clinical concern.

Correct_Answer: A

Operational_Rationale: Option A is the only sequence that completes every required link in the closed-loop escalation chain. A new clinical finding discovered during a home visit — particularly one absent from all prior documentation — represents a care continuity breach that must be addressed before the visiting clinician departs. The documentation cannot be separated from the visit in which the finding was made because the timestamp of the documentation is evidence of when the finding was identified and acted upon.

The bedside documentation must be specific and objective: not ""some redness"" but ""approximately 1.5 cm area of non-blanchable erythema at the inferior wound margin, wound edge intact, surrounding skin warm to touch, patient unable to confirm onset."" That level of specificity serves the next clinician, the physician who will receive the escalation, and the supervisor who will review the note. Vague description requires the next clinician to reassess from scratch, effectively resetting the observation rather than building on it.

The same-visit supervisor call is required because the supervisor needs to know before the clinician leaves the home whether the finding changes the care plan, whether additional orders are needed, whether the physician should be contacted today, and whether the next scheduled visit needs to be moved up. None of those decisions can be made with the information ""Tess saw something and will document it later."" They require the specific clinical findings Tess observed.

Option B creates a measurable gap: if documentation occurs at end of day and another clinician is dispatched to this patient for any reason — an after-hours call, an urgent check requested by the family, a concurrent supervisor review of the chart — they open the chart and find no record of the redness. If the next clinician performs wound care without knowing about the finding, the opportunity for early intervention in a potential pressure injury has been lost. If the wound progresses between now and when the note is entered, the progression occurred during a window when the chart showed the finding as undiscovered. That is a documented care coordination failure regardless of the quality of Tess's actual bedside care.

Option C transfers a clinical observation function to a family member without clinical training. Asking a family member to ""watch it and call if it gets worse"" places the identification of pressure injury progression — which requires knowledge of wound staging, tissue assessment, and clinical change indicators — in the hands of someone without that knowledge. By the time a family member judges the finding to be ""worse"" and calls, a Stage 1 finding may have progressed to Stage 2. The preventive intervention window has closed.

Option D delays clinical action to align with an administrative schedule. A new wound finding that may indicate early pressure injury development does not wait for a physician's next scheduled availability. It requires same-day supervisor escalation and, if the supervisor determines physician contact is warranted, same-day physician notification. Waiting for the next scheduled physician contact means the finding sits in an undocumented, unescalated state for a period that could be days. During that period, the wound could progress, other clinicians could touch the wound without knowing about the finding, and the care plan will not reflect the current patient status.

Full_Debrief: The closed-loop escalation chain for a new intra-visit finding must produce a complete, linked sequence of documented events. The chain looks like this: bedside documentation entry with objective description and specific timestamp — this anchors the finding to the visit. Same-visit supervisor call with supervisor's name, the exact time of the call, the specific findings reported, and the supervisor's instruction verbatim or closely paraphrased — this anchors the escalation to a responsible clinical decision-maker. Updated care plan reflecting the new finding and the supervisor's directive — this anchors the clinical response to the care record that every subsequent clinician will read. Closing note that explicitly names the receiving clinician or care team member who has been notified of the finding and the follow-up plan — this closes the care continuity loop before Tess physically leaves the home.

If any of these links is missing, the loop is not closed. An open loop means the next clinician inherits a finding they do not know about, a family who may or may not have been appropriately informed, and a care plan that does not reflect the patient's current status. The ACHC survey standard for care coordination requires that new findings be communicated through the chain of care before the visiting clinician departs the patient's home.

The distinction between ""I documented it at end of day"" and ""I documented it at the bedside and completed the escalation chain before leaving"" is not procedural pedantry. It is the operational difference between a closed loop and an open one. What happens in the gap between when you leave the home and when the next clinician arrives is determined entirely by what the chart says when that clinician opens it.","50","Resolved confident","Cut from FA Q4","Cut to final debrief","Third patient's bedroom — end of visit, wound care complete. The wound site is now dressed — clean gauze in place, secured with tape. The patient is settled in the hospital bed, visibly more relaxed post-procedure, eyes open and calm. The rolling supply tray has been partially repacked — used gloves removed and disposed, empty packaging set aside, remaining supplies consolidated. Tess stands at the wound site with her phone pressed to her left ear — a call in progress. In her right hand, she holds her tablet open to the documentation screen. She is speaking into the phone while typing on the tablet simultaneously — describing the finding she observed, and documenting it at the same time. Her expression: focused, clinical, reporting mode. The bracelet is visible on the left hand holding the phone. The family member — an adult present for this visit — stands in the bedroom doorway at the back of the frame, watching but not interfering. They have the posture of someone waiting to understand what is happening. Tess has not turned to speak to them yet — she is completing the escalation call first. Natural afternoon daylight. The same bedroom established at the beginning of this visit — the half-drawn curtain, the dresser with family photo, the glass of water on the bedside stand. The hospital bed rail is partially lowered on one side.","Photorealistic documentary medium shot, home care bedroom end of visit, wound care complete with fresh dressed wound visible on patient in hospital bed, patient relaxed eyes open post-procedure, rolling supply tray partially repacked with used materials set aside, Filipina nurse early 30s standing at wound site with phone pressed to left ear — call in progress — and tablet open in right hand with documentation screen, speaking and typing simultaneously — clinical reporting mode, woven bracelet visible on phone-holding left hand, focused clinical expression, family member in bedroom doorway in background watching and waiting, natural afternoon daylight through half-drawn curtain, dresser with family photo visible, glass of water on bedside stand, hospital bed rail partially lowered, 35mm lens, documentary realism, closed-loop escalation execution.","Tess stands at the bedside with the phone to her left ear and the tablet open in her right hand. She speaks to her supervisor — describing findings in objective terms. She types on the tablet while speaking. She pauses, listens to her supervisor's instruction, then says the supervisor's name aloud while typing it into the documentation field. She ends the call, looks at the tablet, types one more entry — the follow-up plan. She closes the tablet. She picks up her nursing bag from the floor. She turns to the family member in the doorway and speaks two sentences — the follow-up plan summary for them. Then she walks toward the door.","15","2","Tess, Filipina, early 30s, navy scrubs, woven bracelet on left hand holding phone, tablet in right hand with documentation open. Patient: elderly, wound dressed, relaxed post-procedure in hospital bed. Family member: in doorway, watching and waiting — not interfering. Same bedroom — natural afternoon daylight. End-of-visit energy: deliberate loop-closing, not rushing toward the door.

END OF PART 1. PLEASE SAY ""CONTINUE"" TO PROCEED TO SCENE S47 (Final Debrief), S48 (Thank You for Not Rushing Me), and S49 (Certificate Reveal) — the remaining three production cards for module M01 completion.","anime, cartoon, CGI, plastic skin, distorted hands, extra fingers, watermark, oversaturated HDR, fantasy lighting, stock-photo smile","Medium with document insert","Escalation/reporting; Accountability; Documentation","Escalation SOP; Handoff Continuity Policy","LO3|LO4","Final Competency — Q5","Closed-loop escalation and handoff documentation","FA-Q5","FA-Debrief","Simulation challenge","High","Supervisor then DON then Compliance as indicated","Final handoff note and escalation record with unresolved risk transfer","Ensures all risks are safely transferred and nothing is silently dropped","High","Mapped","During wound assessment you find undocumented redness at the wound margin — a possible early-stage pressure injury. Patient cannot confirm when it appeared. Most defensible closeout sequence?","Document the finding at the bedside immediately with a specific, objective description — size, location, color, wound margin relationship, skin integrity. Call the supervisor before leaving the home, report the finding with your objective documentation, receive and document the supervisor's instruction and name and call time. Update the care plan to reflect the new finding and the supervisor's directive. Confirm in the closing note that the receiving clinician has been specifically notified of this finding and the follow-up plan.","Document the finding thoroughly at the end of the day after all visit notes are complete, to ensure consistency across the full record and to have adequate time to describe it accurately without rushing at the bedside.","Tell the patient's family member about the redness and ask them to monitor it over the next several days, calling the agency if it worsens or the patient reports discomfort. No escalation needed at this stage since the finding is only early-stage and not confirmed as a pressure injury.","Wait until the next scheduled physician visit or phone consultation to flag the finding, in order to avoid raising patient anxiety prematurely with an unconfirmed diagnosis and to ensure proper physician authorization before documenting a new clinical concern.","0","A","","Option A is the only sequence that completes every required link in the closed-loop escalation chain. A new clinical finding discovered during a home visit — particularly one absent from all prior documentation — represents a care continuity breach that must be addressed before the visiting clinician departs. The documentation cannot be separated from the visit in which the finding was made because the timestamp of the documentation is evidence of when the finding was identified and acted upon.

The bedside documentation must be specific and objective: not ""some redness"" but ""approximately 1.5 cm area of non-blanchable erythema at the inferior wound margin, wound edge intact, surrounding skin warm to touch, patient unable to confirm onset."" That level of specificity serves the next clinician, the physician who will receive the escalation, and the supervisor who will review the note. Vague description requires the next clinician to reassess from scratch, effectively resetting the observation rather than building on it.

The same-visit supervisor call is required because the supervisor needs to know before the clinician leaves the home whether the finding changes the care plan, whether additional orders are needed, whether the physician should be contacted today, and whether the next scheduled visit needs to be moved up. None of those decisions can be made with the information ""Tess saw something and will document it later."" They require the specific clinical findings Tess observed.

Option B creates a measurable gap: if documentation occurs at end of day and another clinician is dispatched to this patient for any reason — an after-hours call, an urgent check requested by the family, a concurrent supervisor review of the chart — they open the chart and find no record of the redness. If the next clinician performs wound care without knowing about the finding, the opportunity for early intervention in a potential pressure injury has been lost. If the wound progresses between now and when the note is entered, the progression occurred during a window when the chart showed the finding as undiscovered. That is a documented care coordination failure regardless of the quality of Tess's actual bedside care.

Option C transfers a clinical observation function to a family member without clinical training. Asking a family member to ""watch it and call if it gets worse"" places the identification of pressure injury progression — which requires knowledge of wound staging, tissue assessment, and clinical change indicators — in the hands of someone without that knowledge. By the time a family member judges the finding to be ""worse"" and calls, a Stage 1 finding may have progressed to Stage 2. The preventive intervention window has closed.

Option D delays clinical action to align with an administrative schedule. A new wound finding that may indicate early pressure injury development does not wait for a physician's next scheduled availability. It requires same-day supervisor escalation and, if the supervisor determines physician contact is warranted, same-day physician notification. Waiting for the next scheduled physician contact means the finding sits in an undocumented, unescalated state for a period that could be days. During that period, the wound could progress, other clinicians could touch the wound without knowing about the finding, and the care plan will not reflect the current patient status.","The closed-loop escalation chain for a new intra-visit finding must produce a complete, linked sequence of documented events. The chain looks like this: bedside documentation entry with objective description and specific timestamp — this anchors the finding to the visit. Same-visit supervisor call with supervisor's name, the exact time of the call, the specific findings reported, and the supervisor's instruction verbatim or closely paraphrased — this anchors the escalation to a responsible clinical decision-maker. Updated care plan reflecting the new finding and the supervisor's directive — this anchors the clinical response to the care record that every subsequent clinician will read. Closing note that explicitly names the receiving clinician or care team member who has been notified of the finding and the follow-up plan — this closes the care continuity loop before Tess physically leaves the home.

If any of these links is missing, the loop is not closed. An open loop means the next clinician inherits a finding they do not know about, a family who may or may not have been appropriately informed, and a care plan that does not reflect the patient's current status. The ACHC survey standard for care coordination requires that new findings be communicated through the chain of care before the visiting clinician departs the patient's home.

The distinction between ""I documented it at end of day"" and ""I documented it at the bedside and completed the escalation chain before leaving"" is not procedural pedantry. It is the operational difference between a closed loop and an open one. What happens in the gap between when you leave the home and when the next clinician arrives is determined entirely by what the chart says when that clinician opens it.

Detailed_Image_Description: Third patient's bedroom — end of visit, wound care complete. The wound site is now dressed — clean gauze in place, secured with tape. The patient is settled in the hospital bed, visibly more relaxed post-procedure, eyes open and calm. The rolling supply tray has been partially repacked — used gloves removed and disposed, empty packaging set aside, remaining supplies consolidated. Tess stands at the wound site with her phone pressed to her left ear — a call in progress. In her right hand, she holds her tablet open to the documentation screen. She is speaking into the phone while typing on the tablet simultaneously — describing the finding she observed, and documenting it at the same time. Her expression: focused, clinical, reporting mode. The bracelet is visible on the left hand holding the phone. The family member — an adult present for this visit — stands in the bedroom doorway at the back of the frame, watching but not interfering. They have the posture of someone waiting to understand what is happening. Tess has not turned to speak to them yet — she is completing the escalation call first. Natural afternoon daylight. The same bedroom established at the beginning of this visit — the half-drawn curtain, the dresser with family photo, the glass of water on the bedside stand. The hospital bed rail is partially lowered on one side.

FLUX1Dev_Image_Prompt: Photorealistic documentary medium shot, home care bedroom end of visit, wound care complete with fresh dressed wound visible on patient in hospital bed, patient relaxed eyes open post-procedure, rolling supply tray partially repacked with used materials set aside, Filipina nurse early 30s standing at wound site with phone pressed to left ear — call in progress — and tablet open in right hand with documentation screen, speaking and typing simultaneously — clinical reporting mode, woven bracelet visible on phone-holding left hand, focused clinical expression, family member in bedroom doorway in background watching and waiting, natural afternoon daylight through half-drawn curtain, dresser with family photo visible, glass of water on bedside stand, hospital bed rail partially lowered, 35mm lens, documentary realism, closed-loop escalation execution.

LTX23Dev_Video_Generation_Prompt: Tess stands at the bedside with the phone to her left ear and the tablet open in her right hand. She speaks to her supervisor — describing findings in objective terms. She types on the tablet while speaking. She pauses, listens to her supervisor's instruction, then says the supervisor's name aloud while typing it into the documentation field. She ends the call, looks at the tablet, types one more entry — the follow-up plan. She closes the tablet. She picks up her nursing bag from the floor. She turns to the family member in the doorway and speaks two sentences — the follow-up plan summary for them. Then she walks toward the door.

Estimated_Card_Duration: 15 seconds LTX_Generation_Count: 2

PuLID_Character_Guidance: Tess, Filipina, early 30s, navy scrubs, woven bracelet on left hand holding phone, tablet in right hand with documentation open. Patient: elderly, wound dressed, relaxed post-procedure in hospital bed. Family member: in doorway, watching and waiting — not interfering. Same bedroom — natural afternoon daylight. End-of-visit energy: deliberate loop-closing, not rushing toward the door.

END OF PART 1. PLEASE SAY ""CONTINUE"" TO PROCEED TO SCENE S47 (Final Debrief), S48 (Thank You for Not Rushing Me), and S49 (Certificate Reveal) — the remaining three production cards for module M01 completion.","COMPLETE"
"M01-S47","M01","Act 3","S47","debrief","Final Debrief and Competency Confirmation","Final debrief card","You didn't pass by guessing. You passed by sequencing. In home health, the difference between acceptable and defensible is almost always one of four things: timing, documentation specificity, escalation completeness, or communication verification. Every challenge in this module had a correct answer that required all four — not three, not two. All four. Missing one link doesn't produce a partial credit outcome. It produces an open loop. And open loops in home health don't stay open quietly. They surface in the next clinician's visit, in the QA audit, in the survey reviewer's findings, in the grievance intake form, in the patient's kitchen table six days later when something has gone wrong that didn't need to.

Tess succeeded not because she worked harder than the coworker who cut corners. She documented differently. She escalated when the window was still open. She controlled the communication environment before she started teaching, not after confusion appeared. She caught the near-miss during the teach-back — because she did the teach-back. She reported the incident because she understood that the anti-retaliation clause she read twice in orientation was there specifically so she could. She adapted how she communicated with Mr. Henderson without changing what she was delivering. That's not a personality trait. That's a set of executable workflow skills that she practiced until they became operational reflex.

Carry three things forward. First: every clinical decision has an evidence chain that must exist in the record before you leave the patient's home. The chain is not complete until every link is documented — finding, assessment, interpreter, teach-back, escalation, follow-up. Second: the skills practiced in this module — interpreter workflow activation, teach-back execution, near-miss documentation, closed-loop escalation, pre-shift barrier identification — are not checkbox skills. They are the operational mechanics that determine whether your care is defensible when it is reviewed. Third: cultural competence is not a certificate. It is the daily operational commitment to controlling the communication environment, verifying understanding, and treating every patient's right to accurate information as a non-negotiable clinical standard — regardless of time pressure, family presence, or what the prior clinician documented.

Debrief_Text: Three things the record must show for every complex home health visit: what you found, what you did about it, and what the next clinician needs to know. If those three things are in the chart when you close it, the loop is closed. If one of them is missing, the loop is open. Open loops don't stay quiet.","65","Proud reassuring","Score reveal animation","Cut to closing scene","Agency workstation — Tess's desk, end of shift, same day as the final assessment simulation. The workstation is in end-of-day state: monitor on, EHR open to a completed visit note — the last entry of the shift, a note that has been submitted and is showing in read-only view. The note fields are all completed — no empty fields visible on screen. Tess is not at the desk. The chair is pushed in slightly — she has just left. On the desk surface: her coffee mug from the morning, now empty, a pen, the pre-shift clipboard from S42 with all three patient sections filled in with handwriting, a sticky note with the interpreter ID from the second visit, and a phone charging cable. The desk has the accumulated evidence of a full shift of documented work. The monitor glows with the completed note. Fluorescent overhead. Other workstations around it are either dark or being closed down by other clinicians. The clock on the wall shows 6:05 PM. Through the window: the parking lot in last-light, ordinary. The desk tells the shift's story without Tess in frame. The note on screen is the last thing she did before she left.","Photorealistic documentary medium close shot, agency workstation end of shift 6:05 PM, EHR monitor showing completed submitted visit note in read-only view with all fields populated — no empty fields, chair pushed in slightly as if recently vacated, desk surface showing empty coffee mug and pen and pre-shift clipboard with all three patient sections filled in handwriting and sticky note with interpreter ID and phone charging cable — accumulated evidence of a full documented shift, clock on wall showing 6:05 PM, other workstations dark or closing down in background, last light visible through window showing parking lot, fluorescent overhead, no person in frame — the desk tells the shift, 35mm lens, documentary realism, authentic end-of-shift workstation.","The camera settles on the workstation — empty chair, monitor glowing with the completed visit note. A slow pan across the desk surface: the clipboard with all three patient sections filled in, the sticky note with interpreter ID, the empty coffee mug. The clock on the wall reads 6:05 PM. Through the window in the background: the parking lot in last light. One overhead fluorescent panel in the far background clicks off — another clinician has left. The workstation monitor continues glowing. Still. The shift is done.","20","2","No Tess in frame — environmental debrief card. Workstation continuity from S42 pre-shift. Pre-shift clipboard from S42 now fully filled in — visual arc closure. EHR screen showing completed note as evidence of documentation discipline. Clock: 6:05 PM echoes 7:45 AM from S42 — full shift arc. End-of-day agency atmosphere.","anime, cartoon, CGI, plastic skin, distorted hands, extra fingers, watermark, oversaturated HDR, fantasy lighting, stock-photo smile","Medium close","Competency validation; Cultural awareness; Compliance obligations","ACHC Training Completion Standard; Cultural Competence Policy","LO1|LO3|LO4|LO5","Validation","Reasoning quality confirmation and remediation routing","Final Assessment Aggregate","FA-Debrief","Competency confirmation","Moderate","Remediation branch if score below 80 percent","Competency result, score, and remediation path documented","Supports safe independent practice authorization","Moderate","Mapped","","","","","","","","You did not pass by guessing. You passed by sequencing. In home health, the difference between acceptable and defensible is almost always one of four things: timing, documentation specificity, escalation completeness, or communication verification. Tess succeeded because she adapted her style while preserving her values. She did not become someone else. She translated herself. That is the operational definition of cultural competence — not performance, but practiced precision applied with consistent respect. The learner who completes this module carries three things forward: the knowledge that every clinical decision has an evidence chain that needs to exist in the record; the skill to activate interpreter workflow, perform teach-back, escalate correctly, and document defensibly; and the understanding that cultural competence is not a training badge. It is the daily operational commitment that makes care safer for every patient Tess will ever see.","","You did not pass by guessing. You passed by sequencing. In home health, the difference between acceptable and defensible is almost always one of four things: timing, documentation specificity, escalation completeness, or communication verification. Tess succeeded because she adapted her style while preserving her values. She did not become someone else. She translated herself. That is the operational definition of cultural competence — not performance, but practiced precision applied with consistent respect. The learner who completes this module carries three things forward: the knowledge that every clinical decision has an evidence chain that needs to exist in the record; the skill to activate interpreter workflow, perform teach-back, escalate correctly, and document defensibly; and the understanding that cultural competence is not a training badge. It is the daily operational commitment that makes care safer for every patient Tess will ever see.","COMPLETE"
"M01-S48","M01","Act 3","S48","content","Closing Scene: Thank You for Not Rushing Me","Mr. Henderson front doorway — end of shift","At the doorway, Mr. Henderson says: Thank you for not rushing me. Tess smiles, touches her bracelet, and steps to her next visit carrying both where she came from and what she has mastered. Cultural competence is not a training badge. It is a daily operational commitment. When it is practiced consistently — with documentation, escalation, interpreter workflow, dignity, and verified comprehension — it improves patient safety, builds trust, reduces adverse events, and makes every shift more defensible. This is the work. This is the standard. This is how it is done.","62","Relief pride closure","Ambient music rise","Fade to module completion screen","Mr. Henderson's front doorway — late afternoon, golden light at a low angle. This is a later visit in the module timeline, not the same day as S36–S39 — the light quality and the relaxed finality of the interaction make this feel like a visit further along in the care relationship. Mr. Henderson stands at the open front door. He is more upright than in S18 — his physical improvement is visible. He is using his walker but his weight distribution is more confident, less effortful. He is wearing a blue chambray shirt and dark trousers — slightly more put-together than the flannel and slacks from S36, suggesting this is later in his recovery trajectory. His expression is not theatrical gratitude — it is the quiet, direct acknowledgment of someone who has been genuinely helped. His eyes are on Tess. His grip on the walker handle is relaxed. Tess stands on the porch step one step below the threshold — below his eye level slightly, as she has been throughout the Henderson scenes. Her nursing bag is on her right shoulder. Her tablet is closed and tucked under her left arm. She is in the process of giving a small nod — her chin slightly down, a brief real acknowledgment of what he said. Her right hand has crossed to touch the bracelet on her left wrist — a brief, unconscious gesture, fingers resting on the thread for a moment before she drops her hand and adjusts the tablet under her arm. The bracelet catches the late afternoon golden light. Her expression: a brief small real smile — the corners of the mouth and eyes, settled within a second. Not performed. Through the doorway behind Mr. Henderson: the interior of the house is dim but the living room is visible — the recliner, the side table, the same room but more ordered than in the early visits, less medical equipment visible. His daughter is not in frame this scene — this is between the two of them. The porch has the same rubber doormat, the same wilting potted plant from S18 — but the plant has been moved to a different corner of the porch, and it has been watered, the soil visibly darker. A small detail of normalcy restored. Golden afternoon light — the same quality as S35, same time of day, different location.","Photorealistic documentary medium shot, Mr. Henderson's residential front doorway late afternoon golden light, elderly Caucasian man late 70s standing at open door in blue chambray shirt and dark trousers with walker — more upright and confident than S18, direct quiet gratitude expression, Filipina nurse early 30s on porch step one below threshold with nursing bag on right shoulder and closed tablet under left arm, right hand touching woven bracelet on left wrist briefly — bracelet catching golden light, brief small real smile not performed, original potted plant now in different corner and visibly watered with dark soil, rubber doormat, dim interior living room visible through doorway behind patient, golden afternoon light at low angle, 35mm lens, documentary realism, quiet earned interaction.","Mr. Henderson speaks one sentence from the doorway — looking at Tess directly. His grip on the walker relaxes slightly as he says it. Tess's right hand moves to touch the bracelet on her left wrist — fingers resting on the thread briefly. She gives a small nod and responds with one sentence. Her hand drops from the bracelet. She adjusts the tablet under her arm, shifts the nursing bag strap on her right shoulder. She steps down from the porch and walks toward her car. Mr. Henderson watches her go for a moment. He reaches out and slowly closes the front door.","12","2","Tess, Filipina, early 30s, navy scrubs, woven bracelet on left wrist touched briefly by right hand — bracelet catches golden light, closed tablet under left arm, nursing bag on right shoulder, brief real small smile. Mr. Henderson: same elderly Caucasian male — blue chambray shirt, dark trousers, walker, more upright than S18, direct quiet expression. Porch — potted plant watered and moved, continuity detail. Golden late afternoon light. No daughter in this scene.","anime, cartoon, CGI, plastic skin, distorted hands, extra fingers, watermark, oversaturated HDR, fantasy lighting, stock-photo smile","Wide establishing then close-up bracelet insert","Cultural awareness; Trust outcomes; Patient-centered care","CLAS Outcomes Alignment; Patient Engagement Policy","LO1|LO5","Outcome","Operational trust and cultural competence closure","N/A","N/A","Narrative close","Low","N/A","Optional closing reflection entry","Reinforces that cultural competence is operational practice not policy performance","Low","Mapped","","","","","","","","","","","COMPLETE"
"M01-S49","M01","Act 4","S49","content","The Reveal and the Legacy","Home health agency office — Director of Nursing's desk","The scene shifts. A clinic office — clean, organized, well-lit. A Filipina woman in her early 50s sits at the desk. Her badge reads Director of Nursing. She looks directly at you. On her wrist, next to her watch — the same woven bracelet. Faded now. Threadbare. But still there.

She speaks: You made it. I know — it's a lot of rules, a lot of standards. Some days your feet ache before your shift is halfway done. But every standard you learned today? It's a safety net. For your patients, and for you. You don't have to erase where you came from to be excellent here. You just have to learn how to translate your respect into a language this system understands.

She pauses. Quieter: I know you can do it. Look how far we've both come. Keep your roots strong. Take a breath. Go print that certificate. Your patients are waiting.","90","Warm grounded earned","Scene shift dissolve","Certificate screen reveal","A modern but functional home health agency office. A standard office with a door, a desk, and the accumulated artifacts of twenty years of clinical leadership. Wood-laminate desk over a metal frame — practical, not decorative. On the desk: a closed laptop, a stack of orientation binders with tabbed sections, a ceramic coffee mug with a small chip on the handle rim. A framed photo angled away from the camera. A small potted succulent on the right corner.

The woman seated behind the desk is Filipina, early 50s. Short professional dark hair cut just below the jaw, with natural grey visible at both temples. Natural aging: fine lines at the outer corners of her eyes, weathering around the mouth — twenty years of clinical expression. The same facial bone structure as young Tess — the same wide cheekbones, the same eye shape, the same small mole on the left cheek. She is recognizably the same person, two decades later. Navy blazer over a cream collared blouse. Director of Nursing badge on retractable reel. Relaxed authoritative posture: shoulders square, body slightly forward, forearms resting on the desk. She is not performing authority. She has it.

Her left arm rests on the desk beside the laptop. Between her simple silver watch and the edge of her blazer sleeve: the bracelet. The same thin woven thread bracelet from the grandmother's hands. It has aged visibly: the original earth-brown thread faded to a pale grey-tan over decades of wear. Several strands slightly frayed at the edges. One short section thinner from friction. The grandmother's knot still present — still holding. The bracelet catches the overhead light.

The office: overhead fluorescent mixed with natural window light from the left. Whiteboard behind her showing a partial staff schedule in dry-erase marker. Bookshelf with labeled compliance binders: ACHC Survey Prep, Policy Manual Vol. 1, Policy Manual Vol. 2, QA Records, HR Documentation. A small clock on the whiteboard frame shows 4:45 PM — a direct mirror of the 4:45 AM from S01. Certificate of Completion UI element appears as a clean subtle overlay lower right.","Photorealistic documentary medium shot, modern functional home health agency office, Filipina woman early 50s seated behind standard wood-laminate desk facing camera directly, short professional dark hair cut below jaw with natural grey at temples, natural aging — fine lines at eye corners and weathering around mouth, same wide cheekbones and eye shape and small left-cheek mole as young Tess — recognizably same person older, navy blazer over cream collared blouse, Director of Nursing badge on retractable reel on lapel, warm grounded knowing expression not theatrical, relaxed authoritative posture with forearms on desk, left arm resting beside closed laptop with woven thread bracelet clearly visible between simple silver watch and blazer sleeve — bracelet visibly aged: original earth-brown faded to pale grey-tan, several strands frayed at edges, one two-centimeter section thinner from wear, grandmother's knot still intact and visible, desk with chipped ceramic mug and orientation binders with tabbed edges and small succulent on corner, whiteboard behind with partial staff schedule and compliance binder bookshelf, small clock on whiteboard frame showing 4:45 PM, overhead fluorescent mixed with natural window light from left, Certificate of Completion UI element as clean subtle overlay lower right corner, 35mm lens, true skin texture documentary realism, earned authority presence.","CLIP 1 (0–10s): Older Tess sits at her desk, looking directly at the camera. She holds the gaze for a moment before speaking. Her left hand shifts slightly on the desk — the aged bracelet catches the overhead light briefly. She begins speaking: calm, even, unhurried. Clock behind her reads 4:45 PM. Both forearms on the desk, open posture. She speaks three sentences.

CLIP 2 (10–20s): She pauses mid-speech. Her gaze drops for a moment to her left wrist — to the bracelet. The faintest shift in her expression — not a smile exactly, just recognition. She looks back up at the camera. Her voice quieter. She speaks the final two sentences. A single slow nod at the end. She holds the camera gaze for one beat of stillness after the nod. Certificate of Completion UI element fades in cleanly lower right corner. She keeps her eyes on the learner. Stillness.","20","2","OLDER TESS — critical character reveal and module payoff. Same Filipina ethnicity. NOW early 50s. Short professional dark hair with natural grey at temples — not dyed. Same facial bone structure as young Tess: wide cheekbones, same eye shape, same small mole on left cheek — recognizably the same person, naturally aged. Natural aging: fine lines at eye corners, slight weathering around mouth, softening of jaw. Navy blazer, cream collared blouse, Director of Nursing badge on retractable reel. CRITICAL BRACELET CONTINUITY: Same woven thread bracelet, same left wrist. NOW visibly aged: original earth-brown thread faded to pale grey-tan. Several strands frayed at edges. One short section thinner from two decades of daily wear. Grandmother's knot still intact and visible. Clock at 4:45 PM mirrors 4:45 AM from S01. Expression: warm, grounded, knowing — not inspirational performance.","anime, cartoon, CGI, plastic skin, distorted hands, extra fingers, watermark, oversaturated HDR, fantasy lighting, stock-photo smile, obvious aging makeup, Hollywood glamour","Medium — direct camera address, desk in foreground","Cultural competence; Patient rights; Training completion","ACHC CLAS Domain 1; HR-TD-001 Annual Training","LO1|LO3|LO4|LO5","Module Completion","Certification and training record completion","Final Assessment Complete","N/A","Certificate reveal and legacy close","Low","N/A","LMS completion record","Completes training loop with defensible workflow reinforcement","Low","Mapped","","","","","","","","","","","COMPLETE"
