"Scene_ID","Act","Slide_Number","Scene_Title","Location","Narration_Text","TTS_Pacing_s","Emotion_Tone","Transition_In","Transition_Out","FLUX_Image_Prompt","PuLID_Character_Guidance","Negative_Prompt","Camera_Framing","ACHC_Topic","Policy_Reference","Learning_Objective_ID","Compliance_Category","Operational_Workflow","Assessment_Linkage","Debrief_Linkage","Scenario_Type","Risk_Category","Escalation_Path","Documentation_Requirement","Patient_Safety_Impact","Survey_Risk","Reconciliation_Status","Slide_Type","Challenge_Question","Option_A","Option_B","Option_C","Option_D","Correct_Answer_Index","Correct_Answer_Label","Debrief_Text"
"M01-PA-INTRO","Pre-Assessment","PA-0","Pre-Assessment: Before the Journey Begins","Marites' living room — Manila, the evening before departure","Before Marites boards her flight from Manila, we pause. The house is quiet. Her bags are packed. Her lola's bracelet is on her wrist. This is your pre-assessment checkpoint. Three questions — drawn from the real situations Marites is about to walk into. They test what you already know about cultural competence, language access, and patient rights in home health. There are no penalties here. Answer honestly. Your responses calibrate the journey ahead. Ready? Let us begin.","55","Calm focused","Fade from black","Cut to first pre-assessment question","Photorealistic documentary interior of a modest Filipino living room at evening, Filipina nurse seated at table with packed bag nearby and parol lantern glowing on wall, quiet contemplative mood, 35mm lens, warm incandescent light.","Character anchor: Marites, Filipina, early 30s, tied-back dark hair, navy scrubs, woven bracelet left wrist, calm eyes, consistent badge and stethoscope. Evening light, bracelet visible, pensive but composed expression.","anime, cartoon, CGI, plastic skin, distorted hands, extra fingers, watermark, oversaturated HDR, fantasy lighting, stock-photo smile","Medium close — Marites at table","Cultural awareness; Compliance obligations","ACHC CLAS Domain 1; Pre-Assessment Standards","LO1","Training Foundations","Pre-assessment orientation","PA-Q1","N/A","Pre-assessment intro","Low","N/A","None","Sets learner orientation before first question","Low","Mapped","pre-assessment-intro","","","","","","","",""
"M01-PA-Q1","Pre-Assessment","PA-1","Pre-Assessment Question 1: Comprehension Signals","Interactive question card — Philippines context","Question one. During a home visit in Quezon City, Marites is teaching an elderly patient how to manage her medications. After each instruction, the patient nods and says yes. Marites pauses. What does this most likely tell her? Option A: The patient understood each instruction completely. Option B: The patient is being respectful and attentive — but comprehension has not been verified. Option C: The teaching session is complete and documentation can reflect successful education. Option D: A family member can confirm understanding at the next visit. Choose the answer that best reflects safe clinical practice.","52","Instructional focused","Cut from intro card","Cut to pre-assessment debrief 1","Photorealistic documentary image of Filipina nurse at bedside in Philippine home, elderly patient nodding during medication instruction, warm natural light, 35mm lens, authentic body language.","Character anchor: Marites, Filipina, early 30s, tied-back dark hair, navy scrubs, woven bracelet left wrist, calm eyes, consistent badge and stethoscope. Philippine home setting — modest bedroom, natural light.","anime, cartoon, CGI, plastic skin, distorted hands, extra fingers, watermark, oversaturated HDR, fantasy lighting, stock-photo smile","Medium two-shot — nurse and patient","Communication failures; Cultural awareness","CLAS Standard 5; Teach-Back Protocol","LO3","Pre-Assessment","Comprehension verification","PA-Q1","PA-D1","Pre-assessment MCQ","High","N/A","None","Tests baseline comprehension verification knowledge","High","Mapped","pre-assessment-challenge","A patient nods and says yes after each instruction during medication teaching. What does this most likely tell you?","The patient understood each instruction completely.","The patient is being respectful and attentive — but comprehension has not been verified.","The teaching session is complete and documentation can reflect successful education.","A family member can confirm understanding at the next visit.","1","B",""
"M01-PA-D1","Pre-Assessment","PA-1D","Pre-Assessment Debrief 1: The Nod Is Not Enough","Debrief card — Philippines context","Operational Case Review
1) Correct decision: Option B is correct because it preserves patient safety and workflow integrity under pressure.
2) Why correct: The patient is being respectful and attentive — but comprehension has not been verified.
3) Incorrect option analysis:
- Option A risk: The patient understood each instruction completely.. Looks reasonable under pressure, but creates a preventable documentation and escalation gap.
- Option C risk: The teaching session is complete and documentation can reflect successful education.. Looks reasonable under pressure, but creates a preventable documentation and escalation gap.
- Option D risk: A family member can confirm understanding at the next visit.. Looks reasonable under pressure, but creates a preventable documentation and escalation gap.
4) Patient safety implications: uncontrolled communication barriers or delayed escalation can compound into harm.
5) Workflow implications: sequence matters; right actions in the wrong order still produce risk.
6) Documentation implications: chart objective findings, what was verified, what was escalated, and who received handoff.
7) Escalation implications: trigger supervisor pathway when unresolved clinical, communication, or conduct risk remains.
8) Survey implications: ACHC/CMS reviewers focus on evidence chain, not intent.
9) Operational consequences: unresolved gaps can lead to adverse events, corrective action, and loss of trust.
10) Disciplinary/legal/defensibility: omissions and unsupported charting increase disciplinary risk and weaken legal defense.

The correct answer is B. In many cultures — including Filipino, Asian, and Latin American communities — nodding and saying yes during instruction is a gesture of respect and attentiveness, not a signal of comprehension. If you selected A or C, this module will show you exactly why assumed understanding is one of the most common pathways to patient harm in home health. If you selected D, family confirmation is not a substitute for verified comprehension at the point of teaching. If you selected B, you already think like a clinician who closes the gap between what was said and what was understood. That gap is where medication errors, missed symptoms, and safety failures live. Throughout this module, you will see Marites practice the correct alternative: teach-back, with documented results.","95","Operational case-review coaching","Correct-answer reveal animation","Cut to pre-assessment question 2","Photorealistic debrief visual — nurse reviewing teach-back documentation at modest Philippine desk, warm light, 35mm lens.","Character anchor: Marites, Filipina, early 30s, tied-back dark hair, navy scrubs, woven bracelet left wrist, calm eyes, consistent badge and stethoscope. Reflective documentation posture. Philippines home context.","anime, cartoon, CGI, plastic skin, distorted hands, extra fingers, watermark, oversaturated HDR, fantasy lighting, stock-photo smile","Medium close — nurse with chart","Communication failures; Interpreter services","Teach-Back Protocol; CLAS Standard 5","LO3","Pre-Assessment Debrief","Teach-back as comprehension control","PA-Q1","PA-D1","Pre-assessment debrief","High","N/A","Document teach-back result each visit","Reduces patient harm from assumed comprehension","High","Mapped","pre-assessment-debrief","","","","","","","","Operational Case Review
1) Correct decision: Option B is correct because it preserves patient safety and workflow integrity under pressure.
2) Why correct: The patient is being respectful and attentive — but comprehension has not been verified.
3) Incorrect option analysis:
- Option A risk: The patient understood each instruction completely.. Looks reasonable under pressure, but creates a preventable documentation and escalation gap.
- Option C risk: The teaching session is complete and documentation can reflect successful education.. Looks reasonable under pressure, but creates a preventable documentation and escalation gap.
- Option D risk: A family member can confirm understanding at the next visit.. Looks reasonable under pressure, but creates a preventable documentation and escalation gap.
4) Patient safety implications: uncontrolled communication barriers or delayed escalation can compound into harm.
5) Workflow implications: sequence matters; right actions in the wrong order still produce risk.
6) Documentation implications: chart objective findings, what was verified, what was escalated, and who received handoff.
7) Escalation implications: trigger supervisor pathway when unresolved clinical, communication, or conduct risk remains.
8) Survey implications: ACHC/CMS reviewers focus on evidence chain, not intent.
9) Operational consequences: unresolved gaps can lead to adverse events, corrective action, and loss of trust.
10) Disciplinary/legal/defensibility: omissions and unsupported charting increase disciplinary risk and weaken legal defense.

The correct answer is B. In many cultures — including Filipino, Asian, and Latin American communities — nodding and saying yes during instruction is a gesture of respect and attentiveness, not a signal of comprehension. If you selected A or C, this module will show you exactly why assumed understanding is one of the most common pathways to patient harm in home health. If you selected D, family confirmation is not a substitute for verified comprehension at the point of teaching. If you selected B, you already think like a clinician who closes the gap between what was said and what was understood. That gap is where medication errors, missed symptoms, and safety failures live. Throughout this module, you will see Marites practice the correct alternative: teach-back, with documented results."
"M01-PA-Q2","Pre-Assessment","PA-2","Pre-Assessment Question 2: Interpreter Services","Interactive question card — Philippines context","Question two. Marites is preparing for a home visit where the patient speaks limited English. The patient's adult son meets her at the door and offers to interpret for his mother. The teaching session today covers insulin injection technique and dosage. What is the most appropriate response? Option A: Accept the offer — family interpretation is faster and more personal. Option B: Accept — the patient nodded agreement when asked. Option C: Thank the son for offering and explain that a qualified interpreter will be requested for clinical teaching. Option D: Proceed with teaching and note in the chart that a family member assisted with interpretation. Choose the option that reflects safe practice and agency policy.","55","Instructional focused","Cut from debrief 1","Cut to pre-assessment debrief 2","Photorealistic documentary image of nurse at residential front door, adult son present as informal interpreter offer, realistic body language, natural exterior light, 35mm lens.","Character anchor: Marites, Filipina, early 30s, tied-back dark hair, navy scrubs, woven bracelet left wrist, calm eyes, consistent badge and stethoscope. Residential doorway — realistic suburban setting.","anime, cartoon, CGI, plastic skin, distorted hands, extra fingers, watermark, oversaturated HDR, fantasy lighting, stock-photo smile","Medium — doorway two-shot","Interpreter services; Language access","Interpreter Services Policy; CLAS Standard 4","LO3","Pre-Assessment","Qualified interpreter requirement","PA-Q2","PA-D2","Pre-assessment MCQ","High","N/A","None","Tests baseline interpreter workflow knowledge","High","Mapped","pre-assessment-challenge","A patient's adult son offers to interpret during insulin injection teaching. What is the most appropriate response?","Accept the offer — family interpretation is faster and more personal for the patient.","Accept — the patient nodded agreement when asked.","Thank the son and explain that a qualified interpreter will be requested for clinical teaching.","Proceed with teaching and note in the chart that a family member assisted with interpretation.","2","C",""
"M01-PA-D2","Pre-Assessment","PA-2D","Pre-Assessment Debrief 2: Family Is Not a Qualified Interpreter","Debrief card — Philippines context","Operational Case Review
1) Correct decision: Option C is correct because it preserves patient safety and workflow integrity under pressure.
2) Why correct: Thank the son and explain that a qualified interpreter will be requested for clinical teaching.
3) Incorrect option analysis:
- Option A risk: Accept the offer — family interpretation is faster and more personal for the patient.. Looks reasonable under pressure, but creates a preventable documentation and escalation gap.
- Option B risk: Accept — the patient nodded agreement when asked.. Looks reasonable under pressure, but creates a preventable documentation and escalation gap.
- Option D risk: Proceed with teaching and note in the chart that a family member assisted with interpretation.. Looks reasonable under pressure, but creates a preventable documentation and escalation gap.
4) Patient safety implications: uncontrolled communication barriers or delayed escalation can compound into harm.
5) Workflow implications: sequence matters; right actions in the wrong order still produce risk.
6) Documentation implications: chart objective findings, what was verified, what was escalated, and who received handoff.
7) Escalation implications: trigger supervisor pathway when unresolved clinical, communication, or conduct risk remains.
8) Survey implications: ACHC/CMS reviewers focus on evidence chain, not intent.
9) Operational consequences: unresolved gaps can lead to adverse events, corrective action, and loss of trust.
10) Disciplinary/legal/defensibility: omissions and unsupported charting increase disciplinary risk and weaken legal defense.

The correct answer is C. CLAS Standards and agency policy require a qualified interpreter for clinical decision-making and education — not because the son is untrustworthy, but because medical interpretation requires specific training that most family members do not have. Family members may simplify instructions to protect the patient, introduce errors in medical terminology, withhold distressing information, or be placed in an emotionally impossible position between provider and loved one. If you selected A, B, or D, this module will walk you through the full interpreter activation workflow — including what to say to families who offer to help, when to activate the service, and what to document afterward. Insulin administration is high-stakes. An incorrect dose taught through an unqualified interpreter is a preventable adverse event with documentation consequences.","95","Operational case-review coaching","Answer reveal animation","Cut to pre-assessment question 3","Photorealistic debrief image — nurse on interpreter phone call in modest home, patient present, realistic setting, 35mm lens.","Character anchor: Marites, Filipina, early 30s, tied-back dark hair, navy scrubs, woven bracelet left wrist, calm eyes, consistent badge and stethoscope. Interpreter call in session — bracelet and badge consistent.","anime, cartoon, CGI, plastic skin, distorted hands, extra fingers, watermark, oversaturated HDR, fantasy lighting, stock-photo smile","Medium — nurse with phone at patient home","Language access; Interpreter services","Interpreter Workflow Policy; CLAS Standard 4","LO3","Pre-Assessment Debrief","Qualified interpretation as patient safety control","PA-Q2","PA-D2","Pre-assessment debrief","High","Supervisor if interpreter unavailable","Document interpreter ID and method","Prevents medication error from unqualified interpretation","High","Mapped","pre-assessment-debrief","","","","","","","","Operational Case Review
1) Correct decision: Option C is correct because it preserves patient safety and workflow integrity under pressure.
2) Why correct: Thank the son and explain that a qualified interpreter will be requested for clinical teaching.
3) Incorrect option analysis:
- Option A risk: Accept the offer — family interpretation is faster and more personal for the patient.. Looks reasonable under pressure, but creates a preventable documentation and escalation gap.
- Option B risk: Accept — the patient nodded agreement when asked.. Looks reasonable under pressure, but creates a preventable documentation and escalation gap.
- Option D risk: Proceed with teaching and note in the chart that a family member assisted with interpretation.. Looks reasonable under pressure, but creates a preventable documentation and escalation gap.
4) Patient safety implications: uncontrolled communication barriers or delayed escalation can compound into harm.
5) Workflow implications: sequence matters; right actions in the wrong order still produce risk.
6) Documentation implications: chart objective findings, what was verified, what was escalated, and who received handoff.
7) Escalation implications: trigger supervisor pathway when unresolved clinical, communication, or conduct risk remains.
8) Survey implications: ACHC/CMS reviewers focus on evidence chain, not intent.
9) Operational consequences: unresolved gaps can lead to adverse events, corrective action, and loss of trust.
10) Disciplinary/legal/defensibility: omissions and unsupported charting increase disciplinary risk and weaken legal defense.

The correct answer is C. CLAS Standards and agency policy require a qualified interpreter for clinical decision-making and education — not because the son is untrustworthy, but because medical interpretation requires specific training that most family members do not have. Family members may simplify instructions to protect the patient, introduce errors in medical terminology, withhold distressing information, or be placed in an emotionally impossible position between provider and loved one. If you selected A, B, or D, this module will walk you through the full interpreter activation workflow — including what to say to families who offer to help, when to activate the service, and what to document afterward. Insulin administration is high-stakes. An incorrect dose taught through an unqualified interpreter is a preventable adverse event with documentation consequences."
"M01-PA-Q3","Pre-Assessment","PA-3","Pre-Assessment Question 3: Rights and Accommodation","Interactive question card — Philippines context","Question three. Marites arrives at a patient's home for a scheduled wound care visit. The patient's family tells her that their religious beliefs require gender-concordant care — the patient cannot be treated by a provider of the opposite gender. Marites notices the wound dressing appears soiled and the wound may be deteriorating. She is the only clinician available in the area within the next two hours. What is the most defensible response? Option A: Explain respectfully that clinical urgency takes priority over accommodation requests in situations like this. Option B: Acknowledge the request, assess the wound urgency immediately, contact your supervisor for accommodation options, and document the preference and your clinical findings. Option C: Ask the patient to sign a temporary waiver so care can proceed. Option D: Leave the home and schedule a callback for when an appropriate clinician is available, without assessing the wound. Choose the option you believe is most defensible.","60","Instructional tense","Cut from debrief 2","Cut to pre-assessment debrief 3","Photorealistic documentary image of nurse at residential front door with concerned family member, clinical urgency visible in nurse's posture, realistic natural light, 35mm lens.","Character anchor: Marites, Filipina, early 30s, tied-back dark hair, navy scrubs, woven bracelet left wrist, calm eyes, consistent badge and stethoscope. At patient doorway — first visit energy. Bracelet visible.","anime, cartoon, CGI, plastic skin, distorted hands, extra fingers, watermark, oversaturated HDR, fantasy lighting, stock-photo smile","Medium — doorway with family in background","Patient rights; Cultural awareness; Escalation","Patient Rights Policy; CLAS Domain 2; Escalation SOP","LO1|LO3|LO5","Pre-Assessment","Accommodation and urgency — dual obligation","PA-Q3","PA-D3","Pre-assessment MCQ","High","Supervisor escalation required","None — pre-assessment stage","Tests baseline rights-plus-urgency decision knowledge","High","Mapped","pre-assessment-challenge","A patient's religious beliefs require gender-concordant care. You notice the wound dressing appears soiled and deteriorating. You are the only clinician available for two hours. Most defensible response?","Explain respectfully that clinical urgency takes priority over accommodation requests in this situation.","Acknowledge the request, assess wound urgency immediately, contact your supervisor for accommodation options, and document both.","Ask the patient to sign a temporary waiver so care can proceed.","Leave the home and schedule a callback for when an appropriate clinician is available — without assessing the wound.","1","B",""
"M01-PA-D3","Pre-Assessment","PA-3D","Pre-Assessment Debrief 3: Rights and Urgency Travel Together","Debrief card — Philippines context","Operational Case Review
1) Correct decision: Option B is correct because it preserves patient safety and workflow integrity under pressure.
2) Why correct: Acknowledge the request, assess wound urgency immediately, contact your supervisor for accommodation options, and document both.
3) Incorrect option analysis:
- Option A risk: Explain respectfully that clinical urgency takes priority over accommodation requests in this situation.. Looks reasonable under pressure, but creates a preventable documentation and escalation gap.
- Option C risk: Ask the patient to sign a temporary waiver so care can proceed.. Looks reasonable under pressure, but creates a preventable documentation and escalation gap.
- Option D risk: Leave the home and schedule a callback for when an appropriate clinician is available — without assessing the wound.. Looks reasonable under pressure, but creates a preventable documentation and escalation gap.
4) Patient safety implications: uncontrolled communication barriers or delayed escalation can compound into harm.
5) Workflow implications: sequence matters; right actions in the wrong order still produce risk.
6) Documentation implications: chart objective findings, what was verified, what was escalated, and who received handoff.
7) Escalation implications: trigger supervisor pathway when unresolved clinical, communication, or conduct risk remains.
8) Survey implications: ACHC/CMS reviewers focus on evidence chain, not intent.
9) Operational consequences: unresolved gaps can lead to adverse events, corrective action, and loss of trust.
10) Disciplinary/legal/defensibility: omissions and unsupported charting increase disciplinary risk and weaken legal defense.

The correct answer is B. Patient rights and dignity are not suspended when clinical urgency is present. The defensible response holds both obligations simultaneously — you do not choose one and abandon the other. You acknowledge the accommodation request. You assess clinical urgency immediately at the bedside. You escalate to your supervisor for accommodation routing. You document the preference, your clinical findings, and the plan. Option A is wrong because it unilaterally overrides a legitimate right without attempting an accommodation process — this creates survey exposure and trust rupture. Option C is wrong because a waiver form before a clinical urgency assessment inverts the correct sequence. Option D abandons the patient at the moment of highest clinical risk with no urgency finding on record. If you selected B, you already understand the principle this module will reinforce through Marites' story. If you selected anything else, you will see exactly how this decision plays out — and why the correct sequence matters — when Marites faces it for the first time at Mr. Henderson's door.","95","Operational case-review coaching","Answer reveal","Dissolve to Act 1 opening","Photorealistic debrief image — nurse on phone outside residential home, supervisor call in progress, chart open, bracelet visible, realistic documentary realism, 35mm lens.","Character anchor: Marites, Filipina, early 30s, tied-back dark hair, navy scrubs, woven bracelet left wrist, calm eyes, consistent badge and stethoscope. Outside patient home — escalation call posture. Bracelet close.","anime, cartoon, CGI, plastic skin, distorted hands, extra fingers, watermark, oversaturated HDR, fantasy lighting, stock-photo smile","Medium — nurse with phone at doorway","Patient rights; Dignity and respect; Escalation","CLAS Domain 2; Patient Rights Policy; Escalation SOP","LO1|LO3|LO5","Pre-Assessment Debrief","Simultaneous rights and urgency management","PA-Q3","PA-D3","Pre-assessment debrief","High","Supervisor → DON if accommodation cannot be arranged","Document preference, urgency findings, escalation route, and plan","Prevents harm from clinical delay AND from rights override","High","Mapped","pre-assessment-debrief","","","","","","","","Operational Case Review
1) Correct decision: Option B is correct because it preserves patient safety and workflow integrity under pressure.
2) Why correct: Acknowledge the request, assess wound urgency immediately, contact your supervisor for accommodation options, and document both.
3) Incorrect option analysis:
- Option A risk: Explain respectfully that clinical urgency takes priority over accommodation requests in this situation.. Looks reasonable under pressure, but creates a preventable documentation and escalation gap.
- Option C risk: Ask the patient to sign a temporary waiver so care can proceed.. Looks reasonable under pressure, but creates a preventable documentation and escalation gap.
- Option D risk: Leave the home and schedule a callback for when an appropriate clinician is available — without assessing the wound.. Looks reasonable under pressure, but creates a preventable documentation and escalation gap.
4) Patient safety implications: uncontrolled communication barriers or delayed escalation can compound into harm.
5) Workflow implications: sequence matters; right actions in the wrong order still produce risk.
6) Documentation implications: chart objective findings, what was verified, what was escalated, and who received handoff.
7) Escalation implications: trigger supervisor pathway when unresolved clinical, communication, or conduct risk remains.
8) Survey implications: ACHC/CMS reviewers focus on evidence chain, not intent.
9) Operational consequences: unresolved gaps can lead to adverse events, corrective action, and loss of trust.
10) Disciplinary/legal/defensibility: omissions and unsupported charting increase disciplinary risk and weaken legal defense.

The correct answer is B. Patient rights and dignity are not suspended when clinical urgency is present. The defensible response holds both obligations simultaneously — you do not choose one and abandon the other. You acknowledge the accommodation request. You assess clinical urgency immediately at the bedside. You escalate to your supervisor for accommodation routing. You document the preference, your clinical findings, and the plan. Option A is wrong because it unilaterally overrides a legitimate right without attempting an accommodation process — this creates survey exposure and trust rupture. Option C is wrong because a waiver form before a clinical urgency assessment inverts the correct sequence. Option D abandons the patient at the moment of highest clinical risk with no urgency finding on record. If you selected B, you already understand the principle this module will reinforce through Marites' story. If you selected anything else, you will see exactly how this decision plays out — and why the correct sequence matters — when Marites faces it for the first time at Mr. Henderson's door."
"M01-S01","Act 1","S01","Before Sunrise in Quezon City","Quezon City family kitchen — pre-dawn","It is 4:45 in the morning in Quezon City. Marites is already awake. This is not unusual. In the Philippines, the day begins before the sun does. She can hear her mother moving in the kitchen — rice cooker clicking, garlic hitting oil — the sounds of a family that has always started early and worked hard. She folds her scrub top, smooths out the sleeve, and lays it across her nursing bag. On the bag's outer pocket is a small photo: her grandmother standing in front of a mango tree after Sunday Mass. Marites touches it before she does anything else. She is not a new nurse. She has managed post-surgical wounds, administered intravenous medications, and handled difficult family conversations at three in the morning. What is new is the country she is about to work in — and she knows that professional competence and system fluency are two different things.","72","Grounded hopeful","Dissolve from pre-assessment close","Soft cut to lola at table","Photorealistic documentary still of a Filipina woman in navy scrubs sitting in a small pre-dawn kitchen, rice cooker visible, warm incandescent light, cinematic 35mm lens, shallow depth of field, authentic film grain.","Character anchor: Marites, Filipina, early 30s, tied-back dark hair, navy scrubs, woven bracelet left wrist, calm eyes, consistent badge and stethoscope.","anime, cartoon, CGI, plastic skin, distorted hands, extra fingers, watermark, oversaturated HDR, fantasy lighting, stock-photo smile","Medium wide eye-level","Cultural awareness; Workforce inclusion","ACHC CLAS Domain 1; Agency Cultural Competence Policy","LO1","Training Foundations","Pre-shift preparation","N/A","N/A","Narrative setup","Low","N/A","None","Grounds emotional connection before clinical content begins","Low","Mapped","content","","","","","","","",""
"M01-S02","Act 1","S02","The Mano Po Moment","Kitchen doorway — grandmother at table","Her lola — her grandmother — sits at the table already dressed for six o'clock Mass. When Marites enters the kitchen, she bows slightly and takes her grandmother's hand, pressing the back of it gently to her forehead. Mano po, Lola. Her grandmother closes her eyes for a moment, then places her hand on Marites' head in blessing. This is Mano Po — a greeting and a gesture of deep respect that Marites has performed every morning since she was four years old. It is not ceremony. It is how she begins every day: by honoring the person who taught her that other people's dignity is not optional. Her grandmother says quietly: Take care of them the way I know you do. This daily ritual is not separate from Marites' clinical practice. She does not have to be taught to slow down, to soften her language, or to make eye contact without condescension — it is already the grammar of her days.","80","Reverent warm","Soft cut from kitchen scene","Fade to family breakfast table","Photorealistic close documentary shot of Filipina nurse bowing slightly, taking elderly woman's hand and pressing it to her forehead in traditional Mano Po greeting, warm morning kitchen light, 50mm lens, true skin texture.","Character anchor: Marites, Filipina, early 30s, tied-back dark hair, navy scrubs, woven bracelet left wrist, calm eyes, consistent badge and stethoscope. Lola: elderly Filipina woman, white hair, simple church dress, deeply warm expression.","anime, cartoon, CGI, plastic skin, distorted hands, extra fingers, watermark, oversaturated HDR, fantasy lighting, stock-photo smile","Close two-shot — eye-level","Dignity and respect; Cultural awareness","ACHC CLAS Standards Domain 2; Patient Rights Policy","LO1|LO5","Cultural Foundations","Intergenerational respect ritual","N/A","N/A","Cultural narrative","Low","N/A","None","Establishes Marites' core dignity value before U.S. clinical context","Low","Mapped","content","","","","","","","",""
"M01-S03","Act 1","S03","Family Breakfast and Bayanihan","Family dining area — last week home","Breakfast is loud and crowded. Her kuya has already stopped by before his hospital shift. Her tita from next door brought bibingka. Two cousins are arguing about basketball. Nobody was called. Everyone just came. Marites' grandmother grew up in a barangay where Bayanihan was not a concept — it was a physical event. When a family needed to move their bahay kubo — their bamboo home raised on stilts — the entire village would gather unannounced, crouch beneath the structure together, and carry the whole house to its new location on their collective shoulders. Fifteen, twenty men. No one appointed, no one paid. Lifting and moving because the need was visible and the community was the response. When it was done, the family prepared food. That was the entire exchange. Today we carry yours. Tomorrow you carry ours. That is Bayanihan. Not a feeling. A physical act. A village that can lift a house when one family cannot. Marites sits down and her plate is filled before she asks. Her mother says: Kumain ka na — eat now — meaning: you take care of everyone else, so let us take care of you. Nobody cries when the conversation turns to departure. They problem-solve. Her kuya: Keep a printed copy of your license. Do not trust only digital. Her tita: Call us Sundays, we will all be home. Her mother: Eat rice. Even over there. In U.S. healthcare workplaces, Bayanihan instinct can create friction. Unsolicited help across role boundaries can be received as overstepping or scope confusion. Marites will need to translate this instinct — offer support through sanctioned channels, coordinate rather than self-deploy. The spirit stays. The execution adapts.","88","Warm communal","Fade from Mano Po scene","Cut to parol on wall","Photorealistic documentary wide shot of a crowded Filipino family breakfast table, multiple generations, traditional bibingka on table, warm natural morning light through shuttered windows, authentic chaos of communal meal, 35mm lens.","Character anchor: Marites, Filipina, early 30s, tied-back dark hair, navy scrubs, woven bracelet left wrist, calm eyes, consistent badge and stethoscope. Secondary family members: varied ages, casual Filipino home clothing, authentic warm expressions.","anime, cartoon, CGI, plastic skin, distorted hands, extra fingers, watermark, oversaturated HDR, fantasy lighting, stock-photo smile","Wide ensemble — eye-level","Workforce inclusion; Cultural awareness","ACHC CLAS Domain 1; Agency Inclusion Policy","LO5","Cultural Foundations","Team-care and communal support values","N/A","N/A","Cultural narrative","Low","N/A","None","Shows communal care instinct that will need to adapt to U.S. role boundaries","Low","Mapped","content","","","","","","","",""
"M01-S04","Act 1","S04","The Christmas Parol and What Home Sounds Like","Living room — family home","On the living room wall, there is still a parol — the star-shaped Christmas lantern — left from the holiday season. In the Philippines, Christmas begins in September. Not metaphorically. The radio stations switch to carols. The malls put up lights. Families begin planning who will host Noche Buena — the midnight Christmas Eve feast. By December, Simbang Gabi has started — nine consecutive dawn Masses, attended even by people who sleep through the rest of the year. Marites has not missed a single one since she was seven. She pauses at the parol before picking up her bag. She knows she will not be home for the ber months. She will not be at Noche Buena. She will not hear her family sing during Simbang Gabi. She tucks that away somewhere quiet and keeps moving. Workers who migrate for caregiving roles carry invisible emotional burdens. Strong organizational inclusion practices — not just policy posters — create environments where that burden is not compounded by workplace exclusion.","88","Tender sacrificial","Cut from family table","Slow dissolve to bag packing","Photorealistic documentary interior of a modest Filipino living room with a traditional star-shaped parol lantern glowing softly on the wall, family photos, morning light filtering through curtains, 35mm lens, warm authentic tones.","Character anchor: Marites, Filipina, early 30s, tied-back dark hair, navy scrubs, woven bracelet left wrist, calm eyes, consistent badge and stethoscope. Minimal — focus on parol and Marites' face in reflection.","anime, cartoon, CGI, plastic skin, distorted hands, extra fingers, watermark, oversaturated HDR, fantasy lighting, stock-photo smile","Medium — Marites in foreground, parol in background","Workforce inclusion; Cultural awareness","ACHC CLAS Domain 1; Workforce Inclusion Policy","LO1|LO5","Emotional Foundation","Cultural sacrifice and organizational inclusion","N/A","N/A","Cultural narrative","Low","N/A","None","Establishes emotional cost of migration for empathy building","Low","Mapped","content","","","","","","","",""
"M01-S05","Act 1","S05","Grandmother and the Bracelet","Sala — family living room","Before Marites zips her bag, her grandmother calls her to the sala — the living room. She is holding something small: a thin bracelet woven from coarse thread, the kind sold at the church market after Simbang Gabi. It has been on her grandmother's wrist for forty years. She ties it carefully onto Marites' left wrist and holds both her hands for a moment without speaking. Then: When it gets loud, breathe before you answer. Your patients need you steady, not fast. Marites nods. She does not trust herself to say much. Her grandmother adds: You already know how to take care of people. You learned it at this table. Now go show them. The bracelet will appear again and again throughout this module — during stress, during conflict, during failure, during success. It is the through-line. It is who she is. Emotional regulation is not a soft skill. In home health, rushed responses cause documentation errors, communication failures, missed clinical cues, and unnecessary escalation.","82","Deeply emotional anchored","Dissolve from parol scene","Cut to clinic scene","Photorealistic close-up of elderly Filipino woman's weathered hands tying a simple woven thread bracelet onto a younger woman's wrist, warm soft interior light, shallow depth of field, documentary realism, 85mm lens.","Character anchor: Marites, Filipina, early 30s, tied-back dark hair, navy scrubs, woven bracelet left wrist, calm eyes, consistent badge and stethoscope. Focus on hands and bracelet. Lola continuity from S02.","anime, cartoon, CGI, plastic skin, distorted hands, extra fingers, watermark, oversaturated HDR, fantasy lighting, stock-photo smile","Extreme close-up on hands to medium two-shot","Cultural awareness; Dignity and respect","ACHC CLAS Standards; Emotional Safety Policy","LO1|LO5","Emotional Anchoring","Emotional regulation as clinical safety practice","N/A","N/A","Cultural narrative","Low","N/A","None","Establishes the bracelet as emotional regulation anchor throughout module","Low","Mapped","content","","","","","","","",""
"M01-S06","Act 1","S06","Marites at Work: The Philippine Clinic","Community health clinic — Quezon City","At her clinic in Quezon City, Marites is the nurse colleagues ask for when a patient interaction is going wrong. Today she is teaching wound care to an elderly patient whose daughter is translating. Marites stops partway through and says gently: Nay, pwede bang ulitin mo sa akin? — Can you repeat that back to me? The patient hesitates, then describes the steps back — correctly, but with one small inversion. Marites does not say wrong. She smiles and says: Almost — let me show you that part once more. When the daughter tries to shortcut and says she got it, Marites says calmly: I just want to make sure for her safety. One more minute. She documents exactly what was explained, what the patient repeated back, and what still needs reinforcement. This is teach-back. It is not a formality. It is the verification mechanism that closes the gap between what was said and what was understood. The wrong answer to whether the patient understood is she nodded. The right answer is a documented description of what the patient demonstrated or repeated back.","90","Warm professional","Cut from bracelet scene","Cut to Po and Opo scene","Photorealistic documentary image of Filipina nurse at bedside in modest Philippine clinic demonstrating wound care to elderly female patient, daughter present, warm fluorescent-balanced light, 35mm lens, authentic clinical setting.","Character anchor: Marites, Filipina, early 30s, tied-back dark hair, navy scrubs, woven bracelet left wrist, calm eyes, consistent badge and stethoscope. Elderly Filipino female patient. Daughter in background.","anime, cartoon, CGI, plastic skin, distorted hands, extra fingers, watermark, oversaturated HDR, fantasy lighting, stock-photo smile","Medium over-shoulder alternating","Interpreter services; Communication failures","CLAS Language Access; Teach-Back Protocol","LO3","Clinical Communication","Teach-back and comprehension verification","Pre-Assessment setup","N/A","Operational teaching scene","High","N/A","Document teach-back result per visit","Prevents patient harm from assumed comprehension","High","Mapped","content","","","","","","","",""
"M01-S07","Act 1","S07","Po and Opo — The Language of Respect","Philippine clinic — hallway","Marites never addresses a patient without using po — the Tagalog softening particle that signals respect toward elders and authority. It is so automatic she does not notice it anymore. She calls older women Ma'am or Ate — older sister, even when they are strangers. She calls men Kuya or Sir. She steps back to let elders through doorways. She waits to be seated before sitting. These are not performance behaviors. They are the grammar of respect she was raised speaking. She will arrive in the U.S. and find that some of these signals land differently. A patient might interpret her deference as uncertainty. A colleague might read her careful listening as passivity. A supervisor might not recognize her soft-spoken precision as confidence. She will need to translate not just language, but communication register — and she will need to do it without losing the core values underneath. Every culture has a distinct communication register. Assuming a shared communication code creates patient safety risk.","78","Reflective instructional","Cut from clinic scene","Cut to packing the bag","Photorealistic documentary still of Filipina nurse respectfully stepping aside in a clinic hallway to let an elderly patient pass first, natural fluorescent light, authentic body language, 35mm lens.","Character anchor: Marites, Filipina, early 30s, tied-back dark hair, navy scrubs, woven bracelet left wrist, calm eyes, consistent badge and stethoscope.","anime, cartoon, CGI, plastic skin, distorted hands, extra fingers, watermark, oversaturated HDR, fantasy lighting, stock-photo smile","Medium — side angle showing deference in body language","Respectful communication; Cultural awareness; Implicit bias","ACHC CLAS Standard 5; Cultural Competence Policy","LO1|LO3","Communication","Cross-cultural communication register adaptation","N/A","N/A","Cultural teaching","Moderate","N/A","None","Bridges Filipino respect culture to CLAS-compliant adaptive communication","Moderate","Mapped","content","","","","","","","",""
"M01-S08","Act 1","S08","Packing the Bag","Bedroom — night before departure","The night before departure, Marites packs with the same precision she uses for a complex visit. Nursing license. Employment authorization. Credential evaluations. Vaccination records. Three copies of everything. Her kuya organized it all into labeled folders — because that is what family does. At the bottom of the bag, her mother puts a small container of sinigang powder and a photograph from her clinic. So you remember what competence looks like, she says — without irony. Marites wraps the bracelet in a clean cloth so it does not catch on anything during the flight. She is not sentimental. She is prepared. Documentation preparation is risk preparation. In clinical onboarding, missing credentials create delayed clearance and unsafe staffing. In field practice, missing records create care gaps. The habit of completeness starts before the shift, before the flight, before the first patient contact.","70","Determined composed","Cut from Po and Opo scene","Cut to airport departure","Photorealistic documentary overhead shot of open suitcase with nursing license documents, labeled folders, and small jar of sinigang spice mix, warm bedroom lamp light, 35mm lens.","Character anchor: Marites, Filipina, early 30s, tied-back dark hair, navy scrubs, woven bracelet left wrist, calm eyes, consistent badge and stethoscope. Focus on hands organizing documents.","anime, cartoon, CGI, plastic skin, distorted hands, extra fingers, watermark, oversaturated HDR, fantasy lighting, stock-photo smile","Overhead medium insert","Documentation expectations; Professionalism","Documentation Completeness Policy; Credential Verification SOP","LO3","Documentation","Credential and documentation preparation","N/A","N/A","Operational teaching","Moderate","N/A","Document credential completeness at onboarding","Links personal preparation habits to clinical documentation standards","Low","Mapped","content","","","","","","","",""
"M01-S09","Act 1","S09","Airport: The Goodbye That Does Not Ask for Crying","Ninoy Aquino International Airport — departure gate","At Ninoy Aquino International Airport, the goodbye is practical and full. Her mother re-checks her boarding pass. Her kuya hands her a local SIM card and tells her to text when she lands. Her tita slips a rosary into her jacket pocket. Her grandmother holds her hand and does not let go until the last possible moment — then says simply: Alis na. Go now. There is no dramatic speech. Filipino goodbyes are often like this: matter-of-fact on the outside, enormous on the inside. Emotion is not performed. It is carried. Marites touches the bracelet. Picks up her bag. Walks through the gate. The learner must feel this moment — not as tragedy, but as the specific dignity of someone choosing to leave everything familiar because service is that important to them. This is who Marites is. This is what is at stake when she is dismissed, interrupted, or excluded later in the story.","75","Sacrificial dignified","Cut from packing","Dissolve to U.S. airport arrival","Photorealistic documentary wide shot of Filipina nurse at airport departure gate embracing family, restraint in expressions, warm airport lighting, 35mm lens, authentic emotional realism.","Character anchor: Marites, Filipina, early 30s, tied-back dark hair, navy scrubs, woven bracelet left wrist, calm eyes, consistent badge and stethoscope. Family members: mother mid-50s, kuya late 20s, lola 70s. Bracelet visible.","anime, cartoon, CGI, plastic skin, distorted hands, extra fingers, watermark, oversaturated HDR, fantasy lighting, stock-photo smile","Wide establishing to medium close on bracelet touch","Cultural awareness; Workforce inclusion","ACHC Workforce Inclusion Policy; CLAS Domain 1","LO1|LO5","Emotional Foundation","Sacrifice narrative — dignity and purpose","N/A","N/A","Emotional narrative","Low","N/A","None","Establishes emotional investment in Marites before conflict begins","Low","Mapped","content","","","","","","","",""
"M01-S10","Act 1","S10","Landing: The First Cultural Shock","U.S. airport — arrivals hall and bus","The airport in the United States is large, efficient, and impersonal. Nobody helps without being asked first. Nobody makes eye contact unless they need something. The signage is clear. The process is fast. Nobody lingers. In the Philippines, airports are loud with reunions. Here, arrivals walk briskly and separately. She takes the bus to her temporary housing. The driver does not respond to her greeting. Not rudely — he just does not respond. She files that away. Different system. Her first evening: she unpacks, eats a Cup Noodles because the grocery run can wait, and calls her family on video chat. Her grandmother is already asleep. Her mother holds the phone up anyway so she can see the parol still on the wall. She keeps the video open until the data connection drops. Culture shock is not weakness. It is the cognitive load of recalibrating every social and professional assumption simultaneously. For healthcare workers, unmanaged culture shock can affect communication quality, documentation accuracy, and patient relationship-building.","85","Isolating observant","Dissolve from airport goodbye","Cut to first week EHR scene","Photorealistic documentary image of Filipina woman alone in large efficient U.S. airport arrivals area, brisk solo travelers around her, quiet contrast to Philippine warmth, 35mm lens, natural lighting.","Character anchor: Marites, Filipina, early 30s, tied-back dark hair, navy scrubs, woven bracelet left wrist, calm eyes, consistent badge and stethoscope. Solo in crowd — bracelet visible on wrist holding small rolling bag.","anime, cartoon, CGI, plastic skin, distorted hands, extra fingers, watermark, oversaturated HDR, fantasy lighting, stock-photo smile","Wide to medium — isolation composition","Cultural awareness; Implicit bias","ACHC CLAS Domain 1; Workforce Inclusion Policy","LO1","Cultural Shock","Organizational support for cultural transition","N/A","N/A","Cultural shock narrative","Moderate","N/A","None","Grounds the learner in cultural contrast before operational challenges begin","Moderate","Mapped","content","","","","","","","",""
"M01-S11","Act 1","S11","First Week: The System Is Different","Agency — nursing station and EHR workstation","The EHR system has twelve required fields she has never seen. The abbreviations are different from the ones she trained on. The handoff format is faster and more verbal — less written, more assumed. In the Philippines, a ward handoff included written notes, verbal confirmation, and physical bedside assessment. Here, the expectation is a ten-minute verbal briefing and a chart review. The first time she asks a clarifying question during handoff, the charge nurse glances at the clock. Not unkindly — but the signal is clear: brevity is currency here. She writes everything down. She stays an extra twenty minutes reviewing charts before leaving. She does not ask questions she can answer herself. She saves her questions for the ones that matter. Adapting to a faster handoff culture does not mean abandoning closed-loop communication. It means executing it efficiently. One targeted clarifying question, timed correctly, is more valuable than ten vague ones at the wrong moment.","82","Careful adaptive","Cut from landing scene","Cut to grocery store scene","Photorealistic documentary shot of Filipina nurse writing in notebook at nursing station while reviewing EHR screen with unfamiliar documentation fields, fluorescent office light, 35mm lens.","Character anchor: Marites, Filipina, early 30s, tied-back dark hair, navy scrubs, woven bracelet left wrist, calm eyes, consistent badge and stethoscope. Agency setting: realistic U.S. home health office.","anime, cartoon, CGI, plastic skin, distorted hands, extra fingers, watermark, oversaturated HDR, fantasy lighting, stock-photo smile","Over-shoulder medium close","Communication failures; Documentation expectations","EHR Documentation Protocol; Handoff SOP","LO3","Communication","Closed-loop handoff in abbreviated U.S. clinical culture","N/A","N/A","Cultural contrast teaching","Moderate","Charge nurse escalation if ambiguity persists","Document clarified risk items during handoff prep","Prevents errors from system unfamiliarity","Moderate","Mapped","content","","","","","","","",""
"M01-S12","Act 1","S12","First Grocery Store and Small Shocks","Local grocery store — off day","She goes to the grocery store on her day off. She spends twenty minutes looking for garlic rice. She cannot find it. She settles for white rice and garlic from the produce section. She brings everything to the cashier and says: Good morning, Ma'am — and the cashier, without looking up, says: You have a rewards card? Not rude. Just transactional. In the Philippines, strangers at market stalls ask where you are going, who your family is, whether you have eaten. The cashier is doing her job efficiently. Marites is grieving a style of warmth she did not know she needed. She buys her groceries and walks back to her apartment. She texts her lola a photo of the white rice. Her lola responds with three rice emojis and a laughing face. She laughs alone in her apartment and feels slightly better. Clinical relationships in American home health are professional and boundaried — not cold, but structured. Knowing this difference allows the clinician to adapt without misreading professional distance as hostility.","78","Wry tender","Cut from EHR scene","Cut to resilience scene","Photorealistic documentary still of Filipina woman alone in a large American grocery store aisle looking at plain white rice bags, fluorescent store lighting, subtle expression of quiet humor and homesickness, 35mm lens.","Character anchor: Marites, Filipina, early 30s, tied-back dark hair, navy scrubs, woven bracelet left wrist, calm eyes, consistent badge and stethoscope. Casual clothing, no scrubs — off duty. Bracelet still visible.","anime, cartoon, CGI, plastic skin, distorted hands, extra fingers, watermark, oversaturated HDR, fantasy lighting, stock-photo smile","Medium — Marites in foreground, grocery aisle in background","Cultural awareness; Implicit bias","ACHC CLAS Domain 1; Workforce Inclusion Policy","LO1|LO5","Cultural Shock","Hospitality norms contrast — professional versus communal warmth","N/A","N/A","Cultural contrast teaching","Low","N/A","None","Builds empathy for cultural isolation before workplace conflict","Low","Mapped","content","","","","","","","",""
"M01-S13","Act 1","S13","Resilience in Practice","Agency — break room and hallway","In the Philippines, Marites has worked through a typhoon warning, a dengue outbreak in her barangay, and a hospital generator failure during a night shift. She kept working. She figured out what was needed and she did it. Filipino resilience — the cultural norm of maintaining a positive face and continuing to function under pressure — is not denial. It is a survival skill that her community practices so consistently it becomes professional reflex. Here, she is watching colleagues express frustration openly — at the system, at the scheduler, at the EHR — in ways she was trained to absorb quietly. She notices that here, speaking up is not the same as complaining. It is sometimes how the system gets fixed. She is building a new operational vocabulary, and she is doing it deliberately. Compliance and safety culture in ACHC-accredited agencies depend on staff who report concerns, document anomalies, and escalate without waiting for permission. Speaking up is not disloyalty — it is the job.","80","Resilient observant","Cut from grocery scene","Cut to agency orientation","Photorealistic documentary scene of Filipina nurse in U.S. agency break room observing colleagues expressing frustration, her expression calm and observational, realistic office environment, natural light, 35mm lens.","Character anchor: Marites, Filipina, early 30s, tied-back dark hair, navy scrubs, woven bracelet left wrist, calm eyes, consistent badge and stethoscope. Seated at break room table, coffee cup, observational posture.","anime, cartoon, CGI, plastic skin, distorted hands, extra fingers, watermark, oversaturated HDR, fantasy lighting, stock-photo smile","Medium two-shot — Marites observing","Compliance obligations; Escalation/reporting; Workforce inclusion","ACHC Reporting Obligations; Whistleblower Policy","LO4","Compliance Culture","Resilience culture versus compliance reporting expectations","N/A","N/A","Cultural contrast teaching","Moderate","Supervisor escalation channel introduction","None at this stage — observation only","Unaddressed suppression of reporting creates safety risk","High","Mapped","content","","","","","","","",""
"M01-S13-EC1","Act 1","S13-EC1","Educator Side Comment: First Contact Signal","Agency — break room and hallway","Notice what just happened here. Mr. Henderson looked at Marites' hands before he answered. In home health, that micro-pause can signal mistrust, hearing uncertainty, or fear of losing control. A competent clinician slows down, confirms preferences, and documents the interaction signal.","32","Educator coaching","Soft instructional overlay","Return to narrative flow","Photorealistic documentary scene of Filipina nurse in U.S. agency break room observing colleagues expressing frustration, her expression calm and observational, realistic office environment, natural light, 35mm lens.","Character anchor: Marites, Filipina, early 30s, tied-back dark hair, navy scrubs, woven bracelet left wrist, calm eyes, consistent badge and stethoscope. Seated at break room table, coffee cup, observational posture.","anime, cartoon, CGI, plastic skin, distorted hands, extra fingers, watermark, oversaturated HDR, fantasy lighting, stock-photo smile","Medium two-shot — Marites observing","Operational judgment; Compliance obligations; Escalation/reporting; Workforce inclusion","ACHC Reporting Obligations; Whistleblower Policy","LO4","In-the-moment instruction","Patient encounter communication signal review","N/A","N/A","educator commentary","Moderate","Supervisor escalation channel introduction","None at this stage — observation only","Bridges narrative signal to safety decision making","Moderate","Mapped","educator-commentary","","","","","","","",""
"M01-S14","Act 1","S14","Agency Orientation: Reading the Policies with New Eyes","Agency conference room — orientation day","At agency orientation, Marites is given a thick binder. She reads it the way she prepared for licensing exams — front to back, with a highlighter. She marks: Language Access. Interpreter Services Required. Patient Rights. Anti-Discrimination. Reporting Obligations. Anti-Retaliation. In her Philippine clinic, many of these existed as values rather than written operational standards. Here they are legal obligations with documented workflows, survey traceability, and corrective action pathways. The commitment is the same. The architecture is more formal. She reads the Anti-Retaliation clause twice. She has never worked somewhere that explicitly wrote down that she could not be punished for reporting a concern. She finds this remarkable. ACHC accreditation requires that agencies not only have these policies but demonstrate evidence that staff understand and apply them. Orientation is the beginning of audit-traceable competency documentation. Staff who read carefully and ask questions are building defensibility.","82","Alert composed","Cut from resilience scene","Cut to first handoff","Photorealistic documentary image of Filipina nurse at orientation table reading agency policy binder with yellow highlighter, realistic conference room, overhead warm lighting, 35mm lens.","Character anchor: Marites, Filipina, early 30s, tied-back dark hair, navy scrubs, woven bracelet left wrist, calm eyes, consistent badge and stethoscope. Seated at conference table with binder and highlighter.","anime, cartoon, CGI, plastic skin, distorted hands, extra fingers, watermark, oversaturated HDR, fantasy lighting, stock-photo smile","Medium over-shoulder close on binder","Patient rights; Compliance obligations; Anti-retaliation","Patient Rights Policy; Anti-Retaliation Policy; ACHC Survey Standards","LO1","Policy Compliance","Policy orientation as competency documentation baseline","N/A","N/A","Policy bridge","Moderate","N/A","Orientation sign-off and policy acknowledgment","Policies understood and applied reduce care rights violations","Moderate","Mapped","content","","","","","","","",""
"M01-S15","Act 1","S15","First Handoff: A New Rhythm","Agency — nursing station hallway","Her first full team handoff is Thursday morning. The charge nurse moves through patient assignments in fifteen minutes. Allergy flags. Visit priorities. Documentation holds. Insurance authorizations. Interpreter requests pending. Marites listens, writes, and maps each patient against what she already reviewed in the chart. When a detail is unclear — a wound classification she does not recognize — she raises her hand and asks one targeted question. The charge nurse answers without stopping her pace. Marites writes it down. The handoff ends. Aldrin — the experienced clinician she has been paired with for the week — catches up with her in the hallway: Good catch on the classification. Most people let that one go. She knows she caught it because she prepared the night before. Closed-loop handoff is a safety mechanism, not a social convention. One targeted clarifying question, timed correctly, is more valuable than ten vague ones at the wrong moment.","75","Alert prepared","Cut from orientation","Cut to rights board scene","Photorealistic documentary shot of clinical morning huddle with nurse writing in notebook while charge nurse reviews assignments at nursing station, realistic fluorescent lighting, 35mm lens.","Character anchor: Marites, Filipina, early 30s, tied-back dark hair, navy scrubs, woven bracelet left wrist, calm eyes, consistent badge and stethoscope. Notebook in hand, attentive posture, bracelet visible.","anime, cartoon, CGI, plastic skin, distorted hands, extra fingers, watermark, oversaturated HDR, fantasy lighting, stock-photo smile","Wide ensemble narrowing to medium close on Marites","Communication failures; Documentation expectations","Handoff Protocol SOP; Closed-Loop Communication Standard","LO3","Communication","Targeted closed-loop handoff question","N/A","N/A","Operational teaching","Moderate","Charge nurse escalation for ambiguity","Document handoff clarifications in pre-visit notes","Prevents omission of critical patient safety details","Moderate","Mapped","content","","","","","","","",""
"M01-S16","Act 1","S16","The Rights Board: Rules Become Real","Agency hallway — patient coordination area","In the hallway outside the patient coordination room, there is a laminated board. Patient rights. Language access. Interpreter services at no charge. Anti-discrimination protections. Grievance process. Marites stops and reads it as if she has never seen policies before — because here, they are the operational landscape she will navigate daily. She notices: interpreter services are explicitly required, not suggested. Family members may not substitute for qualified interpretation in clinical decisions. This is different from what she saw in her previous work environment, where family interpretation was common practice driven by necessity. She photographs the board on her personal phone. Not for evidence — for study. The policies posted in an ACHC-accredited agency are operational standards surveyors will evaluate during review. Every field worker is expected to know them, apply them, document them, and escalate when they are not followed.","72","Alert professional","Cut from handoff scene","Cut to pre-visit prep","Photorealistic documentary close-up of laminated patient rights and language access policy board on agency wall, realistic institutional setting, balanced overhead light, 35mm lens.","Character anchor: Marites, Filipina, early 30s, tied-back dark hair, navy scrubs, woven bracelet left wrist, calm eyes, consistent badge and stethoscope. Marites in foreground reading board — back to camera partial.","anime, cartoon, CGI, plastic skin, distorted hands, extra fingers, watermark, oversaturated HDR, fantasy lighting, stock-photo smile","Insert close on board to medium of Marites reading","Patient rights; Language access; Interpreter services","Patient Rights Policy; CLAS Language Access Standard","LO1|LO3","Rights and Compliance","Policy recognition as operational readiness","N/A","N/A","Policy bridge","Moderate","N/A","None — policy study stage","Internalized policies prevent rights violations in field","Moderate","Mapped","content","","","","","","","",""
"M01-S17","Act 1","S17","Pre-Visit Preparation: First Patient","Agency parking lot — car before visit","Before driving to her first solo visit, Marites reviews the patient chart, checks language preference, identifies the interpreter contact number, reviews allergies and risk markers, and rehearses the patient's name. She says it aloud three times: Henderson. Mr. Henderson. She checks her watch, calculates her drive time, and notes that she has a five-minute window before the appointment to compose herself and review her teaching plan. She touches her bracelet. She knocks. Pre-visit preparation is a patient safety habit. Reviewing language access needs, allergy flags, communication preferences, and care plan priorities before arrival — not during — reduces the cognitive load at the door and gives the clinician the space to be fully present with the patient.","65","Focused calm","Cut from rights board","Cut to challenge 1","Photorealistic documentary image of Filipina nurse in parked car reviewing tablet chart before patient visit, morning light through windshield, bracelet visible, 35mm lens.","Character anchor: Marites, Filipina, early 30s, tied-back dark hair, navy scrubs, woven bracelet left wrist, calm eyes, consistent badge and stethoscope. In car — scrubs, badge, bracelet. Composed expression before first visit.","anime, cartoon, CGI, plastic skin, distorted hands, extra fingers, watermark, oversaturated HDR, fantasy lighting, stock-photo smile","Close over-shoulder — tablet and hands in focus","Cultural awareness; Patient-centered care","Pre-Visit Preparation Protocol; Language Access SOP","LO3|LO5","Clinical Preparation","Pre-visit barrier and language access check","C1","D1","Operational prep scene","Moderate","Escalate to scheduler if language data missing","Document preferred language and interpreter need before arrival","Prevents communication errors at point of care","Moderate","Mapped","content","","","","","","","",""
"M01-S18-Q","Act 1","S18-Q","Challenge 1: Cultural Preference vs Clinical Urgency — Question","Mr. Henderson home — front door","Help Marites make the correct operational decision. She has arrived at Mr. Henderson's home for a wound care visit. The family meets her at the door and tells her their religious beliefs require gender-concordant care — Marites cannot provide the treatment. She looks at the wound dressing. It is soiled. The wound may be deteriorating. The patient cannot speak to confirm or deny the accommodation request. Marites has four options. What is the most defensible immediate action? Option A: Acknowledge the family's request, rapidly assess wound urgency at the bedside, call the supervisor immediately for accommodation routing, and document both the preference and the clinical findings. Option B: Respect the family's preference completely by leaving the home and messaging the office to reschedule with a different clinician. Option C: Proceed with wound care because clinical urgency overrides accommodation requests when deterioration is present. Option D: Ask the family to sign a refusal form first, then determine next steps based on available staffing.","58","Urgent instructional","Cut from pre-visit prep","Cut to challenge 1 debrief","Photorealistic documentary image of nurse pausing at patient front door with chart and phone, subtle clinical urgency in posture, realistic residential exterior, natural morning light, 35mm lens.","Character anchor: Marites, Filipina, early 30s, tied-back dark hair, navy scrubs, woven bracelet left wrist, calm eyes, consistent badge and stethoscope. Bracelet visible. Neutral decision-moment expression.","anime, cartoon, CGI, plastic skin, distorted hands, extra fingers, watermark, oversaturated HDR, fantasy lighting, stock-photo smile","POV medium — door in background","Cultural awareness; Patient rights; Escalation","CLAS Domain 2; Patient Rights Policy; Escalation SOP","LO1|LO3|LO5","Assessment — Challenge 1","Urgent accommodation-plus-escalation sequence","C1","D1","Branch challenge","High","Immediate supervisor escalation with clinical urgency rationale","Document preference, urgency assessment, escalation outcome, and plan","Prevents wound deterioration while preserving patient rights","High","Mapped","challenge","Marites arrives at Mr. Henderson's home for wound care. The family says religious beliefs require gender-concordant care — Marites cannot treat him. The wound dressing is soiled and may be deteriorating. The patient cannot speak to confirm. What is the most defensible immediate action?","Acknowledge the family's request, rapidly assess wound urgency at the bedside, call the supervisor immediately for accommodation routing, and document both the preference and the clinical findings.","Respect the family's preference completely by leaving the home and messaging the office to reschedule with a different clinician.","Proceed with wound care because clinical urgency overrides accommodation requests when deterioration is present.","Ask the family to sign a refusal form first, then determine next steps based on available staffing.","0","A",""
"M01-S18-D","Act 1","S18-D","Challenge 1 Debrief: Rights and Urgency Are Not a Choice","Debrief card","Operational Case Review
1) Correct decision: Option A is correct because it preserves patient safety and workflow integrity under pressure.
2) Why correct: Acknowledge the family's request, rapidly assess wound urgency at the bedside, call the supervisor immediately for accommodation routing, and document both the preference and the clinical findings.
3) Incorrect option analysis:
- Option B risk: Respect the family's preference completely by leaving the home and messaging the office to reschedule with a different clinician.. Looks reasonable under pressure, but creates a preventable documentation and escalation gap.
- Option C risk: Proceed with wound care because clinical urgency overrides accommodation requests when deterioration is present.. Looks reasonable under pressure, but creates a preventable documentation and escalation gap.
- Option D risk: Ask the family to sign a refusal form first, then determine next steps based on available staffing.. Looks reasonable under pressure, but creates a preventable documentation and escalation gap.
4) Patient safety implications: uncontrolled communication barriers or delayed escalation can compound into harm.
5) Workflow implications: sequence matters; right actions in the wrong order still produce risk.
6) Documentation implications: chart objective findings, what was verified, what was escalated, and who received handoff.
7) Escalation implications: trigger supervisor pathway when unresolved clinical, communication, or conduct risk remains.
8) Survey implications: ACHC/CMS reviewers focus on evidence chain, not intent.
9) Operational consequences: unresolved gaps can lead to adverse events, corrective action, and loss of trust.
10) Disciplinary/legal/defensibility: omissions and unsupported charting increase disciplinary risk and weaken legal defense.

The correct answer is A. In home health, you will face moments where two legitimate obligations pull in opposite directions. The defensible response is never to choose one and abandon the other. Option A is correct because it holds both simultaneously — urgency assessment at bedside, supervisor escalation for accommodation routing, and complete documentation of the preference, the clinical findings, and the plan. Option B abandons the patient at the moment of highest clinical risk. A wound deteriorating with no assessment on record is a patient safety failure, regardless of how respectful the departure was. Option C overrides an accommodation process the patient has a legal right to access. Proceeding without attempting accommodation — even in clinical urgency — creates survey exposure and trust rupture. Documentation that appears to override rights without process is a compliance liability. Option D inverts the correct sequence. Paperwork before urgency assessment is a workflow error with direct patient harm potential. The rule that holds across every challenge in this module: assess urgency first, escalate immediately, document both the preference and the clinical findings, and let your supervisor route the solution. You do not carry the accommodation decision alone. That is what escalation is for.","95","Operational case-review coaching","Answer reveal","Dissolve to Act 2","Photorealistic documentary image of nurse on phone outside residential home, supervisor call in progress, chart open, bracelet visible, natural morning light, 35mm lens.","Character anchor: Marites, Filipina, early 30s, tied-back dark hair, navy scrubs, woven bracelet left wrist, calm eyes, consistent badge and stethoscope. Escalation call posture — composed and purposeful.","anime, cartoon, CGI, plastic skin, distorted hands, extra fingers, watermark, oversaturated HDR, fantasy lighting, stock-photo smile","Medium — nurse at doorway with phone","Cultural awareness; Patient rights; Escalation; Documentation","CLAS Domain 2; Patient Rights Policy; Escalation SOP; Documentation SOP","LO1|LO3|LO5","Debrief — Challenge 1","Hold both obligations: assess urgency and escalate accommodation simultaneously","C1","D1","Challenge debrief","High","Supervisor → DON if accommodation cannot be arranged in time","Document preference, urgency findings, escalation route, and follow-up plan","Prevents wound deterioration AND rights override — both simultaneously","High","Mapped","debrief","","","","","","","","Operational Case Review
1) Correct decision: Option A is correct because it preserves patient safety and workflow integrity under pressure.
2) Why correct: Acknowledge the family's request, rapidly assess wound urgency at the bedside, call the supervisor immediately for accommodation routing, and document both the preference and the clinical findings.
3) Incorrect option analysis:
- Option B risk: Respect the family's preference completely by leaving the home and messaging the office to reschedule with a different clinician.. Looks reasonable under pressure, but creates a preventable documentation and escalation gap.
- Option C risk: Proceed with wound care because clinical urgency overrides accommodation requests when deterioration is present.. Looks reasonable under pressure, but creates a preventable documentation and escalation gap.
- Option D risk: Ask the family to sign a refusal form first, then determine next steps based on available staffing.. Looks reasonable under pressure, but creates a preventable documentation and escalation gap.
4) Patient safety implications: uncontrolled communication barriers or delayed escalation can compound into harm.
5) Workflow implications: sequence matters; right actions in the wrong order still produce risk.
6) Documentation implications: chart objective findings, what was verified, what was escalated, and who received handoff.
7) Escalation implications: trigger supervisor pathway when unresolved clinical, communication, or conduct risk remains.
8) Survey implications: ACHC/CMS reviewers focus on evidence chain, not intent.
9) Operational consequences: unresolved gaps can lead to adverse events, corrective action, and loss of trust.
10) Disciplinary/legal/defensibility: omissions and unsupported charting increase disciplinary risk and weaken legal defense.

The correct answer is A. In home health, you will face moments where two legitimate obligations pull in opposite directions. The defensible response is never to choose one and abandon the other. Option A is correct because it holds both simultaneously — urgency assessment at bedside, supervisor escalation for accommodation routing, and complete documentation of the preference, the clinical findings, and the plan. Option B abandons the patient at the moment of highest clinical risk. A wound deteriorating with no assessment on record is a patient safety failure, regardless of how respectful the departure was. Option C overrides an accommodation process the patient has a legal right to access. Proceeding without attempting accommodation — even in clinical urgency — creates survey exposure and trust rupture. Documentation that appears to override rights without process is a compliance liability. Option D inverts the correct sequence. Paperwork before urgency assessment is a workflow error with direct patient harm potential. The rule that holds across every challenge in this module: assess urgency first, escalate immediately, document both the preference and the clinical findings, and let your supervisor route the solution. You do not carry the accommodation decision alone. That is what escalation is for."
"M01-S19","Act 2","S19","Handoff Under Pressure","Agency — morning huddle nursing station","In morning huddle, Marites is interrupted twice while confirming allergy details. Nobody yells. This is realistic pressure, not cartoon hostility. The risk is subtle and operationally dangerous. A coworker talks over her during a key safety detail. The charge nurse moves on before she can complete her question. The allergy flag is almost missed. She catches it — because she wrote it down the night before. Interruption control and closed-loop handoff are safety mechanisms. When small details drop in handoff, the downstream clinical risk does not announce itself — it waits.","68","Tense restrained","Dissolve from Act 1 close","Cut to unsafe shortcut scene","Photorealistic documentary frame of crowded morning nursing station huddle, Marites speaking while colleague talks over her, realistic fluorescent lighting, subtle tension in body language.","Character anchor: Marites, Filipina, early 30s, tied-back dark hair, navy scrubs, woven bracelet left wrist, calm eyes, consistent badge and stethoscope. Composure under interruption — no exaggerated frustration.","anime, cartoon, CGI, plastic skin, distorted hands, extra fingers, watermark, oversaturated HDR, fantasy lighting, stock-photo smile","Wide ensemble to medium close on Marites","Communication failures; Workforce inclusion","Handoff Protocol; Professionalism Policy","LO4","Workplace Conduct","Interruptions creating information loss","C2 setup","D2","Operational conflict","High","Charge nurse notification if safety-critical detail lost","Addendum for missed handoff elements","Allergy omission creates direct medication safety risk","High","Mapped","content","","","","","","","",""
"M01-S19-EC2","Act 2","S19-EC2","Educator Side Comment: Handoff Safety","Agency — morning huddle nursing station","This is often missed during busy visits. A rushed handoff is not a personality issue; it is a workflow hazard. Surveyors look for whether critical facts were transferred clearly. If details are dropped, document what is missing and close the loop before you leave.","32","Educator coaching","Soft instructional overlay","Return to narrative flow","Photorealistic documentary frame of crowded morning nursing station huddle, Marites speaking while colleague talks over her, realistic fluorescent lighting, subtle tension in body language.","Character anchor: Marites, Filipina, early 30s, tied-back dark hair, navy scrubs, woven bracelet left wrist, calm eyes, consistent badge and stethoscope. Composure under interruption — no exaggerated frustration.","anime, cartoon, CGI, plastic skin, distorted hands, extra fingers, watermark, oversaturated HDR, fantasy lighting, stock-photo smile","Wide ensemble to medium close on Marites","Operational judgment; Communication failures; Workforce inclusion","Handoff Protocol; Professionalism Policy","LO4","In-the-moment instruction","Handoff completeness check","C2 setup","D2","educator commentary","High","Charge nurse notification if safety-critical detail lost","Addendum for missed handoff elements","Bridges narrative signal to safety decision making","Moderate","Mapped","educator-commentary","","","","","","","",""
"M01-S20","Act 2","S20","Unsafe Shortcut Introduced","Hallway outside patient room","A rushed coworker pulls Marites aside in the hallway. He has a suggestion. The interpreter line takes forever. The patient's daughter is right there. She speaks English fine. Just use the family. Nobody will know and it saves forty minutes. Marites pauses. The bracelet is between her fingers. She recognizes the convenience and she recognizes the risk. In clinical communication, speed cannot replace qualified language access and comprehension verification. Family interpretation is often incomplete for clinical decisions and can compromise autonomy, consent, and medication accuracy.","62","Frustrated controlled","Cut from handoff","Transition to challenge 2","Photorealistic documentary hallway scene with two clinicians in quiet tense discussion, realistic passive-aggressive dismissiveness from one, calm controlled posture from other, 35mm lens.","Character anchor: Marites, Filipina, early 30s, tied-back dark hair, navy scrubs, woven bracelet left wrist, calm eyes, consistent badge and stethoscope. Bracelet visible during pause. Coworker: male, mid-30s, impatient posture.","anime, cartoon, CGI, plastic skin, distorted hands, extra fingers, watermark, oversaturated HDR, fantasy lighting, stock-photo smile","Medium two-shot","Interpreter services; Compliance obligations","Interpreter Services Policy; CLAS Language Access","LO3","Compliance","Reject unauthorized ad hoc interpretation","C2","D2","Operational conflict","High","Supervisor and interpreter line","Record interpreter request and delay reason","Prevents medication misunderstanding from inadequate interpretation","High","Mapped","content","","","","","","","",""
"M01-S20-EC3","Act 2","S20-EC3","Educator Side Comment: Interpreter Shortcut Risk","Hallway outside patient room","This is where many teams fail. The shortcut sounds practical, but skipping qualified interpretation converts a communication issue into a patient safety issue. A competent clinician identifies language barrier type, activates interpreter workflow, and records interpreter method and ID.","32","Educator coaching","Soft instructional overlay","Return to narrative flow","Photorealistic documentary hallway scene with two clinicians in quiet tense discussion, realistic passive-aggressive dismissiveness from one, calm controlled posture from other, 35mm lens.","Character anchor: Marites, Filipina, early 30s, tied-back dark hair, navy scrubs, woven bracelet left wrist, calm eyes, consistent badge and stethoscope. Bracelet visible during pause. Coworker: male, mid-30s, impatient posture.","anime, cartoon, CGI, plastic skin, distorted hands, extra fingers, watermark, oversaturated HDR, fantasy lighting, stock-photo smile","Medium two-shot","Operational judgment; Interpreter services; Compliance obligations","Interpreter Services Policy; CLAS Language Access","LO3","In-the-moment instruction","Interpreter activation and documentation","C2","D2","educator commentary","High","Supervisor and interpreter line","Record interpreter request and delay reason","Bridges narrative signal to safety decision making","Moderate","Mapped","educator-commentary","","","","","","","",""
"M01-S21","Act 2","S21","Mentor Review with Aldrin","Chart review corner — nursing station","Aldrin reviews Marites' note from the prior visit and pauses. The empathy is there. The observation is sharp. But then he points to a field: comprehension verification. It is blank. He says quietly: You did the right thing in the room. But the record does not show how you know she understood. Good care that is not documented is good care that cannot be defended. This is the standard: not just what you said, but what the patient demonstrated back — and that you wrote it down.","60","Somber observant","Cut from hallway","Cut to challenge 2 question","Photorealistic documentary image of two nurses reviewing chart notes together at nursing station, mentor pointing to documentation gap, warm concentrated expressions, 35mm lens.","Character anchor: Marites, Filipina, early 30s, tied-back dark hair, navy scrubs, woven bracelet left wrist, calm eyes, consistent badge and stethoscope. Aldrin: male Filipino-American, early 40s, calm mentor posture.","anime, cartoon, CGI, plastic skin, distorted hands, extra fingers, watermark, oversaturated HDR, fantasy lighting, stock-photo smile","Medium two-shot profile","Documentation expectations; Team collaboration","Clinical Documentation Policy; Mentorship Protocol","LO3|LO5","Documentation","Defensible documentation standards","N/A","N/A","Mentorship narrative","Moderate","N/A","Complete comprehension verification field in visit notes","Protects patient continuity and agency defensibility","Moderate","Mapped","content","","","","","","","",""
"M01-S22-Q","Act 2","S22-Q","Challenge 2: Interpreter Workflow Timing — Question","Patient home — insulin teaching visit","Help Marites make the correct call. She is at the home of an elderly patient with limited English proficiency. Today's visit covers insulin injection technique and dosage timing. The patient's daughter is present and immediately offers to interpret. She says her mother is comfortable with her. The patient nods in agreement. Marites has four options. What is the most defensible action? Option A: Accept the family's offer and proceed with insulin teaching, then document education as completed. Option B: Thank the daughter for offering, pause the education session, activate the qualified agency interpreter, perform teach-back with verified comprehension, and document the barrier, interpreter ID, and patient response. Option C: Deliver the core teaching points now with the daughter interpreting, and schedule a qualified interpreter for the next visit to reinforce. Option D: Ask the patient to sign a written understanding statement now, then follow up with a qualified interpreter at a future visit.","58","Urgent practical","Cut from mentor scene","Cut to challenge 2 debrief","Photorealistic documentary scene of nurse pausing insulin teaching to activate interpreter service on phone, patient and daughter present, realistic home setting, natural lighting, 35mm lens.","Character anchor: Marites, Filipina, early 30s, tied-back dark hair, navy scrubs, woven bracelet left wrist, calm eyes, consistent badge and stethoscope. Patient: elderly non-English-proficient female. Daughter nearby.","anime, cartoon, CGI, plastic skin, distorted hands, extra fingers, watermark, oversaturated HDR, fantasy lighting, stock-photo smile","Medium over-shoulder","Language access; Interpreter services","Interpreter Workflow Policy; CLAS Standard 5","LO3","Assessment — Challenge 2","Activate qualified interpreter pathway","C2","D2","Branch challenge","High","Interpreter service then supervisor if unavailable","Document interpreter ID, start time, teach-back result, and comprehension","Avoids incorrect consent and insulin dosing errors","High","Mapped","challenge","A limited-English patient nods through insulin teaching. The patient's daughter offers to interpret and says her mother is comfortable with her. What is the most defensible action?","Accept the family's offer and proceed with insulin teaching, then document education as completed.","Thank the daughter for offering, pause education, activate the qualified agency interpreter, perform teach-back, and document the barrier, interpreter ID, and patient response.","Deliver the core teaching points now with the daughter interpreting, and schedule a qualified interpreter for the next visit to reinforce.","Ask the patient to sign a written understanding statement now, then follow up with a qualified interpreter at a future visit.","1","B",""
"M01-S22-D","Act 2","S22-D","Challenge 2 Debrief: Interpreter Workflow Is a Safety Control","Debrief card","Operational Case Review
1) Correct decision: Option B is correct because it preserves patient safety and workflow integrity under pressure.
2) Why correct: Thank the daughter for offering, pause education, activate the qualified agency interpreter, perform teach-back, and document the barrier, interpreter ID, and patient response.
3) Incorrect option analysis:
- Option A risk: Accept the family's offer and proceed with insulin teaching, then document education as completed.. Looks reasonable under pressure, but creates a preventable documentation and escalation gap.
- Option C risk: Deliver the core teaching points now with the daughter interpreting, and schedule a qualified interpreter for the next visit to reinforce.. Looks reasonable under pressure, but creates a preventable documentation and escalation gap.
- Option D risk: Ask the patient to sign a written understanding statement now, then follow up with a qualified interpreter at a future visit.. Looks reasonable under pressure, but creates a preventable documentation and escalation gap.
4) Patient safety implications: uncontrolled communication barriers or delayed escalation can compound into harm.
5) Workflow implications: sequence matters; right actions in the wrong order still produce risk.
6) Documentation implications: chart objective findings, what was verified, what was escalated, and who received handoff.
7) Escalation implications: trigger supervisor pathway when unresolved clinical, communication, or conduct risk remains.
8) Survey implications: ACHC/CMS reviewers focus on evidence chain, not intent.
9) Operational consequences: unresolved gaps can lead to adverse events, corrective action, and loss of trust.
10) Disciplinary/legal/defensibility: omissions and unsupported charting increase disciplinary risk and weaken legal defense.

The correct answer is B. Option A fails the language access standard for clinical teaching and creates a documentation problem. A note saying education completed when comprehension was never verified is not defensible during a survey review — and it is not safe for the patient. Option C creates a fragmented education record. The most dangerous teaching is teaching that was partially delivered before the communication barrier was controlled. A patient who heard half an explanation and remembered pieces of it is more hazardous than a patient who received no teaching yet. Option D substitutes a signature for comprehension. A signature is not evidence of understanding. It is a form. Option B is correct because it controls the communication barrier before education begins, uses a qualified interpreter who meets the professional standard for clinical accuracy, performs teach-back to verify what was understood, and documents the barrier, the interpreter ID, the method, and the patient's demonstrated comprehension. That chain is what ACHC surveyors will look for. It is also what protects the patient from an insulin dosing error that begins with an assumption.","95","Operational case-review coaching","Answer reveal","Cut to consequence scene","Photorealistic debrief image — nurse on interpreter phone call with patient in realistic home setting, chart visible, natural light, 35mm lens.","Character anchor: Marites, Filipina, early 30s, tied-back dark hair, navy scrubs, woven bracelet left wrist, calm eyes, consistent badge and stethoscope. Interpreter call in session. Patient present — relaxed.","anime, cartoon, CGI, plastic skin, distorted hands, extra fingers, watermark, oversaturated HDR, fantasy lighting, stock-photo smile","Medium — nurse and patient at table with phone","Language access; Interpreter services; Documentation","Interpreter Workflow Policy; CLAS Standard 5; Documentation SOP","LO3","Debrief — Challenge 2","Qualified interpretation and teach-back as patient safety controls","C2","D2","Challenge debrief","High","Supervisor if interpreter service unavailable","Document interpreter ID, modality, comprehension result, and barriers","Reduces medication harm from unverified comprehension","High","Mapped","debrief","","","","","","","","Operational Case Review
1) Correct decision: Option B is correct because it preserves patient safety and workflow integrity under pressure.
2) Why correct: Thank the daughter for offering, pause education, activate the qualified agency interpreter, perform teach-back, and document the barrier, interpreter ID, and patient response.
3) Incorrect option analysis:
- Option A risk: Accept the family's offer and proceed with insulin teaching, then document education as completed.. Looks reasonable under pressure, but creates a preventable documentation and escalation gap.
- Option C risk: Deliver the core teaching points now with the daughter interpreting, and schedule a qualified interpreter for the next visit to reinforce.. Looks reasonable under pressure, but creates a preventable documentation and escalation gap.
- Option D risk: Ask the patient to sign a written understanding statement now, then follow up with a qualified interpreter at a future visit.. Looks reasonable under pressure, but creates a preventable documentation and escalation gap.
4) Patient safety implications: uncontrolled communication barriers or delayed escalation can compound into harm.
5) Workflow implications: sequence matters; right actions in the wrong order still produce risk.
6) Documentation implications: chart objective findings, what was verified, what was escalated, and who received handoff.
7) Escalation implications: trigger supervisor pathway when unresolved clinical, communication, or conduct risk remains.
8) Survey implications: ACHC/CMS reviewers focus on evidence chain, not intent.
9) Operational consequences: unresolved gaps can lead to adverse events, corrective action, and loss of trust.
10) Disciplinary/legal/defensibility: omissions and unsupported charting increase disciplinary risk and weaken legal defense.

The correct answer is B. Option A fails the language access standard for clinical teaching and creates a documentation problem. A note saying education completed when comprehension was never verified is not defensible during a survey review — and it is not safe for the patient. Option C creates a fragmented education record. The most dangerous teaching is teaching that was partially delivered before the communication barrier was controlled. A patient who heard half an explanation and remembered pieces of it is more hazardous than a patient who received no teaching yet. Option D substitutes a signature for comprehension. A signature is not evidence of understanding. It is a form. Option B is correct because it controls the communication barrier before education begins, uses a qualified interpreter who meets the professional standard for clinical accuracy, performs teach-back to verify what was understood, and documents the barrier, the interpreter ID, the method, and the patient's demonstrated comprehension. That chain is what ACHC surveyors will look for. It is also what protects the patient from an insulin dosing error that begins with an assumption."
"M01-S23","Act 2","S23","Consequence Scene: Medication Confusion","Patient kitchen — follow-up visit","At a follow-up visit, Marites finds a medication timing discrepancy. The patient was taking her dose at the wrong time — a confusion that traces back to a prior visit where the family interpreted and the teaching was never verified. It is not a crisis yet. But it could have been. Marites catches it during teach-back before harm occurs. She corrects, documents, and flags the pattern to her supervisor. Communication shortcuts do not always produce immediate visible harm. They produce delayed downstream risk that surfaces across visits — in a different clinician's chart, after the responsible clinician has moved on.","62","Firm educational","Cut from challenge 2 debrief","Cut to breakroom scene","Photorealistic documentary image of nurse at kitchen table with patient reviewing pill organizer, concern visible in nurse's posture upon finding discrepancy, natural daylight, 35mm lens.","Character anchor: Marites, Filipina, early 30s, tied-back dark hair, navy scrubs, woven bracelet left wrist, calm eyes, consistent badge and stethoscope. Patient: same continuity from prior scenes. Pill organizer on table.","anime, cartoon, CGI, plastic skin, distorted hands, extra fingers, watermark, oversaturated HDR, fantasy lighting, stock-photo smile","Medium close two-shot","Communication failures; Patient safety","Medication Education Workflow; Near-Miss Reporting","LO3|LO5","Clinical Safety","Catch and correct communication shortcut consequences","C3 setup","D3","Clinical near-miss","High","Supervisor and prescribing clinician if continued confusion","Document discrepancy, correction, and follow-up plan","Prevents adverse medication event from documentation gap","High","Mapped","content","","","","","","","",""
"M01-S24","Act 2","S24","Breakroom Microaggression","Agency break room","In the break room, a coworker mimics Marites' accent while retelling a story. A few people laugh. The room goes briefly quiet when they notice Marites is there. The coworker does not apologize. He just moves on. This is not a cartoon villain scene. It is realistic exclusion behavior — the kind that does not make headlines but degrades team communication, trust, and safety culture one small moment at a time. Workforce disrespect is not a separate issue from patient care. When a team member is excluded, their ability to communicate freely, raise concerns early, and collaborate safely is directly impaired. The damage is operational, not just personal.","58","Hurt contained","Cut from medication scene","Cut to challenge 3 question","Photorealistic documentary break room scene with subtle accent mockery incident, group of staff, Marites visible with contained restrained expression, realistic workplace environment, 35mm lens.","Character anchor: Marites, Filipina, early 30s, tied-back dark hair, navy scrubs, woven bracelet left wrist, calm eyes, consistent badge and stethoscope. Bracelet fingered during stressful moment. Emotional restraint — no exaggerated reaction.","anime, cartoon, CGI, plastic skin, distorted hands, extra fingers, watermark, oversaturated HDR, fantasy lighting, stock-photo smile","Medium group shot","Discrimination/harassment reporting; Workforce inclusion","Anti-Harassment Policy; EEOC Guidance","LO4","Workplace Rights","Recognize hostile conduct and reporting obligation","C3","D3","Workplace scenario","High","Supervisor then HR","Objective incident documentation","Psychological safety directly affects communication quality and care","High","Mapped","content","","","","","","","",""
"M01-S24-EC4","Act 2","S24-EC4","Educator Side Comment: Documentation Gap Escalation Trigger","Agency break room","A surveyor would immediately flag this pattern. If an order changed and the chart did not, you now have a high-risk documentation conflict. Escalation should begin the same visit with objective findings, incident pathway activation, and a clear transfer note.","32","Educator coaching","Soft instructional overlay","Return to narrative flow","Photorealistic documentary break room scene with subtle accent mockery incident, group of staff, Marites visible with contained restrained expression, realistic workplace environment, 35mm lens.","Character anchor: Marites, Filipina, early 30s, tied-back dark hair, navy scrubs, woven bracelet left wrist, calm eyes, consistent badge and stethoscope. Bracelet fingered during stressful moment. Emotional restraint — no exaggerated reaction.","anime, cartoon, CGI, plastic skin, distorted hands, extra fingers, watermark, oversaturated HDR, fantasy lighting, stock-photo smile","Medium group shot","Operational judgment; Discrimination/harassment reporting; Workforce inclusion","Anti-Harassment Policy; EEOC Guidance","LO4","In-the-moment instruction","Incident escalation for documentation discrepancy","C3","D3","educator commentary","High","Supervisor then HR","Objective incident documentation","Bridges narrative signal to safety decision making","Moderate","Mapped","educator-commentary","","","","","","","",""
"M01-S25-Q","Act 2","S25-Q","Challenge 3: Bystander Duty and Reporting — Question","Break room — immediate response moment","Help Marites decide what to do right now. A coworker has just mocked her accent in the break room in front of witnesses. He did not stop when she walked in — he just moved on. Marites has four options. Which response is the most professionally defensible and operationally correct? Option A: Calmly and directly address the behavior in the moment, then submit a formal written report to her supervisor that includes the exact quote or behavior, the witnesses present, the time and location, and a note requesting anti-retaliation protection. Option B: Wait until after her shift and report it to HR the following morning to avoid making the situation worse right now. Option C: Confront the coworker loudly in the break room to make clear the behavior is unacceptable and will not be tolerated. Option D: Focus on patient care and avoid getting involved in personnel issues — the workplace environment is not her responsibility to correct.","58","Decisive instructional","Cut from break room scene","Cut to challenge 3 debrief","Photorealistic documentary image of nurse composedly addressing coworker in break room, calm assertive posture, realistic work environment, 35mm lens.","Character anchor: Marites, Filipina, early 30s, tied-back dark hair, navy scrubs, woven bracelet left wrist, calm eyes, consistent badge and stethoscope. Assertive but composed — no theatrical anger. Bracelet visible.","anime, cartoon, CGI, plastic skin, distorted hands, extra fingers, watermark, oversaturated HDR, fantasy lighting, stock-photo smile","Medium close — Marites in foreground","Ethical behavior; Retaliation concerns; Reporting obligations","Anti-Retaliation and Reporting Policy; EEOC","LO4","Assessment — Challenge 3","Immediate respectful correction plus formal report","C3","D3","Branch challenge","High","Supervisor then HR with anti-retaliation flag","Incident report: exact quote or behavior, witnesses, time, location, anti-retaliation request","Protects workforce psychological safety and communication reliability","High","Mapped","challenge","A coworker mocked Marites' accent in the break room in front of witnesses and did not stop when she walked in. Which response is the most professionally defensible?","Calmly address the behavior in the moment, then submit a formal report to the supervisor with the exact behavior, witnesses, time, location, and an anti-retaliation request.","Wait until after shift and report it to HR the following morning to avoid making the situation worse right now.","Confront the coworker loudly in the break room to make clear the behavior is unacceptable.","Focus on patient care and avoid getting involved in personnel issues — the workplace environment is not her responsibility to correct.","0","A",""
"M01-S25-D","Act 2","S25-D","Challenge 3 Debrief: Professional Correction Is Mandatory","Debrief card","Operational Case Review
1) Correct decision: Option A is correct because it preserves patient safety and workflow integrity under pressure.
2) Why correct: Calmly address the behavior in the moment, then submit a formal report to the supervisor with the exact behavior, witnesses, time, location, and an anti-retaliation request.
3) Incorrect option analysis:
- Option B risk: Wait until after shift and report it to HR the following morning to avoid making the situation worse right now.. Looks reasonable under pressure, but creates a preventable documentation and escalation gap.
- Option C risk: Confront the coworker loudly in the break room to make clear the behavior is unacceptable.. Looks reasonable under pressure, but creates a preventable documentation and escalation gap.
- Option D risk: Focus on patient care and avoid getting involved in personnel issues — the workplace environment is not her responsibility to correct.. Looks reasonable under pressure, but creates a preventable documentation and escalation gap.
4) Patient safety implications: uncontrolled communication barriers or delayed escalation can compound into harm.
5) Workflow implications: sequence matters; right actions in the wrong order still produce risk.
6) Documentation implications: chart objective findings, what was verified, what was escalated, and who received handoff.
7) Escalation implications: trigger supervisor pathway when unresolved clinical, communication, or conduct risk remains.
8) Survey implications: ACHC/CMS reviewers focus on evidence chain, not intent.
9) Operational consequences: unresolved gaps can lead to adverse events, corrective action, and loss of trust.
10) Disciplinary/legal/defensibility: omissions and unsupported charting increase disciplinary risk and weaken legal defense.

The correct answer is A. Option A is correct because it does two things at once: it stops the behavior in real time and it creates a defensible formal record. Calm, direct, in-the-moment correction is not aggression — it is professionalism applied at the right moment. The formal report with objective behavioral detail is what makes the correction traceable, investigable, and protected from retaliation. Option B delays correction and weakens the record. Memory fades overnight. Witnesses may not recall details the next morning. The behavior continues in the gap. Option C is incorrect because aggressive confrontation creates a second conduct issue and muddies the reporting process. When an incident becomes a dual-conduct conflict, the original behavior becomes harder to address cleanly. Option D is the most dangerous answer. Silence normalizes exclusion behavior. Workforce disrespect compounds over time — it erodes team trust, impairs communication safety, and eventually touches patient care. The correct standard in an ACHC-accredited agency: see it, address it, document it, escalate it. Anti-retaliation protections exist specifically so that staff can report without fear. Using them is not weakness — it is the job.","95","Operational case-review coaching","Answer reveal","Cut to supervisor coaching scene","Photorealistic documentary image of nurse writing formal incident report at desk, detailed notes visible, professional composed expression, realistic office setting, 35mm lens.","Character anchor: Marites, Filipina, early 30s, tied-back dark hair, navy scrubs, woven bracelet left wrist, calm eyes, consistent badge and stethoscope. At desk — composed, documenting. Bracelet near keyboard.","anime, cartoon, CGI, plastic skin, distorted hands, extra fingers, watermark, oversaturated HDR, fantasy lighting, stock-photo smile","Medium close — nurse at desk writing","Ethical behavior; Retaliation concerns; Accountability; Reporting","Anti-Retaliation Policy; Anti-Harassment Policy; EEOC; Reporting SOP","LO4","Debrief — Challenge 3","In-the-moment correction plus objective formal report","C3","D3","Challenge debrief","High","Supervisor → HR → Compliance if unresolved","Incident report: behavioral description, witnesses, time, location, anti-retaliation notation","Protects workforce safety culture and patient communication reliability","High","Mapped","debrief","","","","","","","","Operational Case Review
1) Correct decision: Option A is correct because it preserves patient safety and workflow integrity under pressure.
2) Why correct: Calmly address the behavior in the moment, then submit a formal report to the supervisor with the exact behavior, witnesses, time, location, and an anti-retaliation request.
3) Incorrect option analysis:
- Option B risk: Wait until after shift and report it to HR the following morning to avoid making the situation worse right now.. Looks reasonable under pressure, but creates a preventable documentation and escalation gap.
- Option C risk: Confront the coworker loudly in the break room to make clear the behavior is unacceptable.. Looks reasonable under pressure, but creates a preventable documentation and escalation gap.
- Option D risk: Focus on patient care and avoid getting involved in personnel issues — the workplace environment is not her responsibility to correct.. Looks reasonable under pressure, but creates a preventable documentation and escalation gap.
4) Patient safety implications: uncontrolled communication barriers or delayed escalation can compound into harm.
5) Workflow implications: sequence matters; right actions in the wrong order still produce risk.
6) Documentation implications: chart objective findings, what was verified, what was escalated, and who received handoff.
7) Escalation implications: trigger supervisor pathway when unresolved clinical, communication, or conduct risk remains.
8) Survey implications: ACHC/CMS reviewers focus on evidence chain, not intent.
9) Operational consequences: unresolved gaps can lead to adverse events, corrective action, and loss of trust.
10) Disciplinary/legal/defensibility: omissions and unsupported charting increase disciplinary risk and weaken legal defense.

The correct answer is A. Option A is correct because it does two things at once: it stops the behavior in real time and it creates a defensible formal record. Calm, direct, in-the-moment correction is not aggression — it is professionalism applied at the right moment. The formal report with objective behavioral detail is what makes the correction traceable, investigable, and protected from retaliation. Option B delays correction and weakens the record. Memory fades overnight. Witnesses may not recall details the next morning. The behavior continues in the gap. Option C is incorrect because aggressive confrontation creates a second conduct issue and muddies the reporting process. When an incident becomes a dual-conduct conflict, the original behavior becomes harder to address cleanly. Option D is the most dangerous answer. Silence normalizes exclusion behavior. Workforce disrespect compounds over time — it erodes team trust, impairs communication safety, and eventually touches patient care. The correct standard in an ACHC-accredited agency: see it, address it, document it, escalate it. Anti-retaliation protections exist specifically so that staff can report without fear. Using them is not weakness — it is the job."
"M01-S26","Act 2","S26","Supervisor Coaching: Objective Reporting Language","Supervisor office","The supervisor sits with Marites and Aldrin and walks through what a good incident report looks like. Report behavior, not character. Use facts, not interpretations. Include the exact quote or behavior, the time and location, the witnesses present, the impact you observed, and your requested follow-up. Do not say he is unprofessional. Say: at approximately 2:15 PM in the break room, in the presence of three colleagues, the following statement was made — and write it down. Character judgments are replaced with objective evidence so corrective action remains fair, documentable, and legally defensible. This is how professionalism protects everyone — including the person being reported.","55","Reassuring firm","Cut from challenge 3 debrief","Cut to documentation audit scene","Photorealistic documentary image of supervisor and nurse in office discussion, professional coaching posture, neutral tone, realistic office setting, 35mm lens.","Character anchor: Marites, Filipina, early 30s, tied-back dark hair, navy scrubs, woven bracelet left wrist, calm eyes, consistent badge and stethoscope. Seated in coaching session. Supervisor: female, mid-50s, professional attire.","anime, cartoon, CGI, plastic skin, distorted hands, extra fingers, watermark, oversaturated HDR, fantasy lighting, stock-photo smile","Medium conference shot — two-shot","Accountability; Retaliation concerns; Corrective action","HR Reporting SOP; EEOC; Corrective Action Policy","LO4","Debrief — Challenge 3","Incident reporting with anti-retaliation safeguard","C3","D3","Debrief narrative","High","HR then Compliance if unresolved","Incident report with behavioral facts and anti-retaliation checkbox","Supports safe staffing and reliable team communication","High","Mapped","content","","","","","","","",""
"M01-S26-EC5","Act 2","S26-EC5","Educator Side Comment: Corrective Action Process","Supervisor office","Notice the leadership response. Corrective action is not automatic punishment; it is evidence-driven review, documented coaching, and accountability tracking. Competent clinicians cooperate with investigation and preserve objective records instead of private side resolutions.","32","Educator coaching","Soft instructional overlay","Return to narrative flow","Photorealistic documentary image of supervisor and nurse in office discussion, professional coaching posture, neutral tone, realistic office setting, 35mm lens.","Character anchor: Marites, Filipina, early 30s, tied-back dark hair, navy scrubs, woven bracelet left wrist, calm eyes, consistent badge and stethoscope. Seated in coaching session. Supervisor: female, mid-50s, professional attire.","anime, cartoon, CGI, plastic skin, distorted hands, extra fingers, watermark, oversaturated HDR, fantasy lighting, stock-photo smile","Medium conference shot — two-shot","Operational judgment; Accountability; Retaliation concerns; Corrective action","HR Reporting SOP; EEOC; Corrective Action Policy","LO4","In-the-moment instruction","Supervisor coaching and corrective action process","C3","D3","educator commentary","Moderate","HR then Compliance if unresolved","Incident report with behavioral facts and anti-retaliation checkbox","Bridges narrative signal to safety decision making","Moderate","Mapped","educator-commentary","","","","","","","",""
"M01-S27","Act 2","S27","Documentation Audit Moment","EHR workstation — agency office","While reviewing charts at the end of the day, Marites notices that two prior records from earlier this week are missing data in the cultural preference and interpreter fields. The fields exist. They were never filled. She realizes this is not an isolated oversight — it is a pattern. It is not one clinician having a bad day. It is a workflow gap that has been quietly producing incomplete records. Missing structured fields are not just administrative oversights. They block continuity-of-care, disable accurate survey review, and weaken the agency's ability to demonstrate compliance with CLAS requirements. Pattern recognition is as important as individual correction.","62","Concerned analytical","Cut from supervisor coaching","Cut to challenge 4 question","Photorealistic workstation scene showing nurse reviewing EHR records with missing data fields, realistic monitor glow, documentary tone, 35mm lens.","Character anchor: Marites, Filipina, early 30s, tied-back dark hair, navy scrubs, woven bracelet left wrist, calm eyes, consistent badge and stethoscope. Focused posture at workstation. Bracelet near keyboard.","anime, cartoon, CGI, plastic skin, distorted hands, extra fingers, watermark, oversaturated HDR, fantasy lighting, stock-photo smile","Over-shoulder close on screen and hands","Documentation expectations; Compliance obligations","Clinical Documentation Policy; QAPI Standards","LO3|LO5","Documentation","Identify systemic omission patterns","C4 setup","D4","Operational scenario","High","Escalate to supervisor and QA","Addendum with objective cultural preference and interpreter details","Incomplete notes increase recurrence risk across care team","High","Mapped","content","","","","","","","",""
"M01-S27-EC6","Act 2","S27-EC6","Educator Side Comment: Retaliation Early Warning","EHR workstation — agency office","This becomes a legal and workforce safety risk if ignored. Low-volume statements can still be retaliation indicators when tied to a report. The safe move is immediate written documentation and supervisor notification, not personal confrontation.","32","Educator coaching","Soft instructional overlay","Return to narrative flow","Photorealistic workstation scene showing nurse reviewing EHR records with missing data fields, realistic monitor glow, documentary tone, 35mm lens.","Character anchor: Marites, Filipina, early 30s, tied-back dark hair, navy scrubs, woven bracelet left wrist, calm eyes, consistent badge and stethoscope. Focused posture at workstation. Bracelet near keyboard.","anime, cartoon, CGI, plastic skin, distorted hands, extra fingers, watermark, oversaturated HDR, fantasy lighting, stock-photo smile","Over-shoulder close on screen and hands","Operational judgment; Documentation expectations; Compliance obligations","Clinical Documentation Policy; QAPI Standards","LO3|LO5","In-the-moment instruction","Non-retaliation reporting","C4 setup","D4","educator commentary","High","Escalate to supervisor and QA","Addendum with objective cultural preference and interpreter details","Bridges narrative signal to safety decision making","Moderate","Mapped","educator-commentary","","","","","","","",""
"M01-S28-Q","Act 2","S28-Q","Challenge 4: Corrective Documentation — Question","EHR workstation — addendum entry","Help Marites correct the incomplete records. She has found two prior visit notes with missing cultural preference and interpreter fields. She needs to correct them now. What is the most defensible corrective action? Option A: Create a late-entry addendum for each record with a timestamp, note that it is a late-entry correction, add the cultural preference details, the interpreter information, and the comprehension findings objectively, and notify her supervisor about the pattern. Option B: Go back into the original note text and rewrite it to include the missing information so the record appears complete and consistent. Option C: Add a brief note at the end of each record saying patient understands and move forward. Option D: Leave both records as they are and document the missing information fully at the next visit instead.","55","Technical focused","Cut from documentation audit","Cut to challenge 4 debrief","Photorealistic documentary scene of nurse composing EHR addendum note, realistic interface, natural office light, 35mm lens.","Character anchor: Marites, Filipina, early 30s, tied-back dark hair, navy scrubs, woven bracelet left wrist, calm eyes, consistent badge and stethoscope. Focused on screen — typing deliberate addendum.","anime, cartoon, CGI, plastic skin, distorted hands, extra fingers, watermark, oversaturated HDR, fantasy lighting, stock-photo smile","POV with screen and hands visible","Documentation expectations; Accountability","Documentation Addendum SOP; Record Integrity Policy","LO3","Assessment — Challenge 4","Objective addendum and pattern escalation","C4","D4","Branch challenge","High","Supervisor then QA for pattern review","Addendum: timestamp, late-entry notation, cultural preference, interpreter details, follow-up","Prevents repeat communication breakdown across care team","High","Mapped","challenge","Marites finds two prior visit records with missing cultural preference and interpreter fields. What is the most defensible corrective action?","Create a late-entry addendum for each record with a timestamp, objective detail including cultural preference and interpreter information, and notify the supervisor about the pattern.","Go back into the original note text and rewrite it to include the missing information so the record appears complete and consistent.","Add a brief note at the end of each record saying 'patient understands' and move forward.","Leave both records as they are and document the missing information fully at the next visit.","0","A",""
"M01-S28-D","Act 2","S28-D","Challenge 4 Debrief: Defensible Correction Has a Sequence","Debrief card","Operational Case Review
1) Correct decision: Option A is correct because it preserves patient safety and workflow integrity under pressure.
2) Why correct: Create a late-entry addendum for each record with a timestamp, objective detail including cultural preference and interpreter information, and notify the supervisor about the pattern.
3) Incorrect option analysis:
- Option B risk: Go back into the original note text and rewrite it to include the missing information so the record appears complete and consistent.. Looks reasonable under pressure, but creates a preventable documentation and escalation gap.
- Option C risk: Add a brief note at the end of each record saying 'patient understands' and move forward.. Looks reasonable under pressure, but creates a preventable documentation and escalation gap.
- Option D risk: Leave both records as they are and document the missing information fully at the next visit.. Looks reasonable under pressure, but creates a preventable documentation and escalation gap.
4) Patient safety implications: uncontrolled communication barriers or delayed escalation can compound into harm.
5) Workflow implications: sequence matters; right actions in the wrong order still produce risk.
6) Documentation implications: chart objective findings, what was verified, what was escalated, and who received handoff.
7) Escalation implications: trigger supervisor pathway when unresolved clinical, communication, or conduct risk remains.
8) Survey implications: ACHC/CMS reviewers focus on evidence chain, not intent.
9) Operational consequences: unresolved gaps can lead to adverse events, corrective action, and loss of trust.
10) Disciplinary/legal/defensibility: omissions and unsupported charting increase disciplinary risk and weaken legal defense.

The correct answer is A. Option B is the most dangerous answer in this challenge. Going back into the original note and rewriting it is record alteration. It destroys chronological integrity, creates legal exposure, and in a survey context can constitute falsification. If an auditor or surveyor compares electronic metadata with note content and finds they do not align, the consequences extend far beyond the two missing fields. Option C is the most common wrong answer — not because it is aggressive, but because it is vague. Patient understands is not a clinical finding. It is an assertion. It tells no one what was taught, how understanding was verified, what the patient demonstrated back, or what still needs reinforcement. Option D delays correction into a different visit with a different clinical context, leaving the existing gap open and the care team acting on incomplete information in the meantime. Option A is correct because it does three things: it preserves record integrity by creating a transparent late-entry with a timestamp, it adds objective clinical detail that actually means something to the next clinician reading the chart, and it escalates the pattern to a supervisor and QA so the workflow gap can be corrected at the system level. Defensible documentation is not about length. It is about specificity, objectivity, completeness, and correct sequence.","95","Operational case-review coaching","Answer reveal","Cut to mentor defensibility lesson","Photorealistic documentary image of nurse reviewing completed compliant addendum entry on EHR screen, timestamps visible, natural office light, 35mm lens.","Character anchor: Marites, Filipina, early 30s, tied-back dark hair, navy scrubs, woven bracelet left wrist, calm eyes, consistent badge and stethoscope. Satisfied completion posture — not relieved, just thorough.","anime, cartoon, CGI, plastic skin, distorted hands, extra fingers, watermark, oversaturated HDR, fantasy lighting, stock-photo smile","Over-shoulder close on screen","Documentation expectations; Accountability; Record integrity","Documentation Addendum SOP; Record Integrity Policy; QAPI Standards","LO3","Debrief — Challenge 4","Objective late-entry addendum with pattern escalation","C4","D4","Challenge debrief","High","Supervisor → QA → Compliance if pattern confirmed","Addendum: timestamp, late-entry notation, cultural preference, interpreter ID, comprehension result","Prevents falsification risk, care gaps, and survey exposure","High","Mapped","debrief","","","","","","","","Operational Case Review
1) Correct decision: Option A is correct because it preserves patient safety and workflow integrity under pressure.
2) Why correct: Create a late-entry addendum for each record with a timestamp, objective detail including cultural preference and interpreter information, and notify the supervisor about the pattern.
3) Incorrect option analysis:
- Option B risk: Go back into the original note text and rewrite it to include the missing information so the record appears complete and consistent.. Looks reasonable under pressure, but creates a preventable documentation and escalation gap.
- Option C risk: Add a brief note at the end of each record saying 'patient understands' and move forward.. Looks reasonable under pressure, but creates a preventable documentation and escalation gap.
- Option D risk: Leave both records as they are and document the missing information fully at the next visit.. Looks reasonable under pressure, but creates a preventable documentation and escalation gap.
4) Patient safety implications: uncontrolled communication barriers or delayed escalation can compound into harm.
5) Workflow implications: sequence matters; right actions in the wrong order still produce risk.
6) Documentation implications: chart objective findings, what was verified, what was escalated, and who received handoff.
7) Escalation implications: trigger supervisor pathway when unresolved clinical, communication, or conduct risk remains.
8) Survey implications: ACHC/CMS reviewers focus on evidence chain, not intent.
9) Operational consequences: unresolved gaps can lead to adverse events, corrective action, and loss of trust.
10) Disciplinary/legal/defensibility: omissions and unsupported charting increase disciplinary risk and weaken legal defense.

The correct answer is A. Option B is the most dangerous answer in this challenge. Going back into the original note and rewriting it is record alteration. It destroys chronological integrity, creates legal exposure, and in a survey context can constitute falsification. If an auditor or surveyor compares electronic metadata with note content and finds they do not align, the consequences extend far beyond the two missing fields. Option C is the most common wrong answer — not because it is aggressive, but because it is vague. Patient understands is not a clinical finding. It is an assertion. It tells no one what was taught, how understanding was verified, what the patient demonstrated back, or what still needs reinforcement. Option D delays correction into a different visit with a different clinical context, leaving the existing gap open and the care team acting on incomplete information in the meantime. Option A is correct because it does three things: it preserves record integrity by creating a transparent late-entry with a timestamp, it adds objective clinical detail that actually means something to the next clinician reading the chart, and it escalates the pattern to a supervisor and QA so the workflow gap can be corrected at the system level. Defensible documentation is not about length. It is about specificity, objectivity, completeness, and correct sequence."
"M01-S29","Act 2","S29","Mentor Lesson: Survey Defensibility","Conference alcove","Aldrin sits with Marites over a coffee and explains something she needs to understand before her first independent shift. Surveyors do not grade intentions. They do not care that you meant to do the right thing. They review evidence chains: risk was recognized, action was taken, escalation was completed, and documentation shows exactly what happened and when. If any link in that chain is missing, the rest does not matter. A well-intentioned clinician with incomplete documentation is indistinguishable from a careless one in a survey record. That is why documentation is not bureaucracy. It is the proof that you did what you said you did.","52","Authoritative mentoring","Cut from challenge 4 debrief","Cut to near-miss escalation","Photorealistic documentary image of mentor and nurse in quiet alcove with coffee, reviewing documentation checklist, realistic warm light, 35mm lens.","Character anchor: Marites, Filipina, early 30s, tied-back dark hair, navy scrubs, woven bracelet left wrist, calm eyes, consistent badge and stethoscope. Aldrin continuity — calm mentor energy. Bracelet visible.","anime, cartoon, CGI, plastic skin, distorted hands, extra fingers, watermark, oversaturated HDR, fantasy lighting, stock-photo smile","Medium two-shot","Documentation expectations; Accountability","Documentation Policy; QAPI Logging Standard","LO3","Debrief — Challenge 4","Defensible record construction and survey readiness","C4","D4","Mentorship narrative","High","QA review then supervisor close-loop","Structured compliant note fields completed per visit","Improves continuity and reduces adverse events","High","Mapped","content","","","","","","","",""
"M01-S30","Act 2","S30","Near-Miss Escalation","Mr. Henderson kitchen table","Mr. Henderson nearly double-doses. Marites catches it during teach-back at the kitchen table. He has been taking his medication twice in the morning because instructions from two different visits conflict. One clinician documented one timing. Another documented a different one. The patient followed both. Marites recognizes immediately this is a near-miss, not just a teaching moment. She corrects the schedule at the bedside, calls her supervisor from the patient's kitchen, and documents the near-miss, the corrected instruction, and the escalation — all within the same visit. When safety risk appears, schedule pressure is no longer the primary driver. Immediate correction, escalation, and near-miss documentation become mandatory.","70","High-stakes focused","Cut from mentor lesson","Cut to challenge 5 question","Photorealistic documentary kitchen-table medication education scene, nurse and elderly patient reviewing pill organizer together, natural daylight, concern and careful attention in posture, 35mm lens.","Character anchor: Marites, Filipina, early 30s, tied-back dark hair, navy scrubs, woven bracelet left wrist, calm eyes, consistent badge and stethoscope. Mr. Henderson: late 70s, modest living room continuity from prior scenes.","anime, cartoon, CGI, plastic skin, distorted hands, extra fingers, watermark, oversaturated HDR, fantasy lighting, stock-photo smile","Medium close two-shot","Communication failures; Patient safety","Medication Education Workflow; Near-Miss Reporting SOP","LO3|LO5","Clinical Safety","Teach-back correction of conflicting medication instructions","C5 setup","D5","Clinical near-miss","High","Notify supervisor and prescribing clinician","Document near-miss, corrected instruction, and revised teaching plan","Prevents adverse drug event from documentation continuity gap","High","Mapped","content","","","","","","","",""
"M01-S31-Q","Act 2","S31-Q","Challenge 5: Teach-Back Under Risk — Question","Patient home — kitchen near-miss response","Help Marites respond correctly. She has just discovered that Mr. Henderson has been double-dosing because two prior visit notes contained conflicting medication instructions. He has not yet taken today's dose. Marites has four options. What is the most defensible immediate response? Option A: Correct the patient's understanding immediately at the bedside, update the medication schedule, call the supervising clinician during this same visit, and document the near-miss, the corrected education, the teach-back result, and the revised care plan. Option B: Correct the patient's understanding now, document the correction and the updated schedule at the end of the day after all visits are complete. Option C: Ask the patient's family to monitor his medication taking closely and call the agency if any confusion continues. Option D: Wait to adjust the medication instructions until the next scheduled physician order update, to avoid providing instructions that contradict a prior documented order.","58","Urgent practical","Cut from near-miss scene","Cut to challenge 5 debrief","Photorealistic documentary scene of nurse at patient kitchen table reviewing corrected pill schedule, phone in hand for supervisor call, realistic home setting, 35mm lens.","Character anchor: Marites, Filipina, early 30s, tied-back dark hair, navy scrubs, woven bracelet left wrist, calm eyes, consistent badge and stethoscope. Bracelet and badge continuity. Phone visible on table.","anime, cartoon, CGI, plastic skin, distorted hands, extra fingers, watermark, oversaturated HDR, fantasy lighting, stock-photo smile","Medium close — nurse and patient at table","Patient-centered care; Communication failures; Patient safety","Medication Teaching SOP; Near-Miss Reporting; Escalation SOP","LO3|LO5","Assessment — Challenge 5","Safe teaching correction sequence under near-miss condition","C5","D5","Branch challenge","High","Supervisor and prescribing clinician same visit","Document near-miss, corrected instruction, teach-back outcome, and revised plan","Reduces medication-related harm from documentation continuity gap","High","Mapped","challenge","Mr. Henderson has been double-dosing because two prior visit notes contained conflicting medication instructions. He has not yet taken today's dose. What is the most defensible immediate response?","Correct the patient's understanding at the bedside, update the medication schedule, call the supervising clinician during this visit, and document the near-miss, corrected education, and revised care plan.","Correct the patient's understanding now and document the correction at the end of the day after all visits are complete.","Ask the patient's family to monitor his medication closely and call the agency if any confusion continues.","Wait to adjust the medication instructions until the next scheduled physician order update to avoid contradicting a prior documented order.","0","A",""
"M01-S31-D","Act 2","S31-D","Challenge 5 Debrief: Near-Miss Requires Same-Visit Response","Debrief card","Operational Case Review
1) Correct decision: Option A is correct because it preserves patient safety and workflow integrity under pressure.
2) Why correct: Correct the patient's understanding at the bedside, update the medication schedule, call the supervising clinician during this visit, and document the near-miss, corrected education, and revised care plan.
3) Incorrect option analysis:
- Option B risk: Correct the patient's understanding now and document the correction at the end of the day after all visits are complete.. Looks reasonable under pressure, but creates a preventable documentation and escalation gap.
- Option C risk: Ask the patient's family to monitor his medication closely and call the agency if any confusion continues.. Looks reasonable under pressure, but creates a preventable documentation and escalation gap.
- Option D risk: Wait to adjust the medication instructions until the next scheduled physician order update to avoid contradicting a prior documented order.. Looks reasonable under pressure, but creates a preventable documentation and escalation gap.
4) Patient safety implications: uncontrolled communication barriers or delayed escalation can compound into harm.
5) Workflow implications: sequence matters; right actions in the wrong order still produce risk.
6) Documentation implications: chart objective findings, what was verified, what was escalated, and who received handoff.
7) Escalation implications: trigger supervisor pathway when unresolved clinical, communication, or conduct risk remains.
8) Survey implications: ACHC/CMS reviewers focus on evidence chain, not intent.
9) Operational consequences: unresolved gaps can lead to adverse events, corrective action, and loss of trust.
10) Disciplinary/legal/defensibility: omissions and unsupported charting increase disciplinary risk and weaken legal defense.

The correct answer is A. Option B — correct now, document later — is one of the most common documentation errors in home health. End-of-day documentation of a same-visit near-miss is memory-dependent, continuity-fragmented, and legally weaker than a same-visit record. If another clinician visits this patient tonight or tomorrow morning before your documentation is complete, they will act on the old conflicting instructions. Option C transfers clinical responsibility to a family member. Monitoring medication intake is not a family surveillance task — it is a clinical safety function that requires a clinician's judgment, not a worried family member's observation. Option D waits for a physician order update before correcting a patient who is actively at risk of dosing error. That is a delay with a direct harm pathway. Option A is correct because it acts in the correct sequence: correct the patient at the point of care, escalate to the supervising clinician during the same visit so the order can be clarified, and document the near-miss with the correction, the teach-back result, and the updated care plan before you leave the home. Near-miss documentation is not punishment. It is a safety tool that closes the risk loop and protects the next clinician who opens this chart.","95","Operational case-review coaching","Answer reveal","Cut to grievance trigger","Photorealistic documentary debrief image — nurse completing same-visit documentation with corrected medication schedule visible on screen, natural kitchen light, 35mm lens.","Character anchor: Marites, Filipina, early 30s, tied-back dark hair, navy scrubs, woven bracelet left wrist, calm eyes, consistent badge and stethoscope. At patient home — documentation in progress. Bracelet visible.","anime, cartoon, CGI, plastic skin, distorted hands, extra fingers, watermark, oversaturated HDR, fantasy lighting, stock-photo smile","Over-shoulder medium close","Patient safety; Communication failures; Documentation","Medication Teaching SOP; Near-Miss Reporting; Documentation SOP","LO3|LO5","Debrief — Challenge 5","Same-visit correction, escalation, and near-miss documentation","C5","D5","Challenge debrief","High","Supervisor + prescribing clinician same visit","Near-miss note: corrected instruction, teach-back result, revised care plan, escalation confirmation","Prevents adverse drug event and protects next clinician's continuity","High","Mapped","debrief","","","","","","","","Operational Case Review
1) Correct decision: Option A is correct because it preserves patient safety and workflow integrity under pressure.
2) Why correct: Correct the patient's understanding at the bedside, update the medication schedule, call the supervising clinician during this visit, and document the near-miss, corrected education, and revised care plan.
3) Incorrect option analysis:
- Option B risk: Correct the patient's understanding now and document the correction at the end of the day after all visits are complete.. Looks reasonable under pressure, but creates a preventable documentation and escalation gap.
- Option C risk: Ask the patient's family to monitor his medication closely and call the agency if any confusion continues.. Looks reasonable under pressure, but creates a preventable documentation and escalation gap.
- Option D risk: Wait to adjust the medication instructions until the next scheduled physician order update to avoid contradicting a prior documented order.. Looks reasonable under pressure, but creates a preventable documentation and escalation gap.
4) Patient safety implications: uncontrolled communication barriers or delayed escalation can compound into harm.
5) Workflow implications: sequence matters; right actions in the wrong order still produce risk.
6) Documentation implications: chart objective findings, what was verified, what was escalated, and who received handoff.
7) Escalation implications: trigger supervisor pathway when unresolved clinical, communication, or conduct risk remains.
8) Survey implications: ACHC/CMS reviewers focus on evidence chain, not intent.
9) Operational consequences: unresolved gaps can lead to adverse events, corrective action, and loss of trust.
10) Disciplinary/legal/defensibility: omissions and unsupported charting increase disciplinary risk and weaken legal defense.

The correct answer is A. Option B — correct now, document later — is one of the most common documentation errors in home health. End-of-day documentation of a same-visit near-miss is memory-dependent, continuity-fragmented, and legally weaker than a same-visit record. If another clinician visits this patient tonight or tomorrow morning before your documentation is complete, they will act on the old conflicting instructions. Option C transfers clinical responsibility to a family member. Monitoring medication intake is not a family surveillance task — it is a clinical safety function that requires a clinician's judgment, not a worried family member's observation. Option D waits for a physician order update before correcting a patient who is actively at risk of dosing error. That is a delay with a direct harm pathway. Option A is correct because it acts in the correct sequence: correct the patient at the point of care, escalate to the supervising clinician during the same visit so the order can be clarified, and document the near-miss with the correction, the teach-back result, and the updated care plan before you leave the home. Near-miss documentation is not punishment. It is a safety tool that closes the risk loop and protects the next clinician who opens this chart."
"M01-S32","Act 2","S32","Formal Grievance Trigger","Agency — phone intake workstation","The Henderson family has filed a formal grievance. They cite communication confusion from an earlier visit and report that a family member was treated dismissively by a prior clinician. The complaint has now moved from sentiment to an operational document with intake fields, a routing number, and a review timeline. Grievances are not failures — they are signals. They often reflect process gaps rather than isolated personality conflicts. The formal grievance process exists because informal complaints disappear. When a grievance is filed, it creates a documented record that must be investigated, responded to, and closed with evidence.","52","Calm corrective","Cut from challenge 5 debrief","Cut to leadership review","Photorealistic documentary image of supervisor logging formal grievance intake in agency system, neutral professional tone, realistic office lighting, 35mm lens.","Character anchor: Marites, Filipina, early 30s, tied-back dark hair, navy scrubs, woven bracelet left wrist, calm eyes, consistent badge and stethoscope. Background role. Procedural focus on grievance intake.","anime, cartoon, CGI, plastic skin, distorted hands, extra fingers, watermark, oversaturated HDR, fantasy lighting, stock-photo smile","Medium office shot","Communication failures; Patient-centered care","Grievance Intake Policy; Patient Rights Policy","LO4","Compliance","Formal complaint routing and intake","N/A","N/A","Operational escalation","High","Supervisor → Administrator → Compliance","Grievance intake record — complete all required fields","Supports quality improvement and accountability loop","High","Mapped","content","","","","","","","",""
"M01-S33","Act 2","S33","Leadership Process: Fair and Documented","Conference room — timeline review","Supervisor, HR, and compliance review the chronology together. They go through patient records, visit notes, witness accounts, and the incident report Marites filed. The process is firm. It is fair. Accountability is anchored to documented behavior and patient impact — not to who is popular, who was louder, or who filed the complaint first. The rushed coworker's pattern of unsafe shortcuts is visible in the records. The investigation is not a witch hunt. It is a documented process designed to produce a correctable finding.","60","Tense procedural","Cut from grievance","Cut to corrective action outcome","Photorealistic documentary conference room scene with leadership team reviewing incident timeline and records, documentary realism, natural office lighting, 35mm lens.","Character anchor: Marites, Filipina, early 30s, tied-back dark hair, navy scrubs, woven bracelet left wrist, calm eyes, consistent badge and stethoscope. Background figure in review. Fairness and procedural tone emphasized.","anime, cartoon, CGI, plastic skin, distorted hands, extra fingers, watermark, oversaturated HDR, fantasy lighting, stock-photo smile","Wide conference room shot","Escalation/reporting; Accountability","Corrective Action SOP; Investigation Protocol","LO4","Governance","Investigation and documentation review","N/A","N/A","Governance scene","Moderate","Administrator then HR","Investigation record, corrective action plan, witness statements","Improves team reliability and patient safety culture","Moderate","Mapped","content","","","","","","","",""
"M01-S34","Act 2","S34","Corrective Action and Coaching","HR follow-up meeting room","The rushed coworker receives a formal coaching session, increased supervision, and documentation requirements for a ninety-day period. After a second incident involving an interpreter shortcut, he is removed from direct patient assignments. The removal is not theatrical. It is a safety governance decision with a documented rationale. The module shows this clearly: accountability is not punishment theater. It is protection. It protects patients from repeated unsafe behavior. It protects the agency from survey liability. It protects the workforce from a team member whose shortcuts make everyone's documentation and credibility weaker.","58","Serious fair","Cut from leadership review","Cut to Marites reflection","Photorealistic documentary HR meeting scene with professional review and written corrective action documentation, neutral institutional tone, realistic office setting, 35mm lens.","No primary character lock — institutional process focus.","anime, cartoon, CGI, plastic skin, distorted hands, extra fingers, watermark, oversaturated HDR, fantasy lighting, stock-photo smile","Medium formal two-shot","Corrective action processes; Accountability","Disciplinary Action Policy; HR SOP","LO4","Governance","Disciplinary documentation and role change","N/A","N/A","Outcome scene","Moderate","HR then Administrator","Disciplinary file, corrective action plan, role change documentation","Protects patients from repeated unsafe behavior","Moderate","Mapped","content","","","","","","","",""
"M01-S34-EC7","Act 2","S34-EC7","Educator Side Comment: Inclusion to Operations Bridge","HR follow-up meeting room","Notice how Marites turns observation into system improvement. Inclusion is not symbolic when it changes workflow. A competent clinician proposes process controls that can be audited, adopted, and repeated across the team.","32","Educator coaching","Soft instructional overlay","Return to narrative flow","Photorealistic documentary HR meeting scene with professional review and written corrective action documentation, neutral institutional tone, realistic office setting, 35mm lens.","No primary character lock — institutional process focus.","anime, cartoon, CGI, plastic skin, distorted hands, extra fingers, watermark, oversaturated HDR, fantasy lighting, stock-photo smile","Medium formal two-shot","Operational judgment; Corrective action processes; Accountability","Disciplinary Action Policy; HR SOP","LO4","In-the-moment instruction","Team-level workflow improvement","N/A","N/A","educator commentary","Moderate","HR then Administrator","Disciplinary file, corrective action plan, role change documentation","Bridges narrative signal to safety decision making","Moderate","Mapped","educator-commentary","","","","","","","",""
"M01-S35","Act 2","S35","Marites Reflection Under Pressure","Exterior walkway — end of shift","Marites touches her bracelet after a long day. She did not win by being louder. She did not survive by staying silent. She stayed respectful, precise, and accountable. She reported what she saw. She documented what she did. She escalated when the situation required it. The bracelet reminds her: steady, not fast. Her grandmother was right. The patients who trusted her today did so because she did not rush — not through care, not through documentation, not through conflict. Professional resilience is not endurance. It is operational consistency under pressure.","52","Somber resolved","Cut from corrective action","Dissolve to Act 3 opening","Photorealistic documentary sunset exterior shot of nurse walking alone on outdoor walkway, hand touching woven bracelet, natural golden evening light, 35mm lens, quiet determined posture.","Character anchor: Marites, Filipina, early 30s, tied-back dark hair, navy scrubs, woven bracelet left wrist, calm eyes, consistent badge and stethoscope. Bracelet close-up in golden light. Same consistent identity as S01.","anime, cartoon, CGI, plastic skin, distorted hands, extra fingers, watermark, oversaturated HDR, fantasy lighting, stock-photo smile","Medium wide to bracelet close-up insert","Ethical behavior; Accountability; Professionalism","Code of Conduct; Resilience and Wellness Policy","LO5","Professional Identity","Reflective professionalism under pressure","N/A","N/A","Emotional narrative","Low","N/A","Optional reflective documentation entry","Sustained professional composure supports safe ongoing practice","Low","Mapped","content","","","","","","","",""
"M01-S36","Act 2","S36","Transition to Mastery","Driveway outside Mr. Henderson's home — next morning","Mr. Henderson's family has agreed to continue visits. Not because the grievance was closed. Because Marites showed up the next day, reviewed the corrected care plan, confirmed the medication schedule, and asked Mr. Henderson directly how he was doing. Trust is not repaired by speeches or apology emails. It is rebuilt through repeated defensible actions: clear communication, verified understanding, correct escalation, complete documentation. That is the only currency that actually transfers between visits.","50","Hopeful resolving","Dissolve from reflection","Soft cut to Act 3","Photorealistic documentary shot of nurse arriving at residential driveway in early morning light, composed and prepared posture, bracelet visible, 35mm lens.","Character anchor: Marites, Filipina, early 30s, tied-back dark hair, navy scrubs, woven bracelet left wrist, calm eyes, consistent badge and stethoscope. Same consistent identity. Subtle confidence versus early uncertainty in S17.","anime, cartoon, CGI, plastic skin, distorted hands, extra fingers, watermark, oversaturated HDR, fantasy lighting, stock-photo smile","Medium wide — driveway and patient home exterior","Patient-centered care; Trust outcomes","Patient Engagement Policy; CLAS Outcomes","LO5","Professional Identity","Trust rebuilding through consistent defensible behavior","N/A","N/A","Narrative transition","Low","N/A","Document patient re-engagement and care plan continuation","Patient trust improves adherence and safety outcomes","Low","Mapped","content","","","","","","","",""
"M01-S37","Act 3","S37","Communication Adapted, Identity Preserved","Mr. Henderson living room — resumed visits","Marites adjusts her pace, confirms his preferred form of address, and validates his concerns before responding. She does not rush. She does not shorten what needs to be said. She adapts how she says it — not what she stands for. Mr. Henderson is more open than before. He asks a question. Then another. This is what communication adaptation produces: not agreement, but engagement. Not compliance, but trust. She does not lose herself to fit in. She translates herself so patients and colleagues can receive what she has always offered. Adapt style. Not safety requirements.","66","Hopeful steady","Soft dissolve from transition","Cut to interpreter workflow","Photorealistic documentary scene of nurse seated at eye level with elderly patient in living room, respectful adapted body language, soft natural daylight, documentary realism, 35mm lens.","Character anchor: Marites, Filipina, early 30s, tied-back dark hair, navy scrubs, woven bracelet left wrist, calm eyes, consistent badge and stethoscope. Mr. Henderson: consistent late 70s, modest living room continuity.","anime, cartoon, CGI, plastic skin, distorted hands, extra fingers, watermark, oversaturated HDR, fantasy lighting, stock-photo smile","Medium seated two-shot — eye-level","Respectful communication; Dignity and respect; Cultural awareness","Patient Interaction Standards; CLAS Domain 2","LO5","Clinical Interaction","Adaptive communication with identity preservation","Final Assessment setup","Final Debrief","Recovery scenario","Moderate","Supervisor if trust barriers persist","Document patient preference-confirmation and adaptive response","Restores therapeutic trust and care plan adherence","Moderate","Mapped","content","","","","","","","",""
"M01-S38","Act 3","S38","Interpreter Workflow Executed Correctly","Living room — interpreter call active","Marites explains to Mr. Henderson before she places the call: I want to make sure this is clear and comfortable for you. I am bringing in qualified interpretation support for this teaching step — not because I doubt you, but because your care plan deserves the most accurate communication I can provide. He nods. She activates the interpreter, introduces the interpreter to Mr. Henderson, confirms his consent, and proceeds with structured insulin teaching. Teach-back follows. He repeats the dosage timing correctly. She documents the interpreter ID, the method, the date, the content taught, the comprehension result, and the follow-up plan. That note is now defensible.","62","Confident precise","Cut from adapted communication","Cut to trust rebuilt scene","Photorealistic documentary scene of nurse facilitating interpreter call with patient consent discussion in living room, realistic phone on table, natural light, 35mm lens.","Character anchor: Marites, Filipina, early 30s, tied-back dark hair, navy scrubs, woven bracelet left wrist, calm eyes, consistent badge and stethoscope. Bracelet and badge consistent. Patient present — relaxed more than prior scenes.","anime, cartoon, CGI, plastic skin, distorted hands, extra fingers, watermark, oversaturated HDR, fantasy lighting, stock-photo smile","Medium over-shoulder","Interpreter services; Patient rights; Respectful communication","Interpreter Policy; Consent Policy; CLAS Standard 5","LO3|LO5","Compliance — Operational Success","Interpreter-mediated consent and teaching workflow","Final Assessment Task 2","Final Debrief","Operational success","High","Supervisor if service unavailable","Record interpreter ID, consent, comprehension result, content, follow-up","Prevents consent errors and ensures informed patient education","High","Mapped","content","","","","","","","",""
"M01-S38-EC8","Act 3","S38-EC8","Educator Side Comment: What Documentation Must Capture","Living room — interpreter call active","Key charting checkpoint. The record should capture interpreter ID, consent confirmation, what was taught, what the patient demonstrated in teach-back, and what follow-up was ordered. Without those fields, the visit may feel successful but remain non-defensible.","32","Educator coaching","Soft instructional overlay","Return to narrative flow","Photorealistic documentary scene of nurse facilitating interpreter call with patient consent discussion in living room, realistic phone on table, natural light, 35mm lens.","Character anchor: Marites, Filipina, early 30s, tied-back dark hair, navy scrubs, woven bracelet left wrist, calm eyes, consistent badge and stethoscope. Bracelet and badge consistent. Patient present — relaxed more than prior scenes.","anime, cartoon, CGI, plastic skin, distorted hands, extra fingers, watermark, oversaturated HDR, fantasy lighting, stock-photo smile","Medium over-shoulder","Operational judgment; Interpreter services; Patient rights; Respectful communication","Interpreter Policy; Consent Policy; CLAS Standard 5","LO3|LO5","In-the-moment instruction","Interpreter and teach-back charting","Final Assessment Task 2","Final Debrief","educator commentary","High","Supervisor if service unavailable","Record interpreter ID, consent, comprehension result, content, follow-up","Bridges narrative signal to safety decision making","Moderate","Mapped","educator-commentary","","","","","","","",""
"M01-S39","Act 3","S39","Trust Rebuilt Through Clarity","Living room — close conversation","At the end of the visit, Mr. Henderson says something he has not said before: I understand now. Nobody explained it this clearly before. Marites does not say she is glad. She says: That is exactly what I was hoping for. The relationship has shifted. It did not shift because Marites worked harder or cared more. It shifted because she controlled the communication environment: she removed the barrier, verified the understanding, and documented it. The emotional payoff is here. And it is operational. Trust built through clear communication improves adherence, reduces preventable escalation, and makes every future visit safer for everyone involved.","54","Relief warm","Cut from interpreter scene","Cut to challenge 6 question","Photorealistic documentary close scene of nurse and elderly male patient sharing genuine eye contact after a successful clear explanation, natural warm light, authentic body language, 35mm lens.","Character anchor: Marites, Filipina, early 30s, tied-back dark hair, navy scrubs, woven bracelet left wrist, calm eyes, consistent badge and stethoscope. Mr. Henderson: relaxed, direct eye contact — full contrast to guarded first encounter.","anime, cartoon, CGI, plastic skin, distorted hands, extra fingers, watermark, oversaturated HDR, fantasy lighting, stock-photo smile","Close two-shot — eye-level","Patient-centered care; Trust outcomes","Patient Engagement Policy; CLAS Outcomes","LO5","Clinical Outcome","Trust restoration through clear communication","Final Assessment setup","Final Debrief","Narrative payoff","Low","N/A","Document patient engagement improvement","Improves adherence and safety follow-through","Low","Mapped","content","","","","","","","",""
"M01-S40-Q","Act 3","S40-Q","Challenge 6: Integrated Workflow Sequencing — Question","Patient home — complex visit","Help Marites sequence the visit correctly. She has arrived at a new patient's home. The patient has limited English proficiency. The family is present and pushing her to begin teaching immediately. During the initial greeting, Marites notices the patient wince when she adjusts her position — a possible pain indicator that was not flagged in the pre-visit chart. She also has not yet confirmed language preference or activated interpretation. She has four options. What is the most defensible sequence for this visit? Option A: Assess the pain indicator immediately at bedside, confirm language preference and activate the qualified interpreter, explain the interpreter's role to the patient, deliver teach-back after teaching, document all findings and the interpreter ID, and escalate any unresolved clinical risk before leaving. Option B: Begin education immediately since the family is ready and the interpreter can be added if confusion appears during teaching. Option C: Escalate to your supervisor before any bedside clinical activity to avoid personal liability for unexpected findings. Option D: Build rapport with the patient first through casual conversation, and delay both the clinical assessment and the documentation until you feel the relationship is established.","62","Focused decisive","Cut from trust scene","Cut to challenge 6 debrief","Photorealistic documentary image of nurse arriving at new patient home — family present, patient visible in background with mild discomfort posture, nurse composedly assessing priorities, natural light, 35mm lens.","Character anchor: Marites, Filipina, early 30s, tied-back dark hair, navy scrubs, woven bracelet left wrist, calm eyes, consistent badge and stethoscope. Dynamic but realistic multi-task entry posture. Bracelet visible.","anime, cartoon, CGI, plastic skin, distorted hands, extra fingers, watermark, oversaturated HDR, fantasy lighting, stock-photo smile","POV decision frame — medium","Operational workflow; Communication barriers; Escalation","CLAS + Escalation + Documentation SOP","LO1|LO3|LO5","Assessment — Challenge 6","Integrated sequence challenge — pain, language, teaching, documentation","C6","D6","Branch challenge","High","Supervisor then DON as needed","Sequence-based documentation checklist completed","Prevents compounded communication and escalation errors","High","Mapped","challenge","Marites arrives at a new patient's home. The family is pushing her to begin teaching immediately. She notices the patient wince — a possible pain indicator not in the chart. Language preference has not been confirmed. What is the most defensible visit sequence?","Assess the pain indicator at bedside, confirm language preference and activate the qualified interpreter, deliver teach-back after teaching, document all findings and interpreter ID, and escalate any unresolved clinical risk.","Begin education immediately since the family is ready — add the interpreter only if confusion appears during teaching.","Escalate to your supervisor before any bedside clinical activity to avoid personal liability for unexpected findings.","Build rapport with the patient first through casual conversation and delay both the clinical assessment and documentation until the relationship is established.","0","A",""
"M01-S40-D","Act 3","S40-D","Challenge 6 Debrief: Right Steps, Right Order","Debrief card","Operational Case Review
1) Correct decision: Option A is correct because it preserves patient safety and workflow integrity under pressure.
2) Why correct: Assess the pain indicator at bedside, confirm language preference and activate the qualified interpreter, deliver teach-back after teaching, document all findings and interpreter ID, and escalate any unresolved clinical risk.
3) Incorrect option analysis:
- Option B risk: Begin education immediately since the family is ready — add the interpreter only if confusion appears during teaching.. Looks reasonable under pressure, but creates a preventable documentation and escalation gap.
- Option C risk: Escalate to your supervisor before any bedside clinical activity to avoid personal liability for unexpected findings.. Looks reasonable under pressure, but creates a preventable documentation and escalation gap.
- Option D risk: Build rapport with the patient first through casual conversation and delay both the clinical assessment and documentation until the relationship is established.. Looks reasonable under pressure, but creates a preventable documentation and escalation gap.
4) Patient safety implications: uncontrolled communication barriers or delayed escalation can compound into harm.
5) Workflow implications: sequence matters; right actions in the wrong order still produce risk.
6) Documentation implications: chart objective findings, what was verified, what was escalated, and who received handoff.
7) Escalation implications: trigger supervisor pathway when unresolved clinical, communication, or conduct risk remains.
8) Survey implications: ACHC/CMS reviewers focus on evidence chain, not intent.
9) Operational consequences: unresolved gaps can lead to adverse events, corrective action, and loss of trust.
10) Disciplinary/legal/defensibility: omissions and unsupported charting increase disciplinary risk and weaken legal defense.

The correct answer is A. Defensible care is sequence-dependent. Right steps in the wrong order still produce risk. Option B begins education before the communication barrier is controlled and before a potential pain symptom is assessed. This creates two simultaneous gaps: unverified comprehension and an uninvestigated clinical finding. Teaching that proceeds before a pain indicator is assessed and before an interpreter is activated is not efficient — it is incomplete. Option C escalates before bedside assessment. This is premature escalation without clinical information. Your supervisor cannot make an informed clinical decision about an unassessed finding. Your job is to assess first, then escalate with findings. Option D delays both clinical assessment and documentation in favor of rapport building. Rapport matters. But an unassessed pain indicator and an uncontrolled language barrier do not wait for comfort. Option A is correct because it executes in the correct order: identify and respond to the clinical finding first, control the communication environment second, deliver and verify the teaching third, and close the visit with complete documentation and any necessary escalation. Sequence is not bureaucracy. Sequence is how you prevent compounded errors.","95","Operational case-review coaching","Answer reveal","Cut to independent shift prep","Photorealistic debrief image showing nurse with completed visit sequence checklist beside patient chart, realistic home setting, 35mm lens.","Character anchor: Marites, Filipina, early 30s, tied-back dark hair, navy scrubs, woven bracelet left wrist, calm eyes, consistent badge and stethoscope. Composed at end of correct visit sequence. Bracelet visible.","anime, cartoon, CGI, plastic skin, distorted hands, extra fingers, watermark, oversaturated HDR, fantasy lighting, stock-photo smile","Medium close — nurse with checklist and chart","Operational workflow; Communication barriers; Escalation; Documentation","CLAS + Escalation + Documentation SOP; ACHC Clinical Standards","LO1|LO3|LO5","Debrief — Challenge 6","Correct integrated sequence — assessment before teaching, interpreter before content, escalation with findings","C6","D6","Challenge debrief","High","Supervisor → DON as needed","Sequence-based documentation: pain finding, interpreter ID, teach-back result, escalation","Prevents compounded errors from sequencing failures","High","Mapped","debrief","","","","","","","","Operational Case Review
1) Correct decision: Option A is correct because it preserves patient safety and workflow integrity under pressure.
2) Why correct: Assess the pain indicator at bedside, confirm language preference and activate the qualified interpreter, deliver teach-back after teaching, document all findings and interpreter ID, and escalate any unresolved clinical risk.
3) Incorrect option analysis:
- Option B risk: Begin education immediately since the family is ready — add the interpreter only if confusion appears during teaching.. Looks reasonable under pressure, but creates a preventable documentation and escalation gap.
- Option C risk: Escalate to your supervisor before any bedside clinical activity to avoid personal liability for unexpected findings.. Looks reasonable under pressure, but creates a preventable documentation and escalation gap.
- Option D risk: Build rapport with the patient first through casual conversation and delay both the clinical assessment and documentation until the relationship is established.. Looks reasonable under pressure, but creates a preventable documentation and escalation gap.
4) Patient safety implications: uncontrolled communication barriers or delayed escalation can compound into harm.
5) Workflow implications: sequence matters; right actions in the wrong order still produce risk.
6) Documentation implications: chart objective findings, what was verified, what was escalated, and who received handoff.
7) Escalation implications: trigger supervisor pathway when unresolved clinical, communication, or conduct risk remains.
8) Survey implications: ACHC/CMS reviewers focus on evidence chain, not intent.
9) Operational consequences: unresolved gaps can lead to adverse events, corrective action, and loss of trust.
10) Disciplinary/legal/defensibility: omissions and unsupported charting increase disciplinary risk and weaken legal defense.

The correct answer is A. Defensible care is sequence-dependent. Right steps in the wrong order still produce risk. Option B begins education before the communication barrier is controlled and before a potential pain symptom is assessed. This creates two simultaneous gaps: unverified comprehension and an uninvestigated clinical finding. Teaching that proceeds before a pain indicator is assessed and before an interpreter is activated is not efficient — it is incomplete. Option C escalates before bedside assessment. This is premature escalation without clinical information. Your supervisor cannot make an informed clinical decision about an unassessed finding. Your job is to assess first, then escalate with findings. Option D delays both clinical assessment and documentation in favor of rapport building. Rapport matters. But an unassessed pain indicator and an uncontrolled language barrier do not wait for comfort. Option A is correct because it executes in the correct order: identify and respond to the clinical finding first, control the communication environment second, deliver and verify the teaching third, and close the visit with complete documentation and any necessary escalation. Sequence is not bureaucracy. Sequence is how you prevent compounded errors."
"M01-S41","Act 3","S41","Independent Shift Preparation","Pre-shift chart station — agency office","The supervisor reviews Marites' chart performance over the past three weeks and confirms her for independent shift. She says: Not because you are perfect. Because when you face a hard decision, your reasoning is consistent, documented, and safe. You escalate when you should. You correct when you should. You do not guess when you can verify. That is what we need in the field. Marites nods. She thinks about her grandmother's bracelet and what it means to be steady. She is ready. Not invulnerable — ready.","50","Reassuring authoritative","Cut from challenge 6 debrief","Cut to final assessment simulation","Photorealistic documentary image of supervisor and nurse reviewing completed readiness checklist at workstation, calm professional tone, realistic office, 35mm lens.","Character anchor: Marites, Filipina, early 30s, tied-back dark hair, navy scrubs, woven bracelet left wrist, calm eyes, consistent badge and stethoscope. Supervisor: consistent from S26. Readiness confirmation posture.","anime, cartoon, CGI, plastic skin, distorted hands, extra fingers, watermark, oversaturated HDR, fantasy lighting, stock-photo smile","Medium two-shot — side angle","Compliance obligations; Accountability","ACHC Cultural Competence Expectations; Readiness Certification","LO1|LO3","Debrief — Challenge 6","Integrated competency and readiness confirmation","C6","D6","Debrief narrative","High","Supervisor then DON","Completed readiness checklist and supervisor sign-off","Strengthens safe repeatable independent practice","High","Mapped","content","","","","","","","",""
"M01-S41-EC9","Act 3","S41-EC9","Educator Side Comment: Readiness Judgment","Pre-shift chart station — agency office","Readiness is operational, not emotional. A competent clinician is one whose decisions are consistently sequenced, escalated when needed, and documented with enough specificity that another clinician can safely continue care.","32","Educator coaching","Soft instructional overlay","Return to narrative flow","Photorealistic documentary image of supervisor and nurse reviewing completed readiness checklist at workstation, calm professional tone, realistic office, 35mm lens.","Character anchor: Marites, Filipina, early 30s, tied-back dark hair, navy scrubs, woven bracelet left wrist, calm eyes, consistent badge and stethoscope. Supervisor: consistent from S26. Readiness confirmation posture.","anime, cartoon, CGI, plastic skin, distorted hands, extra fingers, watermark, oversaturated HDR, fantasy lighting, stock-photo smile","Medium two-shot — side angle","Operational judgment; Compliance obligations; Accountability","ACHC Cultural Competence Expectations; Readiness Certification","LO1|LO3","In-the-moment instruction","Independent shift readiness review","C6","D6","educator commentary","Moderate","Supervisor then DON","Completed readiness checklist and supervisor sign-off","Bridges narrative signal to safety decision making","Moderate","Mapped","educator-commentary","","","","","","","",""
"M01-S42","Act 3","S42","Final Assessment Q1: Barrier Prioritization","Simulation — pre-shift triage","Your final simulation begins. Marites is preparing for her first independent shift. She has three patients today. One has a documented language barrier. One has a pain management concern flagged by the prior clinician. One has a new wound assessment order. Before leaving the office, what is the most defensible pre-shift prioritization note? The correct answer explicitly identifies each patient's communication barrier, urgency marker, and escalation threshold — and documents them before departure. Proactive barrier identification reduces cognitive load at the door and prevents the visit from beginning with an uncontrolled communication gap.","48","High-focus","Simulation intro fade in","Cut to FA Q2","Photorealistic documentary pre-shift scene of nurse reviewing patient barrier flags on tablet with chart notes, morning light, realistic agency setting, 35mm lens.","Character anchor: Marites, Filipina, early 30s, tied-back dark hair, navy scrubs, woven bracelet left wrist, calm eyes, consistent badge and stethoscope. Final shift composure — bracelet visible, badge consistent.","anime, cartoon, CGI, plastic skin, distorted hands, extra fingers, watermark, oversaturated HDR, fantasy lighting, stock-photo smile","Medium prep shot","Communication barriers; Cultural awareness; Operational prioritization","Daily Assignment Protocol; Pre-Visit Barrier SOP","LO3","Final Competency — Q1","Barrier prioritization before patient contact","FA-Q1","FA-Debrief","Simulation challenge","Moderate","Charge nurse if triage conflict","Pre-visit barrier note with language, urgency, and escalation threshold","Improves visit sequencing and patient safety","Moderate","Mapped","challenge","Pre-shift: three patients — one has a documented language barrier, one has a pain management concern flagged by the prior clinician, one has a new wound assessment order. What is the most defensible pre-shift prioritization note?","A note that explicitly identifies each patient's communication barrier, urgency marker, and escalation threshold — documented before departure.","A note listing all three patients with appointment times and addresses only.","A note documenting only the new wound order patient since that is the primary clinical task today.","A note deferring all barrier identification to point of care at each home visit.","0","A",""
"M01-S43","Act 3","S43","Final Assessment Q2: Complex Interaction","Simulation — high-stakes visit","Simulation continues. Marites is at her second patient's home. The family is present. The patient has limited English proficiency. While Marites is reviewing the care plan, the patient reports a new symptom — shortness of breath — that was not in the morning chart. The daughter offers to interpret. Select the complete response sequence that protects the patient's safety, activates the correct communication support, and maintains escalation integrity. The correct sequence: assess the new symptom at bedside first, activate the qualified interpreter before any clinical explanation, escalate the new symptom to the supervisor with your bedside finding, document the symptom, interpreter activation, and escalation rationale before leaving. Urgency does not cancel language access rights. Both travel together.","52","Tense competent","Cut from FA Q1","Cut to FA Q3","Photorealistic documentary home visit scene with nurse, patient, and family in realistic tension, natural indoor light, 35mm lens.","Character anchor: Marites, Filipina, early 30s, tied-back dark hair, navy scrubs, woven bracelet left wrist, calm eyes, consistent badge and stethoscope. Composed under complexity. Family member present — realistic mild pressure.","anime, cartoon, CGI, plastic skin, distorted hands, extra fingers, watermark, oversaturated HDR, fantasy lighting, stock-photo smile","Wide to medium close","Communication barriers; Escalation/reporting; Patient rights","Escalation SOP; Interpreter SOP; Patient Rights Policy","LO3|LO5","Final Competency — Q2","Complex barrier navigation with urgency management","FA-Q2","FA-Debrief","Simulation challenge","High","Supervisor then DON if urgent","Document symptoms, interpreter status, escalation rationale, and patient response","Mitigates risk of delayed treatment and rights violation simultaneously","High","Mapped","challenge","Second patient: limited English, family offers to interpret, patient reports new shortness of breath not in the morning chart. What is the most defensible complete response sequence?","Assess the new symptom at bedside, activate the qualified interpreter, escalate the new symptom to the supervisor with your bedside finding, document the symptom, interpreter activation, and escalation rationale before leaving.","Accept family interpretation to move quickly given the new symptom, then escalate to the supervisor after teaching is complete.","Escalate to the supervisor before assessing the symptom — avoid taking on liability for an undocumented finding.","Complete the scheduled teaching first since the family is available, then assess the new symptom after education.","0","A",""
"M01-S44","Act 3","S44","Final Assessment Q3: Documentation Defensibility","Simulation — charting after visit","Simulation continues. After the complex visit, Marites needs to document. Select the most defensible charting entry from the options provided. The correct entry includes: objective clinical findings documented in specific, behavioral terms; the communication barrier identified by name and type; the interpreter ID, modality, and contact time; the teach-back result described as what the patient demonstrated, not what they agreed to; the escalation steps taken and the supervisor's response; and the follow-up plan for the next visit. Defensible documentation is not length. It is specificity, objectivity, completeness, and correct sequence — in that order.","48","Technical precise","Cut from FA Q2","Cut to FA Q4","Photorealistic documentary EHR documentation scene with nurse entering structured objective note fields, realistic interface glow, 35mm lens.","Character anchor: Marites, Filipina, early 30s, tied-back dark hair, navy scrubs, woven bracelet left wrist, calm eyes, consistent badge and stethoscope. Bracelet visible near keyboard. Deliberate documentation posture.","anime, cartoon, CGI, plastic skin, distorted hands, extra fingers, watermark, oversaturated HDR, fantasy lighting, stock-photo smile","Over-shoulder close","Documentation expectations; Accountability","Documentation SOP; ACHC Survey Evidence Standards","LO3","Final Competency — Q3","Defensible charting pattern selection","FA-Q3","FA-Debrief","Simulation challenge","High","Supervisor and QA if discrepancy found","Complete structured note: findings, barrier, interpreter, teach-back, escalation, continuity","Protects care continuity and legal defensibility","High","Mapped","challenge","After the complex visit, you need to document. Which charting entry is the most defensible?","Objective clinical findings in specific behavioral terms; barrier identified by name and type; interpreter ID, modality, and contact time; teach-back result as what the patient demonstrated; escalation steps and supervisor response; follow-up plan.","Objective clinical findings and date only — interpreter information filed in a separate note to keep records organized.","Patient understood education — no barriers noted — interpreter was not needed for this visit.","A detailed narrative paragraph describing the visit without structured required fields.","0","A",""
"M01-S45","Act 3","S45","Final Assessment Q4: Dignity and Consent","Simulation — patient consent moment","Simulation continues. Marites is at her third patient's home. Before beginning wound care, she needs to confirm the patient's informed participation. The patient is elderly, English-proficient, and has not been given a full explanation of today's procedure in prior visits. Select the phrase sequence that preserves dignity, confirms understanding, and invites the patient's correction or refusal without creating pressure to agree. The correct answer validates the patient's perspective first, explains clearly what will happen and why, confirms what they understood, and explicitly invites them to stop or ask questions at any point. Consent is not a signature. It is a verified understanding that the patient reaches voluntarily and can revoke.","45","Empathic focused","Cut from FA Q3","Cut to FA Q5","Photorealistic documentary bedside consent conversation between nurse and elderly patient, respectful spacing and posture, warm natural light, 35mm lens.","Character anchor: Marites, Filipina, early 30s, tied-back dark hair, navy scrubs, woven bracelet left wrist, calm eyes, consistent badge and stethoscope. Patient: elderly, different from Mr. Henderson — new patient continuity for final assessment.","anime, cartoon, CGI, plastic skin, distorted hands, extra fingers, watermark, oversaturated HDR, fantasy lighting, stock-photo smile","Medium close two-shot","Patient rights; Dignity and respect; Respectful communication","Consent Policy; Rights Policy; CLAS Standard 2","LO5","Final Competency — Q4","Consent-first communication with dignity preservation","FA-Q4","FA-Debrief","Simulation challenge","High","Supervisor if refusal occurs","Consent confirmation and patient preference entry with teach-back result","Prevents coercive care risk and supports autonomous decision-making","High","Mapped","challenge","Before beginning wound care for a patient who has never had a full procedure explanation, which phrase sequence best preserves dignity and confirms informed participation?","Validate the patient's perspective, explain clearly what will happen and why, confirm what they understood, and explicitly invite them to stop or ask questions at any point.","Proceed with the wound care and explain as you go — asking permission slows the visit and makes patients more anxious.","Ask the patient to sign a consent form before you begin any procedure.","Reassure the patient that everything will be fine and begin the care — reassurance reduces anxiety better than explanation.","0","A",""
"M01-S46","Act 3","S46","Final Assessment Q5: Closed-Loop Escalation","Simulation — visit closeout","Final simulation question. Marites is closing out her third visit. During the wound assessment, she has identified a finding that was not in the prior note — an area of redness that may indicate early-stage pressure injury. The patient cannot confirm when it appeared. Select the complete closeout sequence that ensures this unresolved risk transfers safely through the care team. The correct sequence: document the finding at bedside with objective description, call the supervisor before leaving the home, receive and document the supervisor's instruction, update the care plan to reflect the escalation, and confirm in the closing note that the receiving clinician has been notified. Unresolved risks that are not transferred are risks that will repeat.","50","Resolved confident","Cut from FA Q4","Cut to final debrief","Photorealistic documentary closeout scene of nurse completing note while on supervisor phone call in patient home, composed resolution posture, realistic environment, 35mm lens.","Character anchor: Marites, Filipina, early 30s, tied-back dark hair, navy scrubs, woven bracelet left wrist, calm eyes, consistent badge and stethoscope. Final scene composure — same identity as all prior scenes.","anime, cartoon, CGI, plastic skin, distorted hands, extra fingers, watermark, oversaturated HDR, fantasy lighting, stock-photo smile","Medium with document insert","Escalation/reporting; Accountability; Documentation","Escalation SOP; Handoff Continuity Policy","LO3|LO4","Final Competency — Q5","Closed-loop escalation and handoff documentation","FA-Q5","FA-Debrief","Simulation challenge","High","Supervisor then DON then Compliance as indicated","Final handoff note and escalation record with unresolved risk transfer","Ensures all risks are safely transferred and nothing is silently dropped","High","Mapped","challenge","During wound assessment you find redness not documented in any prior note — a possible early-stage pressure injury. The patient cannot confirm when it appeared. What is the most defensible closeout sequence?","Document the finding at bedside with objective description, call the supervisor before leaving the home, receive and document the supervisor's instruction, update the care plan, and confirm in the closing note that the receiving clinician has been notified.","Document the finding at the end of the day when all visit notes are complete to ensure consistency across the record.","Tell the family to monitor the area and call the agency if it worsens — no escalation needed yet since it is only early-stage.","Wait for the next scheduled physician visit before flagging the finding to avoid alarming the patient prematurely.","0","A",""
"M01-S47","Act 3","S47","Final Debrief and Competency Confirmation","Final debrief card","You did not pass by guessing. You passed by sequencing. In home health, the difference between acceptable and defensible is almost always one of four things: timing, documentation specificity, escalation completeness, or communication verification. Marites succeeded because she adapted her style while preserving her values. She did not become someone else. She translated herself. That is the operational definition of cultural competence — not performance, but practiced precision applied with consistent respect. The learner who completes this module carries three things forward: the knowledge that every clinical decision has an evidence chain that needs to exist in the record; the skill to activate interpreter workflow, perform teach-back, escalate correctly, and document defensibly; and the understanding that cultural competence is not a training badge. It is the daily operational commitment that makes care safer for every patient Marites will ever see.","65","Proud reassuring","Score reveal animation","Cut to closing scene","Photorealistic documentary image of completed competency checklist beside calm nurse at agency desk, soft professional lighting, 35mm lens.","Character anchor: Marites, Filipina, early 30s, tied-back dark hair, navy scrubs, woven bracelet left wrist, calm eyes, consistent badge and stethoscope. Quiet satisfaction — bracelet visible, same identity as S01.","anime, cartoon, CGI, plastic skin, distorted hands, extra fingers, watermark, oversaturated HDR, fantasy lighting, stock-photo smile","Medium close","Competency validation; Cultural awareness; Compliance obligations","ACHC Training Completion Standard; Cultural Competence Policy","LO1|LO3|LO4|LO5","Validation","Reasoning quality confirmation and remediation routing","Final Assessment Aggregate","FA-Debrief","Competency confirmation","Moderate","Remediation branch if score below 80 percent","Competency result, score, and remediation path documented","Supports safe independent practice authorization","Moderate","Mapped","debrief","","","","","","","","You did not pass by guessing. You passed by sequencing. In home health, the difference between acceptable and defensible is almost always one of four things: timing, documentation specificity, escalation completeness, or communication verification. Marites succeeded because she adapted her style while preserving her values. She did not become someone else. She translated herself. That is the operational definition of cultural competence — not performance, but practiced precision applied with consistent respect. The learner who completes this module carries three things forward: the knowledge that every clinical decision has an evidence chain that needs to exist in the record; the skill to activate interpreter workflow, perform teach-back, escalate correctly, and document defensibly; and the understanding that cultural competence is not a training badge. It is the daily operational commitment that makes care safer for every patient Marites will ever see."
"M01-S48","Act 3","S48","Closing Scene: Thank You for Not Rushing Me","Mr. Henderson front doorway — end of shift","At the doorway, Mr. Henderson says: Thank you for not rushing me. Marites smiles, touches her bracelet, and steps to her next visit carrying both where she came from and what she has mastered. Cultural competence is not a training badge. It is a daily operational commitment. When it is practiced consistently — with documentation, escalation, interpreter workflow, dignity, and verified comprehension — it improves patient safety, builds trust, reduces adverse events, and makes every shift more defensible. This is the work. This is the standard. This is how it is done.","62","Relief pride closure","Ambient music rise","Fade to module completion screen","Photorealistic documentary closing shot of Filipina nurse and elderly male patient at residential front doorway sharing genuine respectful gratitude, warm late-day natural light, bracelet visible in close insert, 35mm cinematic lens.","Character anchor: Marites, Filipina, early 30s, tied-back dark hair, navy scrubs, woven bracelet left wrist, calm eyes, consistent badge and stethoscope. Final lock: same face, bracelet, badge, scrubs as S01. Mr. Henderson: open engaged expression — full contrast to guarded first encounter.","anime, cartoon, CGI, plastic skin, distorted hands, extra fingers, watermark, oversaturated HDR, fantasy lighting, stock-photo smile","Wide establishing then close-up bracelet insert","Cultural awareness; Trust outcomes; Patient-centered care","CLAS Outcomes Alignment; Patient Engagement Policy","LO1|LO5","Outcome","Operational trust and cultural competence closure","N/A","N/A","Narrative close","Low","N/A","Optional closing reflection entry","Reinforces that cultural competence is operational practice not policy performance","Low","Mapped","content","","","","","","","",""
