policy_id,policy_title,hh_standard,section_id,section_title,supporting_content,match_type,confidence,notes
CL-CA-001,Patient Assessment — Comprehensive,HH5-2A.01,5-policy-statement,4. Policy Statement,4.1 A comprehensive patient assessment shall be completed by a qualified registered nurse at the Start of Care visit and at all subsequent applicable OASIS time points. The comprehensive assessment shall begin at the time of the first billable visit — the SOC visit — and shall be completed at the patient's home. 4.2 Only a registered nurse currently licensed by the California Board of Registered N,ACHC_CONTEXT,HIGH,Survey notes reference section 4. Corridor context token overlap (2 token hits).
CL-CA-001,Patient Assessment — Comprehensive,HH5-2B,5-policy-statement,4. Policy Statement,4.1 A comprehensive patient assessment shall be completed by a qualified registered nurse at the Start of Care visit and at all subsequent applicable OASIS time points. The comprehensive assessment shall begin at the time of the first billable visit — the SOC visit — and shall be completed at the patient's home. 4.2 Only a registered nurse currently licensed by the California Board of Registered N,ACHC_CONTEXT,HIGH,Survey notes reference section 4. Corridor context token overlap (2 token hits).
CL-CA-001,Patient Assessment — Comprehensive,HH5-2C.01,5-policy-statement,4. Policy Statement,4.1 A comprehensive patient assessment shall be completed by a qualified registered nurse at the Start of Care visit and at all subsequent applicable OASIS time points. The comprehensive assessment shall begin at the time of the first billable visit — the SOC visit — and shall be completed at the patient's home. 4.2 Only a registered nurse currently licensed by the California Board of Registered Nursing and meeting the assessment competency requi,ACHC_CONTEXT,HIGH,"HH standard appears directly in canonical section text. [FinalFix: relocated from reference-section ""24-references"" to substantive section ""5-policy-statement""]"
CL-CA-001,Patient Assessment — Comprehensive,HH5-2C.02,5-policy-statement,4. Policy Statement,4.1 A comprehensive patient assessment shall be completed by a qualified registered nurse at the Start of Care visit and at all subsequent applicable OASIS time points. The comprehensive assessment shall begin at the time of the first billable visit — the SOC visit — and shall be completed at the patient's home. 4.2 Only a registered nurse currently licensed by the California Board of Registered N,ACHC_CONTEXT,HIGH,Survey notes reference section 4. Corridor context token overlap (2 token hits).
CL-CA-001,Patient Assessment — Comprehensive,HH5-2C,5-policy-statement,4. Policy Statement,4.1 A comprehensive patient assessment shall be completed by a qualified registered nurse at the Start of Care visit and at all subsequent applicable OASIS time points. The comprehensive assessment shall begin at the time of the first billable visit — the SOC visit — and shall be completed at the patient's home. 4.2 Only a registered nurse currently licensed by the California Board of Registered Nursing and meeting the assessment competency requi,ACHC_CONTEXT,HIGH,"HH standard appears directly in canonical section text. [FinalFix: relocated from reference-section ""24-references"" to substantive section ""5-policy-statement""]"
CL-CA-001,Patient Assessment — Comprehensive,HH5-2E,5-policy-statement,4. Policy Statement,4.1 A comprehensive patient assessment shall be completed by a qualified registered nurse at the Start of Care visit and at all subsequent applicable OASIS time points. The comprehensive assessment shall begin at the time of the first billable visit — the SOC visit — and shall be completed at the patient's home. 4.2 Only a registered nurse currently licensed by the California Board of Registered N,ACHC_CONTEXT,HIGH,Survey notes reference section 4. Corridor context token overlap (2 token hits).
CL-CA-001,Patient Assessment — Comprehensive,HH5-2F,5-policy-statement,4. Policy Statement,4.1 A comprehensive patient assessment shall be completed by a qualified registered nurse at the Start of Care visit and at all subsequent applicable OASIS time points. The comprehensive assessment shall begin at the time of the first billable visit — the SOC visit — and shall be completed at the patient's home. 4.2 Only a registered nurse currently licensed by the California Board of Registered N,ACHC_CONTEXT,HIGH,Survey notes reference section 4. Corridor context token overlap (2 token hits).
CL-CA-001,Patient Assessment — Comprehensive,HH5-3A,5-policy-statement,4. Policy Statement,4.1 A comprehensive patient assessment shall be completed by a qualified registered nurse at the Start of Care visit and at all subsequent applicable OASIS time points. The comprehensive assessment shall begin at the time of the first billable visit — the SOC visit — and shall be completed at the patient's home. 4.2 Only a registered nurse currently licensed by the California Board of Registered N,ACHC_CONTEXT,HIGH,Survey notes reference section 4. Corridor context token overlap (2 token hits).
CL-CA-002,OASIS Data Collection & Accuracy,HH5-2A.01,9-domain-specific-oasis-accuracy-standards,Domain-Specific OASIS Accuracy Standards,"The following domain-specific accuracy standards shall govern response selection for the highest-risk OASIS item categories. These standards supplement the CMS OASIS-E2 Guidance Manual and do not supersede it. #### 6.2.1 Functional Status — GG Items (GG0130, GG0170)  | Step | Responsible Party | Action | Timeframe | | :---- | :---- | :---- | :---- | | 6.2.1.1 | Assigned RN | The GG functional item",CORRIDOR_CONTEXT,HIGH,Corridor context token overlap (2 token hits). Survey-note to section-title overlap (3).
CL-CA-002,OASIS Data Collection & Accuracy,HH5-2B,9-domain-specific-oasis-accuracy-standards,Domain-Specific OASIS Accuracy Standards,"The following domain-specific accuracy standards shall govern response selection for the highest-risk OASIS item categories. These standards supplement the CMS OASIS-E2 Guidance Manual and do not supersede it. #### 6.2.1 Functional Status — GG Items (GG0130, GG0170)  | Step | Responsible Party | Action | Timeframe | | :---- | :---- | :---- | :---- | | 6.2.1.1 | Assigned RN | The GG functional item",CORRIDOR_CONTEXT,HIGH,Corridor context token overlap (2 token hits). Survey-note to section-title overlap (3).
CL-CA-002,OASIS Data Collection & Accuracy,HH5-2C,6-definitions,5. Definitions,"| Term | Definition | | :---- | :---- | | OASIS | Outcome and Assessment Information Set — the standardized data set mandated by CMS for all Medicare-certified home health agencies, currently in version OASIS-E2. | | OASIS Item | A single data element within the OASIS data set, identified by an alphanumeric code (e.g., M1800, GG0130A). Each item has a specific definition, data collection instructions, and response options defined in the CMS OASIS",ACHC_CONTEXT,HIGH,"HH standard appears directly in canonical section text. [FinalFix: relocated from reference-section ""24-references"" to substantive section ""6-definitions""]"
CL-CA-003,OASIS Transmission & Correction,HH1-8A,4-scope,3. Scope,This policy applies to: The designated OASIS Transmission Coordinator (the staff member responsible for managing the agency's OASIS data submission to CMS) The Director of Nursing / Clinical Manager who provides clinical oversight of the transmission and correction process The OASIS Quality Reviewer who identifies errors requiring correction All authorized RN assessors whose assessments are subjec,ACHC_CONTEXT,HIGH,Survey notes reference section 3. Corridor context token overlap (3 token hits).
CL-CA-003,OASIS Transmission & Correction,HH1-8B,4-scope,3. Scope,This policy applies to: The designated OASIS Transmission Coordinator (the staff member responsible for managing the agency's OASIS data submission to CMS) The Director of Nursing / Clinical Manager who provides clinical oversight of the transmission and correction process The OASIS Quality Reviewer who identifies errors requiring correction All authorized RN assessors whose assessments are subjec,ACHC_CONTEXT,HIGH,Survey notes reference section 3. Corridor context token overlap (3 token hits).
CL-CA-004,Recertification Assessment & Process,HH5-2A.01,5-policy-statement,4. Policy Statement,"4.1 Every active home health patient receiving Medicare home health services shall be formally recertified for each subsequent 60-day certification period. There is no mechanism by which a patient may continue to receive Medicare home health services — and the agency may continue to bill for those services — without a completed, physician-signed recertification. 4.2 The recertification assessment ",ACHC_CONTEXT,HIGH,Survey notes reference section 4.
CL-CA-004,Recertification Assessment & Process,HH5-2E,5-policy-statement,4. Policy Statement,"4.1 Every active home health patient receiving Medicare home health services shall be formally recertified for each subsequent 60-day certification period. There is no mechanism by which a patient may continue to receive Medicare home health services — and the agency may continue to bill for those services — without a completed, physician-signed recertification. 4.2 The recertification assessment ",ACHC_CONTEXT,HIGH,Survey notes reference section 4.
CL-CA-004,Recertification Assessment & Process,HH5-5A,5-policy-statement,4. Policy Statement,"4.1 Every active home health patient receiving Medicare home health services shall be formally recertified for each subsequent 60-day certification period. There is no mechanism by which a patient may continue to receive Medicare home health services — and the agency may continue to bill for those services — without a completed, physician-signed recertification. 4.2 The recertification assessment ",ACHC_CONTEXT,HIGH,Survey notes reference section 4.
CL-CA-005,Homebound Status Determination & Documentation,HH5-2A.01,4-scope,3. Scope,"This policy applies to: All registered nurses conducting comprehensive assessments, recertification assessments, and all OASIS time point assessments The Director of Nursing / Clinical Manager responsible for homebound documentation quality The OASIS Quality Reviewer who validates homebound documentation at each assessment review Revenue Cycle staff relying on homebound documentation to support billing The Compliance Officer who oversees homeboun",ACHC_CONTEXT,HIGH,"Corridor context token overlap (2 token hits). [FinalFix: relocated from policy-header-section ""2-policy-header"" to substantive section ""4-scope""]"
CL-CA-005,Homebound Status Determination & Documentation,HH5-2B,4-scope,3. Scope,"This policy applies to: All registered nurses conducting comprehensive assessments, recertification assessments, and all OASIS time point assessments The Director of Nursing / Clinical Manager responsible for homebound documentation quality The OASIS Quality Reviewer who validates homebound documentation at each assessment review Revenue Cycle staff relying on homebound documentation to support billing The Compliance Officer who oversees homeboun",ACHC_CONTEXT,HIGH,"Corridor context token overlap (2 token hits). [FinalFix: relocated from policy-header-section ""2-policy-header"" to substantive section ""4-scope""]"
CL-CA-005,Homebound Status Determination & Documentation,HH5-2C,4-scope,3. Scope,"This policy applies to: All registered nurses conducting comprehensive assessments, recertification assessments, and all OASIS time point assessments The Director of Nursing / Clinical Manager responsible for homebound documentation quality The OASIS Quality Reviewer who validates homebound documentation at each assessment review Revenue Cycle staff relying on homebound documentation to support billing The Compliance Officer who oversees homeboun",ACHC_CONTEXT,HIGH,"HH standard appears directly in canonical section text. [FinalFix: relocated from reference-section ""24-references"" to substantive section ""4-scope""]"
CL-CA-006,Face-to-Face Encounter Compliance,HH5-2A.01,4-scope,3. Scope,"- HH5-2A.01: Clinical leads and assigned clinicians execute and monitor comprehensive assessment timing, accuracy, and interdisciplinary incorporation. Work steps are tracked with defined owner accountability, required completion timing, and exception escalation; survey evidence is retained in clinical documentation artifacts, workflow timestamps, supervisory review evidence, and audit outcomes.",POLICY_CONTEXT,HIGH,"Corridor context token overlap (2 token hits). Shared policy-context signal: compliance. [FinalFix: relocated from policy-header-section ""2-policy-header"" to substantive section ""4-scope""] Section hardened with explicit HH5-2A.01 operational workflow, accountable owner, evidence retention expectation, and monitoring/escalation language."
CL-CA-006,Face-to-Face Encounter Compliance,HH5-2B,4-scope,3. Scope,"- HH5-2B: Clinical leads and assigned clinicians execute and monitor comprehensive assessment timing, accuracy, and interdisciplinary incorporation. Work steps are tracked with defined owner accountability, required completion timing, and exception escalation; survey evidence is retained in clinical documentation artifacts, workflow timestamps, supervisory review evidence, and audit outcomes.",POLICY_CONTEXT,HIGH,"Corridor context token overlap (2 token hits). Shared policy-context signal: compliance. [FinalFix: relocated from policy-header-section ""2-policy-header"" to substantive section ""4-scope""] Section hardened with explicit HH5-2B operational workflow, accountable owner, evidence retention expectation, and monitoring/escalation language."
CL-CC-101,Care Coordination & SDOH Management,HH5-2A.01,5-policy-statements,4. Policy Statements,"4.1 Every patient shall be screened at SOC for SDOH using OASIS-E1 standardized items: ethnicity (A1005), race (A1010), preferred language (A1110A), need for interpreter (A1110B), transportation (A1250), social isolation (D0700), health literacy (B1300). Reconciled with comprehensive assessment per CL-OA-101. 4.2 Identified unmet social needs (food, housing, transportation, caregiver absence, fina",ACHC_CONTEXT,HIGH,Survey notes reference section 4. Corridor context token overlap (3 token hits).
CL-CC-101,Care Coordination & SDOH Management,HH5-4A,5-policy-statements,4. Policy Statements,"4.1 Every patient shall be screened at SOC for SDOH using OASIS-E1 standardized items: ethnicity (A1005), race (A1010), preferred language (A1110A), need for interpreter (A1110B), transportation (A1250), social isolation (D0700), health literacy (B1300). Reconciled with comprehensive assessment per CL-OA-101. 4.2 Identified unmet social needs (food, housing, transportation, caregiver absence, fina",ACHC_CONTEXT,HIGH,Survey notes reference section 4. Corridor context token overlap (3 token hits).
CL-CD-001,Clinical Documentation Standards,HH5-1A.01,5-policy-statement,4. Policy Statement,"4.1 Every entry in a patient's clinical record shall be: accurate — reflecting what was actually observed, assessed, performed, and communicated; complete — containing all required elements for the type of entry; timely — created within the timeframe specified for the entry type; legible — clearly readable in the format used (electronic or written); authenticated — identified with the author's nam",ACHC_CONTEXT,HIGH,Survey notes reference section 4. Corridor context token overlap (2 token hits).
CL-CD-002,Clinical Record Content & Organization,HH5-1A.01,5-policy-statements,4. Policy Statements,"4.1 Care Indeed Home Health Care, Inc. shall maintain a complete clinical record for every patient receiving home health services. The record shall be initiated at the time of referral and remain active throughout the episode of care and for the retention period defined in CO-HP-007.  4.2 Every patient clinical record shall contain at minimum the following required content elements: (a) Referral s",ACHC_CONTEXT,HIGH,Survey notes reference section 4. Corridor context token overlap (3 token hits).
CL-CD-003,Clinical Record Authentication & Signature Requirements,HH5-1A.01,3-purpose,2. Purpose,"- HH5-1A.01: Clinical leads and assigned clinicians execute and monitor admission/intake privacy and workflow control integrity. Work steps are tracked with defined owner accountability, required completion timing, and exception escalation; survey evidence is retained in clinical documentation artifacts, workflow timestamps, supervisory review evidence, and audit outcomes.",POLICY_CONTEXT,HIGH,"Corridor context token overlap (2 token hits). [FinalFix: relocated from policy-header-section ""2-policy-header"" to substantive section ""3-purpose""] Section hardened with explicit HH5-1A.01 operational workflow, accountable owner, evidence retention expectation, and monitoring/escalation language."
CL-CD-004,Timely Documentation Completion & Lock Requirements,HH5-1A.01,3-purpose,2. Purpose,"- HH5-1A.01: Clinical leads and assigned clinicians execute and monitor admission/intake privacy and workflow control integrity. Work steps are tracked with defined owner accountability, required completion timing, and exception escalation; survey evidence is retained in clinical documentation artifacts, workflow timestamps, supervisory review evidence, and audit outcomes.",POLICY_CONTEXT,HIGH,"Corridor context token overlap (2 token hits). [FinalFix: relocated from reference-section ""20-compliance-regulatory-references"" to substantive section ""3-purpose""] Section hardened with explicit HH5-1A.01 operational workflow, accountable owner, evidence retention expectation, and monitoring/escalation language."
CL-CP-001,Plan of Care Development & Approval,HH5-1A,5-policy-statement,4. Policy Statement,"4.1 Care Indeed Home Health Care, Inc. shall establish a written, individualized plan of care for every patient admitted to home health services prior to or at the initiation of services, as required by 42 CFR § 484.60(a). 4.2 The plan of care shall be developed by the registered nurse responsible for the patient's care in collaboration with the patient, the patient's caregiver(s), the patient's a",ACHC_CONTEXT,HIGH,Survey notes reference section 4. Corridor context token overlap (4 token hits).
CL-CP-001,Plan of Care Development & Approval,HH5-2A.01,5-policy-statement,4. Policy Statement,"4.1 Care Indeed Home Health Care, Inc. shall establish a written, individualized plan of care for every patient admitted to home health services prior to or at the initiation of services, as required by 42 CFR § 484.60(a). 4.2 The plan of care shall be developed by the registered nurse responsible for the patient's care in collaboration with the patient, the patient's caregiver(s), the patient's a",ACHC_CONTEXT,HIGH,Survey notes reference section 4. Corridor context token overlap (4 token hits).
CL-CP-001,Plan of Care Development & Approval,HH5-3A,5-policy-statement,4. Policy Statement,"4.1 Care Indeed Home Health Care, Inc. shall establish a written, individualized plan of care for every patient admitted to home health services prior to or at the initiation of services, as required by 42 CFR § 484.60(a). 4.2 The plan of care shall be developed by the registered nurse responsible for the patient's care in collaboration with the patient, the patient's caregiver(s), the patient's a",ACHC_CONTEXT,HIGH,Survey notes reference section 4. Corridor context token overlap (4 token hits).
CL-CP-001,Plan of Care Development & Approval,HH5-3B,5-policy-statement,4. Policy Statement,"4.1 Care Indeed Home Health Care, Inc. shall establish a written, individualized plan of care for every patient admitted to home health services prior to or at the initiation of services, as required by 42 CFR § 484.60(a). 4.2 The plan of care shall be developed by the registered nurse responsible for the patient's care in collaboration with the patient, the patient's caregiver(s), the patient's a",ACHC_CONTEXT,HIGH,Survey notes reference section 4. Corridor context token overlap (4 token hits).
CL-CP-001,Plan of Care Development & Approval,HH5-3C,5-policy-statement,4. Policy Statement,"4.1 Care Indeed Home Health Care, Inc. shall establish a written, individualized plan of care for every patient admitted to home health services prior to or at the initiation of services, as required by 42 CFR § 484.60(a). 4.2 The plan of care shall be developed by the registered nurse responsible for the patient's care in collaboration with the patient, the patient's caregiver(s), the patient's a",ACHC_CONTEXT,HIGH,Survey notes reference section 4. Corridor context token overlap (4 token hits).
CL-CP-001,Plan of Care Development & Approval,HH5-4A,5-policy-statement,4. Policy Statement,"4.1 Care Indeed Home Health Care, Inc. shall establish a written, individualized plan of care for every patient admitted to home health services prior to or at the initiation of services, as required by 42 CFR § 484.60(a). 4.2 The plan of care shall be developed by the registered nurse responsible for the patient's care in collaboration with the patient, the patient's caregiver(s), the patient's a",ACHC_CONTEXT,HIGH,Survey notes reference section 4. Corridor context token overlap (4 token hits).
CL-CP-002,Plan of Care Review & Update,HH5-2A.01,5-policy-statement,4. Policy Statement,"4.1 The plan of care for every active patient shall be formally reviewed by the responsible registered nurse at a minimum of every 30 calendar days during the certification period, regardless of whether a change is indicated. 4.2 The plan of care shall be comprehensively reviewed and updated at each recertification period — no later than every 60 calendar days — and the updated plan of care shall ",ACHC_CONTEXT,HIGH,Survey notes reference section 4.
CL-CP-002,Plan of Care Review & Update,HH5-2E,5-policy-statement,4. Policy Statement,"4.1 The plan of care for every active patient shall be formally reviewed by the responsible registered nurse at a minimum of every 30 calendar days during the certification period, regardless of whether a change is indicated. 4.2 The plan of care shall be comprehensively reviewed and updated at each recertification period — no later than every 60 calendar days — and the updated plan of care shall ",ACHC_CONTEXT,HIGH,Survey notes reference section 4.
CL-CP-002,Plan of Care Review & Update,HH5-5A,5-policy-statement,4. Policy Statement,"4.1 The plan of care for every active patient shall be formally reviewed by the responsible registered nurse at a minimum of every 30 calendar days during the certification period, regardless of whether a change is indicated. 4.2 The plan of care shall be comprehensively reviewed and updated at each recertification period — no later than every 60 calendar days — and the updated plan of care shall ",ACHC_CONTEXT,HIGH,Survey notes reference section 4.
CL-CP-003,Physician Orders & Order Management,HH5-8A,5-policy-statement,4. Policy Statement,"4.1 No skilled home health service shall be provided to any patient without a valid, current physician order authorizing that service. This requirement applies to all disciplines, all visit types, and all clinical interventions including medications, treatments, procedures, equipment, and supplies. 4.2 All physician orders shall be obtained from a physician, nurse practitioner, clinical nurse spec",ACHC_CONTEXT,HIGH,Survey notes reference section 4. Corridor context token overlap (2 token hits).
CL-CP-004,Verbal Order Receipt & Authentication,HH5-8A,5-policy-statement,4. Policy Statement,"4.1 Only a registered nurse (RN) or a licensed vocational nurse (LVN) acting within the scope of practice defined by California Business and Professions Code § 2725 (RN) and § 2859 (LVN) may receive and transcribe verbal orders at Care Indeed Home Health Care, Inc. No other clinical discipline shall receive or transcribe verbal orders for clinical services requiring physician authorization. 4.2 Al",ACHC_CONTEXT,HIGH,Survey notes reference section 4. Corridor context token overlap (2 token hits). Shared policy-context signal: scope.
CL-CP-005,Coordination of Care,HH5-2A.01,5-policy-statement,4. Policy Statement,"4.1 Care Indeed Home Health Care, Inc. shall ensure that all services provided to each patient are coordinated among all disciplines involved in the patient's care and with all external providers who contribute to the patient's overall health management. 4.2 The assigned registered nurse shall serve as the primary care coordinator for each patient, responsible for ensuring that all disciplines con",ACHC_CONTEXT,HIGH,Survey notes reference section 4. Corridor context token overlap (4 token hits).
CL-CP-005,Coordination of Care,HH5-4A,5-policy-statement,4. Policy Statement,"4.1 Care Indeed Home Health Care, Inc. shall ensure that all services provided to each patient are coordinated among all disciplines involved in the patient's care and with all external providers who contribute to the patient's overall health management. 4.2 The assigned registered nurse shall serve as the primary care coordinator for each patient, responsible for ensuring that all disciplines con",ACHC_CONTEXT,HIGH,Survey notes reference section 4. Corridor context token overlap (4 token hits).
CL-CP-006,Discharge Planning & Criteria,HH5-6A,5-policy-statement,4. Policy Statement,"4.1 Discharge planning shall begin at the time of the Start of Care assessment and shall be an ongoing, documented component of every patient's plan of care throughout the episode. 4.2 Discharge criteria — the specific clinical, functional, and support-system milestones that must be achieved before a patient is safely discharged from home health — shall be identified and documented in the plan of ",ACHC_CONTEXT,HIGH,Survey notes reference section 4. Corridor context token overlap (3 token hits).
CL-CP-007,Transfer & Referral Procedures,HH5-6A,5-policy-statement,4. Policy Statement,"4.1 When a patient is transferred from home health to an inpatient facility, the agency shall ensure that: (a) the attending physician is notified and, where clinically appropriate, orders or approves the transfer; (b) a comprehensive clinical summary is prepared and transmitted to the receiving facility; (c) a warm handoff (direct clinician-to-clinician communication) occurs with the receiving ca",ACHC_CONTEXT,HIGH,Survey notes reference section 4. Corridor context token overlap (2 token hits).
CL-CP-008,Physician Recertification Timing Compliance,HH5-2A.01,5-policy-statement,4. Policy Statement,4.1 Every patient receiving Medicare home health services shall have a physician-signed recertification on file for each 60-day certification period. The recertification must be signed by the physician before the agency submits a claim for services rendered during that certification period. 4.2 The agency shall maintain a centralized Recertification Tracking System that monitors every active patie,ACHC_CONTEXT,HIGH,Survey notes reference section 4.
CL-CP-008,Physician Recertification Timing Compliance,HH5-2E,5-policy-statement,4. Policy Statement,4.1 Every patient receiving Medicare home health services shall have a physician-signed recertification on file for each 60-day certification period. The recertification must be signed by the physician before the agency submits a claim for services rendered during that certification period. 4.2 The agency shall maintain a centralized Recertification Tracking System that monitors every active patie,ACHC_CONTEXT,HIGH,Survey notes reference section 4.
CL-CP-008,Physician Recertification Timing Compliance,HH5-5A,5-policy-statement,4. Policy Statement,4.1 Every patient receiving Medicare home health services shall have a physician-signed recertification on file for each 60-day certification period. The recertification must be signed by the physician before the agency submits a claim for services rendered during that certification period. 4.2 The agency shall maintain a centralized Recertification Tracking System that monitors every active patie,ACHC_CONTEXT,HIGH,Survey notes reference section 4.
CL-CP-009,60-Day Episode Summary & Progress Report,HH5-4A,5-policy-statement,4. Policy Statement,"4.1 The agency shall maintain a centralized Physician Order Signature Tracking System (the ""Tracking System"") that captures every document requiring a physician signature from the date of transmission through the date of receipt and filing. 4.2 Every document requiring a physician signature shall be entered into the Tracking System at the time of transmission to the physician's office, including: ",ACHC_CONTEXT,HIGH,Survey notes reference section 4.
CL-CP-009,60-Day Episode Summary & Progress Report,HH5-5A,5-policy-statement,4. Policy Statement,"4.1 The agency shall maintain a centralized Physician Order Signature Tracking System (the ""Tracking System"") that captures every document requiring a physician signature from the date of transmission through the date of receipt and filing. 4.2 Every document requiring a physician signature shall be entered into the Tracking System at the time of transmission to the physician's office, including: ",ACHC_CONTEXT,HIGH,Survey notes reference section 4.
CL-DC-101,Documentation Integrity Controls,HH5-1A.01,19-documentation-requirements,7. Documentation Requirements,"- HH5-1A.01: Clinical leads and assigned clinicians execute and monitor admission/intake privacy and workflow control integrity. Work steps are tracked with defined owner accountability, required completion timing, and exception escalation; survey evidence is retained in clinical documentation artifacts, workflow timestamps, supervisory review evidence, and audit outcomes.",POLICY_CONTEXT,HIGH,"Corridor context token overlap (2 token hits). Shared policy-context signal: audit. Section hardened with explicit HH5-1A.01 operational workflow, accountable owner, evidence retention expectation, and monitoring/escalation language."
CL-OA-001,OASIS Completion Timeliness & Accountability,HH5-2A.01,5-policy-statement,4. Policy Statement,"4.1 Every OASIS assessment at every applicable time point shall be completed, authenticated, and locked in the EHR within the timeframes specified in Section 6.1 of this policy. These timeframes are absolute regulatory requirements — not targets, preferences, or guidelines. An OASIS assessment not completed and locked within the applicable deadline is a CMS compliance deficiency for that assessmen",ACHC_CONTEXT,HIGH,Survey notes reference section 4. Shared policy-context signal: compliance.
CL-OA-001,OASIS Completion Timeliness & Accountability,HH5-2B,5-policy-statement,4. Policy Statement,"4.1 Every OASIS assessment at every applicable time point shall be completed, authenticated, and locked in the EHR within the timeframes specified in Section 6.1 of this policy. These timeframes are absolute regulatory requirements — not targets, preferences, or guidelines. An OASIS assessment not completed and locked within the applicable deadline is a CMS compliance deficiency for that assessmen",ACHC_CONTEXT,HIGH,Survey notes reference section 4. Shared policy-context signal: compliance.
CL-OA-002,OASIS Quality Review & Error Correction,HH1-8A,4-scope,3. Scope,This policy applies to: All authorized RN assessors who conduct comprehensive OASIS assessments The designated OASIS Quality Reviewer (a role defined in Section 5 and CL-CA-002) — typically the Director of Nursing or a clinician with advanced OASIS training designated by the Director of Nursing The Director of Nursing / Clinical Manager who oversees the quality review program The OASIS Transmissio,ACHC_CONTEXT,HIGH,Survey notes reference section 3. Corridor context token overlap (2 token hits).
CL-OA-002,OASIS Quality Review & Error Correction,HH1-8B,4-scope,3. Scope,This policy applies to: All authorized RN assessors who conduct comprehensive OASIS assessments The designated OASIS Quality Reviewer (a role defined in Section 5 and CL-CA-002) — typically the Director of Nursing or a clinician with advanced OASIS training designated by the Director of Nursing The Director of Nursing / Clinical Manager who oversees the quality review program The OASIS Transmissio,ACHC_CONTEXT,HIGH,Survey notes reference section 3. Corridor context token overlap (2 token hits).
CL-OA-015,Assessment Completion Timeframe Compliance,HH5-2A.01,5-policy-statement,4. Policy Statement,"4.1 Care Indeed Home Health Care, Inc. establishes the following performance standards for OASIS assessment completion, in addition to the regulatory deadlines defined in CL-OA-001:  | Standard Level | Metric | Target | | :---- | :---- | :---- | | Agency-Level Standard — Operations Target | Percentage of all OASIS assessments completed within agency operational targets (SOC/ROC/RECERT/FU: 3 calend",ACHC_CONTEXT,HIGH,Survey notes reference section 4. Shared policy-context signal: compliance.
CL-OA-015,Assessment Completion Timeframe Compliance,HH5-2B,5-policy-statement,4. Policy Statement,"4.1 Care Indeed Home Health Care, Inc. establishes the following performance standards for OASIS assessment completion, in addition to the regulatory deadlines defined in CL-OA-001:  | Standard Level | Metric | Target | | :---- | :---- | :---- | | Agency-Level Standard — Operations Target | Percentage of all OASIS assessments completed within agency operational targets (SOC/ROC/RECERT/FU: 3 calend",ACHC_CONTEXT,HIGH,Survey notes reference section 4. Shared policy-context signal: compliance.
CL-OA-101,"OASIS Data Accuracy, Validation & Submission Integrity",HH1-8A,4-scope,3. Scope,"Applies to all RNs, PTs, OTs, and SLPs qualified to complete OASIS per 42 CFR § 484.55(a)(2); the OASIS Coordinator / QAPI Director responsible for pre-submission validation; and all assessment time points (SOC, ROC, RECERT, OFU, TRN, DC, Death at Home).  ---",ACHC_CONTEXT,HIGH,Survey notes reference section 3. Shared policy-context signal: scope.
CL-OA-101,"OASIS Data Accuracy, Validation & Submission Integrity",HH1-8B,4-scope,3. Scope,"Applies to all RNs, PTs, OTs, and SLPs qualified to complete OASIS per 42 CFR § 484.55(a)(2); the OASIS Coordinator / QAPI Director responsible for pre-submission validation; and all assessment time points (SOC, ROC, RECERT, OFU, TRN, DC, Death at Home).  ---",ACHC_CONTEXT,HIGH,Survey notes reference section 3. Shared policy-context signal: scope.
CL-PR-001,Patient Rights & Responsibilities,HH2-2A,5-patient-rights,4. Patient Rights,"4.1 Care Indeed Home Health Care, Inc. shall provide every patient, at or before the initiation of care, with a written notice of the following rights, in a language and manner the patient understands:  4.1.1 Right to be informed of rights: Every patient has the right to receive written notice of their rights and to have those rights explained verbally in understandable terms before care begins.  4.1.2 Right to exercise rights: Every patient has ",ACHC_CONTEXT,HIGH,"HH standard appears directly in canonical section text. [FinalFix: relocated from reference-section ""20-compliance-regulatory-references"" to substantive section ""5-patient-rights""]"
CL-PR-001,Patient Rights & Responsibilities,HH2-2C,3-purpose,2. Purpose,"This policy establishes and protects the rights of every patient receiving home health services from Care Indeed Home Health Care, Inc. and defines the corresponding responsibilities of patients and their designated representatives. Patient rights are not aspirational — they are legally enforceable entitlements under 42 CFR § 484.50 (Condition of Participation: Patient Rights), the California Home",ACHC_CONTEXT,HIGH,Survey notes reference section 2. Corridor context token overlap (2 token hits).
CL-PR-001,Patient Rights & Responsibilities,HH2-4A,3-purpose,2. Purpose,"This policy establishes and protects the rights of every patient receiving home health services from Care Indeed Home Health Care, Inc. and defines the corresponding responsibilities of patients and their designated representatives. Patient rights are not aspirational — they are legally enforceable entitlements under 42 CFR § 484.50 (Condition of Participation: Patient Rights), the California Home",ACHC_CONTEXT,HIGH,Survey notes reference section 2. Corridor context token overlap (2 token hits).
CL-PR-001,Patient Rights & Responsibilities,HH2-4B,3-purpose,2. Purpose,"This policy establishes and protects the rights of every patient receiving home health services from Care Indeed Home Health Care, Inc. and defines the corresponding responsibilities of patients and their designated representatives. Patient rights are not aspirational — they are legally enforceable entitlements under 42 CFR § 484.50 (Condition of Participation: Patient Rights), the California Home",ACHC_CONTEXT,HIGH,Survey notes reference section 2. Corridor context token overlap (2 token hits).
CL-PR-001,Patient Rights & Responsibilities,HH2-6A,3-purpose,2. Purpose,"This policy establishes and protects the rights of every patient receiving home health services from Care Indeed Home Health Care, Inc. and defines the corresponding responsibilities of patients and their designated representatives. Patient rights are not aspirational — they are legally enforceable entitlements under 42 CFR § 484.50 (Condition of Participation: Patient Rights), the California Home",ACHC_CONTEXT,HIGH,Survey notes reference section 2. Corridor context token overlap (2 token hits).
CL-PR-001,Patient Rights & Responsibilities,HH2-6B.02,3-purpose,2. Purpose,"This policy establishes and protects the rights of every patient receiving home health services from Care Indeed Home Health Care, Inc. and defines the corresponding responsibilities of patients and their designated representatives. Patient rights are not aspirational — they are legally enforceable entitlements under 42 CFR § 484.50 (Condition of Participation: Patient Rights), the California Home",ACHC_CONTEXT,HIGH,Survey notes reference section 2. Corridor context token overlap (2 token hits).
CL-PR-001,Patient Rights & Responsibilities,HH3-4A.01,3-purpose,2. Purpose,"This policy establishes and protects the rights of every patient receiving home health services from Care Indeed Home Health Care, Inc. and defines the corresponding responsibilities of patients and their designated representatives. Patient rights are not aspirational — they are legally enforceable entitlements under 42 CFR § 484.50 (Condition of Participation: Patient Rights), the California Home",ACHC_CONTEXT,HIGH,Survey notes reference section 2. Corridor context token overlap (2 token hits).
CL-PR-002,Advance Directive Compliance,HH2-2A,5-policy-statements,4. Policy Statements,"4.1 At or before the initiation of home health services, Care Indeed Home Health Care, Inc. shall provide every adult patient (or the patient's authorized representative) with written information about the patient's rights under California law to make decisions about medical care, including the right to execute an Advance Directive.  4.2 The admitting clinician shall ask every patient at admission whether they have an existing Advance Directive. ",ACHC_CONTEXT,HIGH,"HH standard appears directly in canonical section text. [FinalFix: relocated from reference-section ""20-compliance-regulatory-references"" to substantive section ""5-policy-statements""]"
CL-PR-002,Advance Directive Compliance,HH2-6B.02,3-purpose,2. Purpose,"stablishes requirements for identifying, documenting, honoring, and maintaining advance directives for all patients receiving home health services from Care Indeed Home Health Care, Inc. Compliance wi",ACHC_CONTEXT,HIGH,Survey notes reference section 2. Corridor context token overlap (2 token hits). Shared policy-context signal: compliance.
CL-PR-003,Informed Consent,HH2-1A.01,3-purpose,2. Purpose,"This policy establishes the requirements for obtaining, documenting, and maintaining valid informed consent from patients or their authorized representatives prior to initiating home health services and prior to specific procedures or treatments. Informed consent is a fundamental legal and ethical obligation grounded in the patient's right to self-determination (California Health & Safety Code § 1",ACHC_CONTEXT,HIGH,Survey notes reference section 2. Corridor context token overlap (2 token hits).
CL-PR-003,Informed Consent,HH2-2A,3-purpose,2. Purpose,"This policy establishes the requirements for obtaining, documenting, and maintaining valid informed consent from patients or their authorized representatives prior to initiating home health services and prior to specific procedures or treatments. Informed consent is a fundamental legal and ethical obligation grounded in the patient's right to self-determination (California Health & Safety Code § 1599.80) and the agency's duty to ensure patients u",ACHC_CONTEXT,HIGH,"HH standard appears directly in canonical section text. [FinalFix: relocated from reference-section ""20-compliance-regulatory-references"" to substantive section ""3-purpose""]"
CL-PR-004,Restraint & Seclusion Prohibition,HH2-2A,3-purpose,2. Purpose,"This policy establishes a clear, unequivocal prohibition on the use of physical restraint or seclusion by Care Indeed Home Health Care, Inc. personnel in any patient care situation. Physical restraint and seclusion constitute violations of patient rights under 42 CFR § 484.50(f) and constitute abuse under California law. The home health setting provides no clinical, safety, or emergency justification that would ever authorize an agency employee t",ACHC_CONTEXT,HIGH,"HH standard appears directly in canonical section text. [FinalFix: relocated from reference-section ""20-compliance-regulatory-references"" to substantive section ""3-purpose""]"
CL-PR-004,Restraint & Seclusion Prohibition,HH2-2C,3-purpose,2. Purpose,"This policy establishes a clear, unequivocal prohibition on the use of physical restraint or seclusion by Care Indeed Home Health Care, Inc. personnel in any patient care situation. Physical restraint and seclusion constitute violations of patient rights under 42 CFR § 484.50(f) and constitute abuse under California law. The home health setting provides no clinical, safety, or emergency justificat",ACHC_CONTEXT,HIGH,Survey notes reference section 2. Corridor context token overlap (2 token hits).
CL-PR-005,Emergency Preparedness — Clinical,HH5-12A.01,5-policy-statement,4. Policy Statement,"4.1 Care Indeed Home Health Care, Inc. shall maintain a continuously updated Patient Emergency Risk Stratification System that classifies every active patient by their level of vulnerability during an emergency, enabling the agency to triage its limited clinical resources to the patients with the greatest clinical need when emergency conditions limit the agency's capacity to serve all patients sim",ACHC_CONTEXT,HIGH,Survey notes reference section 4.
CL-PR-005,Emergency Preparedness — Clinical,HH7-3B,5-policy-statement,4. Policy Statement,"4.1 Care Indeed Home Health Care, Inc. shall maintain a continuously updated Patient Emergency Risk Stratification System that classifies every active patient by their level of vulnerability during an emergency, enabling the agency to triage its limited clinical resources to the patients with the greatest clinical need when emergency conditions limit the agency's capacity to serve all patients sim",ACHC_CONTEXT,HIGH,Survey notes reference section 4.
CL-PR-006,"Abuse, Neglect & Exploitation Reporting",HH2-3A.01,12-documentation-requirements-for-all-abuse-related-situations,Documentation Requirements for All Abuse-Related Situations,"| Step | Responsible Party | Action | Timeframe | | :---- | :---- | :---- | :---- | | 6.5.1 | Identifying Staff Member | Document all clinical observations, patient statements, caregiver statements, and clinical findings in the patient's clinical record using objective, factual language — not interpretive or accusatory. Document what you observed, what you heard, and what you assessed — not conclu",CORRIDOR_CONTEXT,HIGH,Corridor context token overlap (2 token hits). Survey-note to section-title overlap (2).
CL-PR-006,"Abuse, Neglect & Exploitation Reporting",HH2-3A.02,12-documentation-requirements-for-all-abuse-related-situations,Documentation Requirements for All Abuse-Related Situations,"| Step | Responsible Party | Action | Timeframe | | :---- | :---- | :---- | :---- | | 6.5.1 | Identifying Staff Member | Document all clinical observations, patient statements, caregiver statements, and clinical findings in the patient's clinical record using objective, factual language — not interpretive or accusatory. Document what you observed, what you heard, and what you assessed — not conclu",CORRIDOR_CONTEXT,HIGH,Corridor context token overlap (2 token hits). Survey-note to section-title overlap (2).
CL-PR-006,"Abuse, Neglect & Exploitation Reporting",HH2-3A.03,12-documentation-requirements-for-all-abuse-related-situations,Documentation Requirements for All Abuse-Related Situations,"| Step | Responsible Party | Action | Timeframe | | :---- | :---- | :---- | :---- | | 6.5.1 | Identifying Staff Member | Document all clinical observations, patient statements, caregiver statements, and clinical findings in the patient's clinical record using objective, factual language — not interpretive or accusatory. Document what you observed, what you heard, and what you assessed — not conclu",CORRIDOR_CONTEXT,HIGH,Corridor context token overlap (2 token hits). Survey-note to section-title overlap (2).
CL-SD-001,Skilled Nursing Assessment & Services,HH5-2A.01,10-visit-documentation,Visit Documentation,"| Step | Responsible Party | Action | Timeframe | | :---- | :---- | :---- | :---- | | 6.3.1 | Assigned RN / LVN | Document the visit note in the EHR within 24 hours of the visit per CL-CD-004. The visit note shall include, at minimum: (a) date and time of the visit; (b) the clinical purpose of the visit; (c) subjective data — patient and caregiver reports; (d) objective data — all assessment findi",CORRIDOR_CONTEXT,HIGH,Corridor context token overlap (2 token hits). Survey-note to section-title overlap (2).
CL-SD-001,Skilled Nursing Assessment & Services,HH5-3A,10-visit-documentation,Visit Documentation,"| Step | Responsible Party | Action | Timeframe | | :---- | :---- | :---- | :---- | | 6.3.1 | Assigned RN / LVN | Document the visit note in the EHR within 24 hours of the visit per CL-CD-004. The visit note shall include, at minimum: (a) date and time of the visit; (b) the clinical purpose of the visit; (c) subjective data — patient and caregiver reports; (d) objective data — all assessment findi",CORRIDOR_CONTEXT,HIGH,Corridor context token overlap (2 token hits). Survey-note to section-title overlap (2).
CL-SD-001,Skilled Nursing Assessment & Services,HH5-8B,10-visit-documentation,Visit Documentation,"| Step | Responsible Party | Action | Timeframe | | :---- | :---- | :---- | :---- | | 6.3.1 | Assigned RN / LVN | Document the visit note in the EHR within 24 hours of the visit per CL-CD-004. The visit note shall include, at minimum: (a) date and time of the visit; (b) the clinical purpose of the visit; (c) subjective data — patient and caregiver reports; (d) objective data — all assessment findi",CORRIDOR_CONTEXT,HIGH,Corridor context token overlap (2 token hits). Survey-note to section-title overlap (2).
CL-SD-002,Physical Therapy Services,HH5-2A.01,5-policy-statement,4. Policy Statement,"4.1 Physical therapy services shall be provided only by physical therapists licensed by the Physical Therapy Board of California, or by physical therapist assistants working under the supervision of a licensed physical therapist in accordance with California Business and Professions Code § 2630 et seq. and 16 CCR § 1398 et seq. 4.2 All PT services shall be authorized by a physician order and refle",ACHC_CONTEXT,HIGH,Survey notes reference section 4.
CL-SD-002,Physical Therapy Services,HH5-2C.01,5-policy-statement,4. Policy Statement,"4.1 Physical therapy services shall be provided only by physical therapists licensed by the Physical Therapy Board of California, or by physical therapist assistants working under the supervision of a licensed physical therapist in accordance with California Business and Professions Code § 2630 et seq. and 16 CCR § 1398 et seq. 4.2 All PT services shall be authorized by a physician order and refle",ACHC_CONTEXT,HIGH,Survey notes reference section 4.
CL-SD-003,Occupational Therapy Services,HH5-2A.01,5-policy-statement,4. Policy Statement,"4.1 OT services shall be provided only by occupational therapists licensed by the California Board of Occupational Therapy (CBOT), or by certified occupational therapy assistants (COTAs) working under OT supervision in accordance with California BPC § 2570 et seq. 4.2 All OT services shall be authorized by a physician order and reflected in the physician-approved plan of care per CL-CP-001 and CL-",ACHC_CONTEXT,HIGH,Survey notes reference section 4.
CL-SD-003,Occupational Therapy Services,HH5-2C.01,5-policy-statement,4. Policy Statement,"4.1 OT services shall be provided only by occupational therapists licensed by the California Board of Occupational Therapy (CBOT), or by certified occupational therapy assistants (COTAs) working under OT supervision in accordance with California BPC § 2570 et seq. 4.2 All OT services shall be authorized by a physician order and reflected in the physician-approved plan of care per CL-CP-001 and CL-",ACHC_CONTEXT,HIGH,Survey notes reference section 4.
CL-SD-004,Speech-Language Pathology Services,HH5-2A.01,5-policy-statement,4. Policy Statement,"4.1 SLP services shall be provided only by speech-language pathologists holding a current California license issued by the Speech-Language Pathology and Audiology and Hearing Aid Dispensers Board per California BPC § 2530 et seq. and holding the Certificate of Clinical Competence in Speech-Language Pathology (CCC-SLP) from the American Speech-Language-Hearing Association (ASHA), or meeting equival",ACHC_CONTEXT,HIGH,Survey notes reference section 4.
CL-SD-004,Speech-Language Pathology Services,HH5-2C.01,5-policy-statement,4. Policy Statement,"4.1 SLP services shall be provided only by speech-language pathologists holding a current California license issued by the Speech-Language Pathology and Audiology and Hearing Aid Dispensers Board per California BPC § 2530 et seq. and holding the Certificate of Clinical Competence in Speech-Language Pathology (CCC-SLP) from the American Speech-Language-Hearing Association (ASHA), or meeting equival",ACHC_CONTEXT,HIGH,Survey notes reference section 4.
CL-SD-006,Home Health Aide Services & Supervision,HH5-11F,5-policy-statement,4. Policy Statement,"4.1 HHA services shall be provided only by individuals who have completed a home health aide training program meeting the requirements of 42 CFR § 484.80(b) and have passed a competency evaluation per 42 CFR § 484.80(c) and agency policy CL-SD-007. 4.2 HHA services shall be authorized by a physician order and reflected in the plan of care, which shall specify: (a) the type of personal care service",ACHC_CONTEXT,HIGH,Survey notes reference section 4. Corridor context token overlap (8 token hits).
CL-SD-006,Home Health Aide Services & Supervision,HH5-2A.01,5-policy-statement,4. Policy Statement,"4.1 HHA services shall be provided only by individuals who have completed a home health aide training program meeting the requirements of 42 CFR § 484.80(b) and have passed a competency evaluation per 42 CFR § 484.80(c) and agency policy CL-SD-007. 4.2 HHA services shall be authorized by a physician order and reflected in the plan of care, which shall specify: (a) the type of personal care service",ACHC_CONTEXT,HIGH,Survey notes reference section 4. Corridor context token overlap (8 token hits).
CL-SD-007,Home Health Aide Competency Evaluation,HH5-11F,5-policy-statement,4. Policy Statement,"4.1 Every HHA shall complete an initial competency evaluation before being assigned to provide patient care. The initial evaluation shall cover all skill areas required by 42 CFR § 484.80(c)(1) including but not limited to: (a) communication skills; (b) observation, reporting, and documentation of patient status and services delivered; (c) reading and recording temperature, pulse, and respiration;",ACHC_CONTEXT,HIGH,Survey notes reference section 4. Corridor context token overlap (3 token hits).
CL-SD-010,IV Therapy & Infusion Services,HH5-2F.01,5-policy-statement,4. Policy Statement,"4.1 IV therapy services shall be authorized by a physician order that specifies: (a) the IV medication or solution; (b) dose, rate, and route (peripheral vs. central); (c) frequency and duration of infusions; (d) vascular access device type; (e) monitoring parameters; (f) laboratory testing schedule if applicable. 4.2 Only RNs who have completed the agency's IV Therapy Competency Program and demon",ACHC_CONTEXT,HIGH,Survey notes reference section 4.
CL-SD-010,IV Therapy & Infusion Services,HH5-2F.02,5-policy-statement,4. Policy Statement,"4.1 IV therapy services shall be authorized by a physician order that specifies: (a) the IV medication or solution; (b) dose, rate, and route (peripheral vs. central); (c) frequency and duration of infusions; (d) vascular access device type; (e) monitoring parameters; (f) laboratory testing schedule if applicable. 4.2 Only RNs who have completed the agency's IV Therapy Competency Program and demon",ACHC_CONTEXT,HIGH,Survey notes reference section 4.
CL-SD-012,Medication Management & Administration,HH5-2F.01,5-policy-statement,4. Policy Statement,"4.1 All medication administration by agency staff shall be authorized by a current, valid physician order specifying: drug name, dose, route, frequency, and indication. No medication shall be administered without a physician order per CL-CP-003. 4.2 All medication administration shall follow the ""Five Rights"" verification protocol: right patient, right medication, right dose, right route, and righ",ACHC_CONTEXT,HIGH,Survey notes reference section 4. Corridor context token overlap (6 token hits).
CL-SD-012,Medication Management & Administration,HH5-2F.02,5-policy-statement,4. Policy Statement,"4.1 All medication administration by agency staff shall be authorized by a current, valid physician order specifying: drug name, dose, route, frequency, and indication. No medication shall be administered without a physician order per CL-CP-003. 4.2 All medication administration shall follow the ""Five Rights"" verification protocol: right patient, right medication, right dose, right route, and righ",ACHC_CONTEXT,HIGH,Survey notes reference section 4. Corridor context token overlap (6 token hits).
CL-SD-012,Medication Management & Administration,HH5-2F,5-policy-statement,4. Policy Statement,"4.1 All medication administration by agency staff shall be authorized by a current, valid physician order specifying: drug name, dose, route, frequency, and indication. No medication shall be administered without a physician order per CL-CP-003. 4.2 All medication administration shall follow the ""Five Rights"" verification protocol: right patient, right medication, right dose, right route, and righ",ACHC_CONTEXT,HIGH,Survey notes reference section 4. Corridor context token overlap (6 token hits).
CL-SD-013,Medication Reconciliation at Transitions,HH5-2F.01,5-policy-statement,4. Policy Statement,4.1 Medication reconciliation shall be performed and documented at every transition of care: (a) Start of Care (SOC); (b) Resumption of Care (ROC) following any inpatient stay; (c) Transfer to an inpatient facility; and (d) Discharge from home health services. 4.2 The medication reconciliation process shall compare a minimum of three medication sources: (a) the patient's/caregiver's reported medic,ACHC_CONTEXT,HIGH,Survey notes reference section 4. Corridor context token overlap (2 token hits).
CL-SD-013,Medication Reconciliation at Transitions,HH5-2F.02,5-policy-statement,4. Policy Statement,4.1 Medication reconciliation shall be performed and documented at every transition of care: (a) Start of Care (SOC); (b) Resumption of Care (ROC) following any inpatient stay; (c) Transfer to an inpatient facility; and (d) Discharge from home health services. 4.2 The medication reconciliation process shall compare a minimum of three medication sources: (a) the patient's/caregiver's reported medic,ACHC_CONTEXT,HIGH,Survey notes reference section 4. Corridor context token overlap (2 token hits).
CL-SD-013,Medication Reconciliation at Transitions,HH5-2F,5-policy-statement,4. Policy Statement,4.1 Medication reconciliation shall be performed and documented at every transition of care: (a) Start of Care (SOC); (b) Resumption of Care (ROC) following any inpatient stay; (c) Transfer to an inpatient facility; and (d) Discharge from home health services. 4.2 The medication reconciliation process shall compare a minimum of three medication sources: (a) the patient's/caregiver's reported medic,ACHC_CONTEXT,HIGH,Survey notes reference section 4. Corridor context token overlap (2 token hits).
CL-SD-014,Pain Assessment & Management,HH5-2A.01,5-policy-statement,4. Policy Statement,"4.1 Pain shall be screened at every patient encounter by every clinical discipline — using a validated, age-appropriate, and cognitively appropriate pain screening tool. Pain is the ""fifth vital sign"" and shall be documented with the same rigor and consistency as blood pressure, pulse, temperature, and respiration. 4.2 At SOC and at each OASIS assessment time point, the assigned RN shall conduct a",ACHC_CONTEXT,HIGH,Survey notes reference section 4. Corridor context token overlap (2 token hits).
CL-SD-014,Pain Assessment & Management,HH5-2C,5-policy-statement,4. Policy Statement,"4.1 Pain shall be screened at every patient encounter by every clinical discipline — using a validated, age-appropriate, and cognitively appropriate pain screening tool. Pain is the ""fifth vital sign"" and shall be documented with the same rigor and consistency as blood pressure, pulse, temperature, and respiration. 4.2 At SOC and at each OASIS assessment time point, the assigned RN shall conduct a",ACHC_CONTEXT,HIGH,Survey notes reference section 4. Corridor context token overlap (2 token hits).
CL-SD-015,Fall Risk Assessment & Prevention,HH5-12A.01,5-policy-statement,4. Policy Statement,"4.1 Fall risk screening shall be performed at every patient encounter by every clinical discipline — if a patient reports a fall or near-fall since the last visit, or if the clinician observes any change in the patient's mobility, balance, or cognitive status, a comprehensive fall risk reassessment shall be initiated. 4.2 A comprehensive fall risk assessment shall be completed by the assigned RN a",ACHC_CONTEXT,HIGH,Survey notes reference section 4. Corridor context token overlap (2 token hits).
CL-SD-015,Fall Risk Assessment & Prevention,HH5-2A.01,5-policy-statement,4. Policy Statement,"4.1 Fall risk screening shall be performed at every patient encounter by every clinical discipline — if a patient reports a fall or near-fall since the last visit, or if the clinician observes any change in the patient's mobility, balance, or cognitive status, a comprehensive fall risk reassessment shall be initiated. 4.2 A comprehensive fall risk assessment shall be completed by the assigned RN a",ACHC_CONTEXT,HIGH,Survey notes reference section 4. Corridor context token overlap (2 token hits).
CL-SD-015,Fall Risk Assessment & Prevention,HH5-2C.01,5-policy-statement,4. Policy Statement,"4.1 Fall risk screening shall be performed at every patient encounter by every clinical discipline — if a patient reports a fall or near-fall since the last visit, or if the clinician observes any change in the patient's mobility, balance, or cognitive status, a comprehensive fall risk reassessment shall be initiated. 4.2 A comprehensive fall risk assessment shall be completed by the assigned RN a",ACHC_CONTEXT,HIGH,Survey notes reference section 4. Corridor context token overlap (2 token hits).
CL-SD-015,Fall Risk Assessment & Prevention,HH5-2C.02,5-policy-statement,4. Policy Statement,"4.1 Fall risk screening shall be performed at every patient encounter by every clinical discipline — if a patient reports a fall or near-fall since the last visit, or if the clinician observes any change in the patient's mobility, balance, or cognitive status, a comprehensive fall risk reassessment shall be initiated. 4.2 A comprehensive fall risk assessment shall be completed by the assigned RN a",ACHC_CONTEXT,HIGH,Survey notes reference section 4. Corridor context token overlap (2 token hits).
CL-SD-015,Fall Risk Assessment & Prevention,HH5-2C,5-policy-statement,4. Policy Statement,"4.1 Fall risk screening shall be performed at every patient encounter by every clinical discipline — if a patient reports a fall or near-fall since the last visit, or if the clinician observes any change in the patient's mobility, balance, or cognitive status, a comprehensive fall risk reassessment shall be initiated. 4.2 A comprehensive fall risk assessment shall be completed by the assigned RN a",ACHC_CONTEXT,HIGH,Survey notes reference section 4. Corridor context token overlap (2 token hits).
CL-SD-015,Fall Risk Assessment & Prevention,HH7-9A.01,5-policy-statement,4. Policy Statement,"4.1 Fall risk screening shall be performed at every patient encounter by every clinical discipline — if a patient reports a fall or near-fall since the last visit, or if the clinician observes any change in the patient's mobility, balance, or cognitive status, a comprehensive fall risk reassessment shall be initiated. 4.2 A comprehensive fall risk assessment shall be completed by the assigned RN a",ACHC_CONTEXT,HIGH,Survey notes reference section 4. Corridor context token overlap (2 token hits).
CL-SD-016,Infection Prevention & Control,HH5-12A.01,5-policy-statement,4. Policy Statement,"4.1 Standard Precautions shall be followed by all agency staff at every patient encounter. Standard Precautions are the minimum infection prevention practices that apply to all patient care, regardless of suspected or confirmed infection status, and include: (a) hand hygiene; (b) use of personal protective equipment (PPE) based on anticipated exposure; (c) respiratory hygiene/cough etiquette; (d) ",ACHC_CONTEXT,HIGH,Survey notes reference section 4. Corridor context token overlap (2 token hits).
CL-SD-016,Infection Prevention & Control,HH7-1A,5-policy-statement,4. Policy Statement,"4.1 Standard Precautions shall be followed by all agency staff at every patient encounter. Standard Precautions are the minimum infection prevention practices that apply to all patient care, regardless of suspected or confirmed infection status, and include: (a) hand hygiene; (b) use of personal protective equipment (PPE) based on anticipated exposure; (c) respiratory hygiene/cough etiquette; (d) ",ACHC_CONTEXT,HIGH,Survey notes reference section 4. Corridor context token overlap (2 token hits).
CL-SD-017,Patient Education & Self-Management,HH5-12A.01,5-policy-statement,4. Policy Statement,"4.1 An individualized Education Plan shall be developed as part of the plan of care for every patient at SOC, identifying: (a) learning needs based on the comprehensive assessment; (b) learning goals; (c) education topics; (d) the patient's and caregiver's preferred learning style (visual, verbal, demonstration, written materials); (e) learning barriers (literacy, language, cognition, vision, hear",ACHC_CONTEXT,HIGH,Survey notes reference section 4. Corridor context token overlap (2 token hits).
CL-SD-023,Palliative & End-of-Life Care,HH5-8B,5-policy-statement,4. Policy Statement,"4.1 Care Indeed Home Health Care, Inc. is committed to delivering palliative care principles — symptom management, goals-of-care alignment, psychosocial and spiritual support, and family engagement — integrated into the plan of care for every patient with a serious illness, without waiting for a prognosis of terminal illness or a decision to forgo curative treatment. 4.2 The advance directive stat",ACHC_CONTEXT,HIGH,Survey notes reference section 4. Corridor context token overlap (2 token hits).
CL-SD-025,Ordered Visit Frequency Compliance & Monitoring,HH5-1A,5-policy-statement,4. Policy Statement,"4.1 The physician-ordered visit frequency, specified in the physician-approved plan of care, represents the minimum standard of service delivery for each patient during each certification period. Every ordered visit shall be delivered unless a specific, documented clinical or patient-initiated reason justifies a variance, and that reason shall be communicated to the physician when it creates a cli",ACHC_CONTEXT,HIGH,Survey notes reference section 4. Shared policy-context signal: compliance.
CL-SD-025,Ordered Visit Frequency Compliance & Monitoring,HH5-2A.01,5-policy-statement,4. Policy Statement,"4.1 The physician-ordered visit frequency, specified in the physician-approved plan of care, represents the minimum standard of service delivery for each patient during each certification period. Every ordered visit shall be delivered unless a specific, documented clinical or patient-initiated reason justifies a variance, and that reason shall be communicated to the physician when it creates a cli",ACHC_CONTEXT,HIGH,Survey notes reference section 4. Shared policy-context signal: compliance.
CL-SD-025,Ordered Visit Frequency Compliance & Monitoring,HH5-3A,5-policy-statement,4. Policy Statement,"4.1 The physician-ordered visit frequency, specified in the physician-approved plan of care, represents the minimum standard of service delivery for each patient during each certification period. Every ordered visit shall be delivered unless a specific, documented clinical or patient-initiated reason justifies a variance, and that reason shall be communicated to the physician when it creates a cli",ACHC_CONTEXT,HIGH,Survey notes reference section 4. Shared policy-context signal: compliance.
CL-SD-025,Ordered Visit Frequency Compliance & Monitoring,HH5-3B,5-policy-statement,4. Policy Statement,"4.1 The physician-ordered visit frequency, specified in the physician-approved plan of care, represents the minimum standard of service delivery for each patient during each certification period. Every ordered visit shall be delivered unless a specific, documented clinical or patient-initiated reason justifies a variance, and that reason shall be communicated to the physician when it creates a cli",ACHC_CONTEXT,HIGH,Survey notes reference section 4. Shared policy-context signal: compliance.
CL-SD-025,Ordered Visit Frequency Compliance & Monitoring,HH5-3C,5-policy-statement,4. Policy Statement,"4.1 The physician-ordered visit frequency, specified in the physician-approved plan of care, represents the minimum standard of service delivery for each patient during each certification period. Every ordered visit shall be delivered unless a specific, documented clinical or patient-initiated reason justifies a variance, and that reason shall be communicated to the physician when it creates a cli",ACHC_CONTEXT,HIGH,Survey notes reference section 4. Shared policy-context signal: compliance.
CL-SD-025,Ordered Visit Frequency Compliance & Monitoring,HH5-4A,5-policy-statement,4. Policy Statement,"4.1 The physician-ordered visit frequency, specified in the physician-approved plan of care, represents the minimum standard of service delivery for each patient during each certification period. Every ordered visit shall be delivered unless a specific, documented clinical or patient-initiated reason justifies a variance, and that reason shall be communicated to the physician when it creates a cli",ACHC_CONTEXT,HIGH,Survey notes reference section 4. Shared policy-context signal: compliance.
CO-BA-101,Business Associate & Vendor PHI Management,HH2-5C.01,3-purpose,2. Purpose,"ents for identifying, qualifying, contracting with, monitoring, and terminating business associates and vendors who access, create, receive, maintain, or transmit protected health information (PHI) on",ACHC_CONTEXT,HIGH,Survey notes reference section 2. Corridor context token overlap (2 token hits).
CO-CA-001,California Confidentiality of Medical Information Act (CMIA) Compliance,HH2-2A,3-purpose,2. Purpose,"This policy establishes Care Indeed Home Health Care, Inc.'s obligations and operational procedures under the California Confidentiality of Medical Information Act (CMIA), California Civil Code §§56–56.37. The CMIA imposes requirements upon healthcare providers operating in California that are legally distinct from, and in many respects more stringent than, the federal HIPAA Privacy Rule (45 CFR P",ACHC_CONTEXT,HIGH,Survey notes reference section 2.
CO-CA-001,California Confidentiality of Medical Information Act (CMIA) Compliance,HH2-5A,3-purpose,2. Purpose,"This policy establishes Care Indeed Home Health Care, Inc.'s obligations and operational procedures under the California Confidentiality of Medical Information Act (CMIA), California Civil Code §§56–56.37. The CMIA imposes requirements upon healthcare providers operating in California that are legally distinct from, and in many respects more stringent than, the federal HIPAA Privacy Rule (45 CFR P",ACHC_CONTEXT,HIGH,Survey notes reference section 2.
CO-CP-001,Corporate Compliance Program,HH2-9A.01,3-purpose,2. Purpose,"This policy establishes the Corporate Compliance Program (""Program"") for Care Indeed Home Health Care, Inc. The Program is the agency's formal, systematic commitment to conducting all operations with integrity, in full conformity with applicable federal and state laws, regulations, and the standards issued by the Centers for Medicare & Medicaid Services (CMS), the Office of Inspector General (OIG)",ACHC_CONTEXT,HIGH,Survey notes reference section 2. Corridor context token overlap (2 token hits). Shared policy-context signal: compliance.
CO-CP-001,Corporate Compliance Program,HH3-4D.01,3-purpose,2. Purpose,"This policy establishes the Corporate Compliance Program (""Program"") for Care Indeed Home Health Care, Inc. The Program is the agency's formal, systematic commitment to conducting all operations with integrity, in full conformity with applicable federal and state laws, regulations, and the standards issued by the Centers for Medicare & Medicaid Services (CMS), the Office of Inspector General (OIG)",ACHC_CONTEXT,HIGH,Survey notes reference section 2. Corridor context token overlap (2 token hits). Shared policy-context signal: compliance.
CO-CP-002,Compliance Officer Designation & Authority,HH2-9A.01,3-purpose,2. Purpose,"This policy defines the qualifications, designation process, authority, independence, reporting structure, and responsibilities of the Compliance Officer of Care Indeed Home Health Care, Inc. The Compliance Officer is the individual designated by the Governing Body who holds primary accountability for the day-to-day operation of the Corporate Compliance Program established under policy CO-CP-001. ",ACHC_CONTEXT,HIGH,Survey notes reference section 2. Corridor context token overlap (3 token hits). Shared policy-context signal: compliance.
CO-CP-003,Compliance Committee Structure & Function,HH2-9A.01,3-purpose,2. Purpose,"This policy establishes the structure, composition, responsibilities, meeting requirements, and documentation standards for the Compliance Committee of Care Indeed Home Health Care, Inc. The Compliance Committee is the multi-disciplinary operational body that supports the Compliance Officer in implementing, monitoring, and evaluating the Corporate Compliance Program (CO-CP-001). The Committee prov",ACHC_CONTEXT,HIGH,Survey notes reference section 2. Shared policy-context signal: compliance.
CO-CP-004,Code of Conduct & Ethics,HH2-7A.01,3-purpose,2. Purpose,"This policy establishes the Code of Conduct and Ethics (""Code"") of Care Indeed Home Health Care, Inc. The Code defines the ethical standards, behavioral expectations, legal obligations, and prohibited conduct applicable to every individual who works for or on behalf of the agency. The Code is a foundational element of the Corporate Compliance Program (CO-CP-001) and reflects the agency's commitmen",ACHC_CONTEXT,HIGH,Survey notes reference section 2.
CO-CP-006,Compliance Hotline & Reporting Mechanisms,HH2-9A.01,3-purpose,2. Purpose,"This policy establishes the multiple accessible mechanisms through which any workforce member, patient, family member, vendor, or business associate may report suspected compliance violations, fraud, waste, or abuse to Care Indeed Home Health Care, Inc. The existence of accessible, well-publicized reporting mechanisms is a required element of the Corporate Compliance Program under OIG guidance. Ef",ACHC_CONTEXT,HIGH,Survey notes reference section 2. Corridor context token overlap (2 token hits). Shared policy-context signal: compliance.
CO-CP-006,Compliance Hotline & Reporting Mechanisms,HH3-4D.01,3-purpose,2. Purpose,"This policy establishes the multiple accessible mechanisms through which any workforce member, patient, family member, vendor, or business associate may report suspected compliance violations, fraud, waste, or abuse to Care Indeed Home Health Care, Inc. The existence of accessible, well-publicized reporting mechanisms is a required element of the Corporate Compliance Program under OIG guidance. Ef",ACHC_CONTEXT,HIGH,Survey notes reference section 2. Corridor context token overlap (2 token hits). Shared policy-context signal: compliance.
CO-CP-007,Compliance Investigation Process,HH2-9A.01,3-purpose,2. Purpose,"This policy establishes the standardized process for initiating, conducting, documenting, and closing compliance investigations at Care Indeed Home Health Care, Inc. A structured, consistent investigation process is essential to ensure that reported concerns are addressed promptly, that evidence is properly preserved and assessed, that confidentiality is maintained, that corrective action is imple",ACHC_CONTEXT,HIGH,Survey notes reference section 2. Shared policy-context signal: compliance.
CO-CP-007,Compliance Investigation Process,HH3-4D.01,3-purpose,2. Purpose,"This policy establishes the standardized process for initiating, conducting, documenting, and closing compliance investigations at Care Indeed Home Health Care, Inc. A structured, consistent investigation process is essential to ensure that reported concerns are addressed promptly, that evidence is properly preserved and assessed, that confidentiality is maintained, that corrective action is imple",ACHC_CONTEXT,HIGH,Survey notes reference section 2. Shared policy-context signal: compliance.
CO-CP-008,Compliance Training & Education,HH2-9A.01,3-purpose,2. Purpose,"This policy mandates initial and ongoing compliance training and education for all workforce members of Care Indeed Home Health Care, Inc. Effective compliance training is a foundational element of the Corporate Compliance Program (CO-CP-001) and is required by OIG Compliance Program Guidance for Home Health Agencies. Training ensures that all workforce members understand their individual complian",ACHC_CONTEXT,HIGH,Survey notes reference section 2. Corridor context token overlap (2 token hits). Shared policy-context signal: compliance.
CO-CP-008,Compliance Training & Education,HH3-4D.01,3-purpose,2. Purpose,"This policy mandates initial and ongoing compliance training and education for all workforce members of Care Indeed Home Health Care, Inc. Effective compliance training is a foundational element of the Corporate Compliance Program (CO-CP-001) and is required by OIG Compliance Program Guidance for Home Health Agencies. Training ensures that all workforce members understand their individual complian",ACHC_CONTEXT,HIGH,Survey notes reference section 2. Corridor context token overlap (2 token hits). Shared policy-context signal: compliance.
CO-DC-001,Assessment Audit Trail and Data Integrity,HH5-1A.01,5-policy-statement,4. Policy Statement,"4.1 All clinical assessment entries and OASIS coding decisions shall be captured in a system-generated, immutable audit trail. 4.2 Every modification to an assessment after initial entry shall be documented with: original value, modified value, modifying user, timestamp, and reason for change. 4.3 No assessment data shall be deleted from the audit trail. Corrections shall follow CO-DC-003 standard",ACHC_CONTEXT,HIGH,Survey notes reference section 4. Shared policy-context signal: compliance.
CO-DC-002,Documentation Audit & Monitoring Program,HH6-4A.07,5-policy-statement,4. Policy Statement,4.1 The agency shall maintain an active documentation audit program as a component of the internal compliance auditing program (CO-RA-002). 4.2 Documentation audits shall use standardized scoring criteria and defined deficiency thresholds. 4.3 Audit results shall be reported to the Compliance Committee and used to target training and corrective action.  ---,ACHC_CONTEXT,HIGH,Survey notes reference section 4. Shared policy-context signal: compliance.
CO-DC-002,Documentation Audit & Monitoring Program,HH6-7A.01,5-policy-statement,4. Policy Statement,4.1 The agency shall maintain an active documentation audit program as a component of the internal compliance auditing program (CO-RA-002). 4.2 Documentation audits shall use standardized scoring criteria and defined deficiency thresholds. 4.3 Audit results shall be reported to the Compliance Committee and used to target training and corrective action.  ---,ACHC_CONTEXT,HIGH,Survey notes reference section 4. Shared policy-context signal: compliance.
CO-DC-003,"Late Entry, Correction & Amendment Standards",HH5-1A.01,5-policy-statement,4. Policy Statement,"4.1 Original documentation shall never be deleted, obliterated, or rendered unreadable. 4.2 Late entries shall be clearly labeled as ""LATE ENTRY"" with the current date/time and the date of the event being documented. 4.3 Corrections shall use single-line strikethrough (for paper) or system correction function (for electronic), with the original entry preserved, the correction clearly marked, the c",ACHC_CONTEXT,HIGH,Survey notes reference section 4.
CO-DC-004,"Clinical, Documentation, and Billing Alignment Audit",HH5-1A.01,5-policy-statement,4. Policy Statement,4.1 The agency shall conduct quarterly triangulation audits comparing: (a) physician orders (services ordered); (b) clinical visit documentation (services documented as delivered); (c) billed claims (services billed to payer). 4.2 All three sources must be aligned. Any mismatch constitutes a deficiency requiring investigation. 4.3 Variance types include: (a) services billed but not documented; (b),ACHC_CONTEXT,HIGH,Survey notes reference section 4. Shared policy-context signal: audit.
CO-DG-101,Data Governance & Minimum Necessary Enforcement,HH2-2A,3-purpose,2. Purpose,"This policy establishes the data governance program for Care Indeed Home Health Care, Inc. governing the lifecycle of protected health information (PHI) and electronic protected health information (ePHI) from creation through destruction. This policy operationalizes the HIPAA minimum necessary standard (45 CFR § 164.502(b)), defines access control validation requirements, mandates data minimizatio",ACHC_CONTEXT,HIGH,Survey notes reference section 2. Corridor context token overlap (4 token hits).
CO-DG-101,Data Governance & Minimum Necessary Enforcement,HH2-5A,3-purpose,2. Purpose,"This policy establishes the data governance program for Care Indeed Home Health Care, Inc. governing the lifecycle of protected health information (PHI) and electronic protected health information (ePHI) from creation through destruction. This policy operationalizes the HIPAA minimum necessary standard (45 CFR § 164.502(b)), defines access control validation requirements, mandates data minimizatio",ACHC_CONTEXT,HIGH,Survey notes reference section 2. Corridor context token overlap (4 token hits).
CO-FA-001,Anti-Kickback & Stark Law Compliance,HH1-4A.01,3-purpose,2. Purpose,"- HH1-4A.01: Compliance Officer and policy governance team execute and monitor documented operational controls, accountable ownership, and auditable evidence maintenance. Work steps are tracked with defined owner accountability, required completion timing, and exception escalation; survey evidence is retained in governance records, role documents, approval logs, and oversight meeting evidence.",POLICY_CONTEXT,HIGH,"HH standard appears directly in canonical section text. [FinalFix: relocated from reference-section ""24-references"" to substantive section ""3-purpose""] Section hardened with explicit HH1-4A.01 operational workflow, accountable owner, evidence retention expectation, and monitoring/escalation language."
CO-FA-002,False Claims Act Awareness & Prevention,HH2-9A.01,3-purpose,2. Purpose,"This policy establishes the agency's education and prevention program for compliance with the Federal False Claims Act (31 U.S.C. §§ 3729–3733), the California False Claims Act (California Government Code §§ 12650–12656), and the 60-day overpayment refund obligation under 42 U.S.C. § 1320a-7k(d). The FCA imposes significant civil and criminal liability for knowingly submitting false or fraudulent ",ACHC_CONTEXT,HIGH,Survey notes reference section 2. Shared policy-context signal: compliance.
CO-FA-002,False Claims Act Awareness & Prevention,HH3-4D.01,3-purpose,2. Purpose,"This policy establishes the agency's education and prevention program for compliance with the Federal False Claims Act (31 U.S.C. §§ 3729–3733), the California False Claims Act (California Government Code §§ 12650–12656), and the 60-day overpayment refund obligation under 42 U.S.C. § 1320a-7k(d). The FCA imposes significant civil and criminal liability for knowingly submitting false or fraudulent ",ACHC_CONTEXT,HIGH,Survey notes reference section 2. Shared policy-context signal: compliance.
CO-FA-003,"Fraud, Waste & Abuse Prevention",HH2-9A.01,3-purpose,2. Purpose,"This policy defines the agency's comprehensive fraud, waste, and abuse (FWA) prevention, detection, and reporting program as required by CMS and OIG for all Medicare-participating providers. FWA prevention is a core element of the Corporate Compliance Program (CO-CP-001) and is essential to protecting patients, the agency, and federal healthcare program integrity.  ---",ACHC_CONTEXT,HIGH,Survey notes reference section 2. Corridor context token overlap (2 token hits). Shared policy-context signal: compliance.
CO-FA-003,"Fraud, Waste & Abuse Prevention",HH3-4D.01,3-purpose,2. Purpose,"This policy defines the agency's comprehensive fraud, waste, and abuse (FWA) prevention, detection, and reporting program as required by CMS and OIG for all Medicare-participating providers. FWA prevention is a core element of the Corporate Compliance Program (CO-CP-001) and is essential to protecting patients, the agency, and federal healthcare program integrity.  ---",ACHC_CONTEXT,HIGH,Survey notes reference section 2. Corridor context token overlap (2 token hits). Shared policy-context signal: compliance.
CO-FW-101,"Fraud, Waste & Abuse Prevention",HH2-9A.01,3-purpose,2. Purpose,"This policy establishes the comprehensive fraud, waste, and abuse (FWA) prevention, detection, investigation, and remediation program for Care Indeed Home Health Care, Inc. This policy ensures compliance with the federal False Claims Act (31 U.S.C. §§ 3729–3733), the Anti-Kickback Statute (42 U.S.C. § 1320a-7b(b)), the Stark Law (42 U.S.C. § 1395nn), the Deficit Reduction Act of 2005 (§ 6032), OIG",ACHC_CONTEXT,HIGH,Survey notes reference section 2. Shared policy-context signal: compliance.
CO-FW-101,"Fraud, Waste & Abuse Prevention",HH3-4D.01,3-purpose,2. Purpose,"This policy establishes the comprehensive fraud, waste, and abuse (FWA) prevention, detection, investigation, and remediation program for Care Indeed Home Health Care, Inc. This policy ensures compliance with the federal False Claims Act (31 U.S.C. §§ 3729–3733), the Anti-Kickback Statute (42 U.S.C. § 1320a-7b(b)), the Stark Law (42 U.S.C. § 1395nn), the Deficit Reduction Act of 2005 (§ 6032), OIG",ACHC_CONTEXT,HIGH,Survey notes reference section 2. Shared policy-context signal: compliance.
CO-HP-001,HIPAA Privacy Program,HH2-2A,3-purpose,2. Purpose,"Establishes the agency's comprehensive HIPAA Privacy Program in compliance with the HIPAA Privacy Rule (45 CFR Parts 160 and 164, Subparts A and E). The Privacy Program ensures the confidentiality of protected health information (PHI) while enabling appropriate use and disclosure for treatment, payment, and healthcare operations.  ---",ACHC_CONTEXT,HIGH,Survey notes reference section 2.
CO-HP-001,HIPAA Privacy Program,HH2-5A,3-purpose,2. Purpose,"Establishes the agency's comprehensive HIPAA Privacy Program in compliance with the HIPAA Privacy Rule (45 CFR Parts 160 and 164, Subparts A and E). The Privacy Program ensures the confidentiality of protected health information (PHI) while enabling appropriate use and disclosure for treatment, payment, and healthcare operations.  ---",ACHC_CONTEXT,HIGH,"HH standard appears directly in canonical section text. [FinalFix: relocated from reference-section ""24-references"" to substantive section ""3-purpose""]"
CO-HP-002,HIPAA Security Program,HH5-1B,3-purpose,2. Purpose,"Establishes administrative, physical, and technical safeguards for electronic protected health information (ePHI) per the HIPAA Security Rule (45 CFR Part 164, Subpart C).  ---",ACHC_CONTEXT,HIGH,Survey notes reference section 2.
CO-HP-003,HIPAA Breach Notification,HH1-1A.01,3-purpose,2. Purpose,"Establishes breach identification, risk assessment, notification, and documentation procedures per the HIPAA Breach Notification Rule (45 CFR §§ 164.400–164.414).  ---",ACHC_CONTEXT,HIGH,Survey notes reference section 2. Corridor context token overlap (3 token hits).
CO-HP-004,Minimum Necessary Standard,HH2-2A,3-purpose,2. Purpose,"Defines the minimum necessary standard for PHI access, use, and disclosure per 45 CFR § 164.502(b) and § 164.514(d). The agency shall make reasonable efforts to limit PHI to the minimum necessary to accomplish the intended purpose.  ---",ACHC_CONTEXT,HIGH,Survey notes reference section 2. Corridor context token overlap (6 token hits).
CO-HP-004,Minimum Necessary Standard,HH2-5A,5-policy-statement,4. Policy Statement,4.1 The agency shall identify workforce members who need access to PHI and the categories/conditions of PHI each role requires. 4.2 For routine and recurring disclosures: standard protocols shall limit PHI to the minimum necessary. 4.3 For non-routine requests: individual review and approval by the Privacy Officer is required. 4.4 The minimum necessary standard does not apply to: (a) disclosures to or requests by a healthcare provider for treatme,ACHC_CONTEXT,HIGH,"HH standard appears directly in canonical section text. [FinalFix: relocated from reference-section ""11-references"" to substantive section ""5-policy-statement""]"
CO-HP-005,Business Associate Agreement Management,HH2-5C.01,3-purpose,2. Purpose,"Mandates BAA execution, content requirements, and monitoring for all entities accessing PHI on the agency's behalf per 45 CFR § 164.502(e) and § 164.504(e).  ---",ACHC_CONTEXT,HIGH,Survey notes reference section 2.
CO-HP-006,Patient Access to Records,HH2-2A,3-purpose,2. Purpose,"Defines procedures for fulfilling patient requests to access, amend, or receive an accounting of disclosures of their health information per 45 CFR §§ 164.524, 164.526, and 164.528.  ---",ACHC_CONTEXT,HIGH,Survey notes reference section 2. Corridor context token overlap (10 token hits). Shared policy-context signal: procedure.
CO-HP-006,Patient Access to Records,HH2-5A,7-procedures,6. Procedures,| Step | Responsible Party | Action | Timeframe | | :---- | :---- | :---- | :---- | | 6.1 | Any staff member | Direct all patient record requests to the Privacy Officer. | Immediately upon receipt. | | 6.2 | Privacy Officer | Log the request in the Patient Records Request Log (Appendix A). | Within 1 business day. | | 6.3 | Privacy Officer | For access requests: provide records in the format requested (if readily producible) within 30 calendar da,ACHC_CONTEXT,HIGH,"HH standard appears directly in canonical section text. [FinalFix: relocated from reference-section ""11-references"" to substantive section ""7-procedures""]"
CO-HP-007,Record Retention & Destruction,HH3-3A.01,5-policy-statement,4. Policy Statement,"4.1 The agency shall retain all clinical, financial, compliance, governance, and personnel records for the minimum retention periods defined in this policy. 4.2 No records shall be destroyed before the applicable retention period expires. 4.3 Records subject to litigation hold, government investigation, or audit shall not be destroyed regardless of retention schedule. 4.4 Destruction of records co",ACHC_CONTEXT,HIGH,Survey notes reference section 4. Corridor context token overlap (2 token hits).
CO-HP-007,Record Retention & Destruction,HH4-1A.01,5-policy-statement,4. Policy Statement,"4.1 The agency shall retain all clinical, financial, compliance, governance, and personnel records for the minimum retention periods defined in this policy. 4.2 No records shall be destroyed before the applicable retention period expires. 4.3 Records subject to litigation hold, government investigation, or audit shall not be destroyed regardless of retention schedule. 4.4 Destruction of records co",ACHC_CONTEXT,HIGH,Survey notes reference section 4. Corridor context token overlap (2 token hits).
CO-HP-007,Record Retention & Destruction,HH4-1A.02,5-policy-statement,4. Policy Statement,"4.1 The agency shall retain all clinical, financial, compliance, governance, and personnel records for the minimum retention periods defined in this policy. 4.2 No records shall be destroyed before the applicable retention period expires. 4.3 Records subject to litigation hold, government investigation, or audit shall not be destroyed regardless of retention schedule. 4.4 Destruction of records co",ACHC_CONTEXT,HIGH,Survey notes reference section 4. Corridor context token overlap (2 token hits).
CO-HP-007,Record Retention & Destruction,HH5-1B,5-policy-statement,4. Policy Statement,"4.1 The agency shall retain all clinical, financial, compliance, governance, and personnel records for the minimum retention periods defined in this policy. 4.2 No records shall be destroyed before the applicable retention period expires. 4.3 Records subject to litigation hold, government investigation, or audit shall not be destroyed regardless of retention schedule. 4.4 Destruction of records co",ACHC_CONTEXT,HIGH,Survey notes reference section 4. Corridor context token overlap (2 token hits).
CO-HP-101,"HIPAA, CMIA & Sensitive Data Privacy Management",HH2-2A,3-purpose,2. Purpose,"This policy establishes the comprehensive privacy management program for Care Indeed Home Health Care, Inc. governing the collection, use, disclosure, retention, and destruction of protected health information (PHI), electronic protected health information (ePHI), and sensitive categories of health data. This policy ensures simultaneous compliance with the HIPAA Privacy Rule (45 CFR Part 160 and P",ACHC_CONTEXT,HIGH,Survey notes reference section 2. Corridor context token overlap (2 token hits).
CO-HP-101,"HIPAA, CMIA & Sensitive Data Privacy Management",HH2-5A,3-purpose,2. Purpose,"This policy establishes the comprehensive privacy management program for Care Indeed Home Health Care, Inc. governing the collection, use, disclosure, retention, and destruction of protected health information (PHI), electronic protected health information (ePHI), and sensitive categories of health data. This policy ensures simultaneous compliance with the HIPAA Privacy Rule (45 CFR Part 160 and Part 164, Subparts A and E), the California Confide",ACHC_CONTEXT,HIGH,"HH standard appears directly in canonical section text. [FinalFix: relocated from reference-section ""24-references"" to substantive section ""3-purpose""]"
CO-IR-101,Security Incident Response & Breach Notification,HH1-1A.01,3-purpose,2. Purpose,"This policy establishes the comprehensive incident response and breach notification program for Care Indeed Home Health Care, Inc. covering the detection, classification, investigation, containment, remediation, breach determination, notification, and documentation of security incidents and breaches involving protected health information (PHI) and personally identifiable information (PII). This po",ACHC_CONTEXT,HIGH,Survey notes reference section 2. Corridor context token overlap (4 token hits).
CO-IR-101,Security Incident Response & Breach Notification,HH5-1B,3-purpose,2. Purpose,"This policy establishes the comprehensive incident response and breach notification program for Care Indeed Home Health Care, Inc. covering the detection, classification, investigation, containment, remediation, breach determination, notification, and documentation of security incidents and breaches involving protected health information (PHI) and personally identifiable information (PII). This po",ACHC_CONTEXT,HIGH,Survey notes reference section 2. Corridor context token overlap (4 token hits).
CO-RA-001,Regulatory Change Monitoring & Implementation,HH1-12A.01,10-policy-and-procedure-update,Policy and Procedure Update,| Step | Responsible Party | Action | Timeframe | | :---- | :---- | :---- | :---- | | 6.3.1 | Compliance Officer / Policy Owner | Initiate revision of all affected policies per the policy development standards in GV-PM-001. | Within 10 business days of impact assessment completion. | | 6.3.2 | Policy Owner | Submit revised policy drafts to the Compliance Officer for review and to the Governing Body (for REQUIRED-tier policies) or Administrator (f,ACHC_CONTEXT,HIGH,"HH standard appears directly in canonical section text. [FinalFix: relocated from reference-section ""24-references"" to substantive section ""10-policy-and-procedure-update""]"
CO-RA-001,Regulatory Change Monitoring & Implementation,HH1-1A.01,10-policy-and-procedure-update,Policy and Procedure Update,| Step | Responsible Party | Action | Timeframe | | :---- | :---- | :---- | :---- | | 6.3.1 | Compliance Officer / Policy Owner | Initiate revision of all affected policies per the policy development standards in GV-PM-001. | Within 10 business days of impact assessment completion. | | 6.3.2 | Policy Owner | Submit revised policy drafts to the Compliance Officer for review and to the Governing Body (for REQUIRED-tier policies) or Administrator (f,ACHC_CONTEXT,HIGH,"Corridor context token overlap (2 token hits). [FinalFix: relocated from policy-header-section ""2-policy-header"" to substantive section ""10-policy-and-procedure-update""]"
CO-RA-001,Regulatory Change Monitoring & Implementation,HH1-1A,10-policy-and-procedure-update,Policy and Procedure Update,| Step | Responsible Party | Action | Timeframe | | :---- | :---- | :---- | :---- | | 6.3.1 | Compliance Officer / Policy Owner | Initiate revision of all affected policies per the policy development standards in GV-PM-001. | Within 10 business days of impact assessment completion. | | 6.3.2 | Policy Owner | Submit revised policy drafts to the Compliance Officer for review and to the Governing Body (for REQUIRED-tier policies) or Administrator (f,ACHC_CONTEXT,HIGH,"Corridor context token overlap (2 token hits). [FinalFix: relocated from policy-header-section ""2-policy-header"" to substantive section ""10-policy-and-procedure-update""]"
CO-RA-001,Regulatory Change Monitoring & Implementation,HH1-1C,10-policy-and-procedure-update,Policy and Procedure Update,| Step | Responsible Party | Action | Timeframe | | :---- | :---- | :---- | :---- | | 6.3.1 | Compliance Officer / Policy Owner | Initiate revision of all affected policies per the policy development standards in GV-PM-001. | Within 10 business days of impact assessment completion. | | 6.3.2 | Policy Owner | Submit revised policy drafts to the Compliance Officer for review and to the Governing Body (for REQUIRED-tier policies) or Administrator (f,ACHC_CONTEXT,HIGH,"Corridor context token overlap (2 token hits). [FinalFix: relocated from policy-header-section ""2-policy-header"" to substantive section ""10-policy-and-procedure-update""]"
CO-RA-001,Regulatory Change Monitoring & Implementation,HH1-5A.01,4-scope,3. Scope,"- HH1-5A.01: Compliance Officer and policy governance team execute and monitor administrator/clinical manager qualification, annual performance accountability, and role authority. Work steps are tracked with defined owner accountability, required completion timing, and exception escalation; survey evidence is retained in governance records, role documents, approval logs, and oversight meeting evidence.",POLICY_CONTEXT,HIGH,"Corridor context token overlap (2 token hits). [FinalFix: relocated from policy-header-section ""2-policy-header"" to substantive section ""4-scope""] Section hardened with explicit HH1-5A.01 operational workflow, accountable owner, evidence retention expectation, and monitoring/escalation language."
CO-RA-001,Regulatory Change Monitoring & Implementation,HH1-5A,4-scope,3. Scope,"- HH1-5A: Compliance Officer and policy governance team execute and monitor administrator/clinical manager qualification, annual performance accountability, and role authority. Work steps are tracked with defined owner accountability, required completion timing, and exception escalation; survey evidence is retained in governance records, role documents, approval logs, and oversight meeting evidence.",POLICY_CONTEXT,HIGH,"Corridor context token overlap (2 token hits). [FinalFix: relocated from policy-header-section ""2-policy-header"" to substantive section ""4-scope""] Section hardened with explicit HH1-5A operational workflow, accountable owner, evidence retention expectation, and monitoring/escalation language."
CO-RA-001,Regulatory Change Monitoring & Implementation,HH1-6B,3-purpose,2. Purpose,"- HH1-6B: Compliance Officer and policy governance team execute and monitor organizational hierarchy, reporting relationships, and delegated authority continuity. Work steps are tracked with defined owner accountability, required completion timing, and exception escalation; survey evidence is retained in governance records, role documents, approval logs, and oversight meeting evidence.",POLICY_CONTEXT,HIGH,"Corridor context token overlap (2 token hits). [FinalFix: relocated from policy-header-section ""2-policy-header"" to substantive section ""3-purpose""] Section hardened with explicit HH1-6B operational workflow, accountable owner, evidence retention expectation, and monitoring/escalation language."
CO-RA-001,Regulatory Change Monitoring & Implementation,HH1-9A.01,3-purpose,2. Purpose,"- HH1-9A.01: Compliance Officer and policy governance team execute and monitor contract/vendor governance controls and documented oversight. Work steps are tracked with defined owner accountability, required completion timing, and exception escalation; survey evidence is retained in governance records, role documents, approval logs, and oversight meeting evidence.",POLICY_CONTEXT,HIGH,"Corridor context token overlap (2 token hits). [FinalFix: relocated from policy-header-section ""2-policy-header"" to substantive section ""3-purpose""] Section hardened with explicit HH1-9A.01 operational workflow, accountable owner, evidence retention expectation, and monitoring/escalation language."
CO-RA-002,Internal Compliance Auditing Program,HH6-4A.07,5-policy-statement,4. Policy Statement,"4.1 Care Indeed Home Health Care, Inc. shall maintain an active internal compliance auditing program with an annual risk-based audit work plan approved by the Compliance Committee. 4.2 All audit findings shall be documented in writing and reported to the Compliance Committee and Governing Body per the escalation standards of this policy. 4.3 All deficiencies identified through auditing shall be ad",ACHC_CONTEXT,HIGH,Survey notes reference section 4. Shared policy-context signal: compliance.
CO-RA-002,Internal Compliance Auditing Program,HH6-7A.01,5-policy-statement,4. Policy Statement,"4.1 Care Indeed Home Health Care, Inc. shall maintain an active internal compliance auditing program with an annual risk-based audit work plan approved by the Compliance Committee. 4.2 All audit findings shall be documented in writing and reported to the Compliance Committee and Governing Body per the escalation standards of this policy. 4.3 All deficiencies identified through auditing shall be ad",ACHC_CONTEXT,HIGH,Survey notes reference section 4. Shared policy-context signal: compliance.
CO-RA-004,Medicare Conditions of Participation Compliance,HH1-12A.01,30-version-control,11. Version Control,"Per EN-LC-001 standards. ### Appendix A — CoP Compliance Matrix Care Indeed Home Health Care, Inc. | Policy Reference: CO-RA-004 | Version: 1.0 Instructions: Maintain continuously. Update within 30 calendar days of any regulatory change. Distribute to all department heads annually. Retain 7 years.  | CoP Citation | Condition / Standard Title | Implementing Agency Policy | Responsible Party | Monitoring Mechanism | Evidence of Compliance | Complia",ACHC_CONTEXT,HIGH,"HH standard appears directly in canonical section text. [FinalFix: relocated from reference-section ""24-references"" to substantive section ""30-version-control""]"
CO-RA-004,Medicare Conditions of Participation Compliance,HH1-1A.01,30-version-control,11. Version Control,"Per EN-LC-001 standards. ### Appendix A — CoP Compliance Matrix Care Indeed Home Health Care, Inc. | Policy Reference: CO-RA-004 | Version: 1.0 Instructions: Maintain continuously. Update within 30 calendar days of any regulatory change. Distribute to all department heads annually. Retain 7 years.  | CoP Citation | Condition / Standard Title | Implementing Agency Policy | Responsible Party | Monitoring Mechanism | Evidence of Compliance | Complia",ACHC_CONTEXT,HIGH,"Corridor context token overlap (2 token hits). Shared policy-context signal: compliance. [FinalFix: relocated from policy-header-section ""2-policy-header"" to substantive section ""30-version-control""]"
CO-RA-004,Medicare Conditions of Participation Compliance,HH1-1A,30-version-control,11. Version Control,"Per EN-LC-001 standards. ### Appendix A — CoP Compliance Matrix Care Indeed Home Health Care, Inc. | Policy Reference: CO-RA-004 | Version: 1.0 Instructions: Maintain continuously. Update within 30 calendar days of any regulatory change. Distribute to all department heads annually. Retain 7 years.  | CoP Citation | Condition / Standard Title | Implementing Agency Policy | Responsible Party | Monitoring Mechanism | Evidence of Compliance | Complia",ACHC_CONTEXT,HIGH,"Corridor context token overlap (2 token hits). Shared policy-context signal: compliance. [FinalFix: relocated from policy-header-section ""2-policy-header"" to substantive section ""30-version-control""]"
CO-RA-004,Medicare Conditions of Participation Compliance,HH1-1C,30-version-control,11. Version Control,"Per EN-LC-001 standards. ### Appendix A — CoP Compliance Matrix Care Indeed Home Health Care, Inc. | Policy Reference: CO-RA-004 | Version: 1.0 Instructions: Maintain continuously. Update within 30 calendar days of any regulatory change. Distribute to all department heads annually. Retain 7 years.  | CoP Citation | Condition / Standard Title | Implementing Agency Policy | Responsible Party | Monitoring Mechanism | Evidence of Compliance | Complia",ACHC_CONTEXT,HIGH,"Corridor context token overlap (2 token hits). Shared policy-context signal: compliance. [FinalFix: relocated from policy-header-section ""2-policy-header"" to substantive section ""30-version-control""]"
CO-RA-004,Medicare Conditions of Participation Compliance,HH1-9A.01,3-purpose,2. Purpose,"- HH1-9A.01: Compliance Officer and policy governance team execute and monitor contract/vendor governance controls and documented oversight. Work steps are tracked with defined owner accountability, required completion timing, and exception escalation; survey evidence is retained in governance records, role documents, approval logs, and oversight meeting evidence.",POLICY_CONTEXT,HIGH,"Corridor context token overlap (2 token hits). Shared policy-context signal: compliance. [FinalFix: relocated from policy-header-section ""2-policy-header"" to substantive section ""3-purpose""] Section hardened with explicit HH1-9A.01 operational workflow, accountable owner, evidence retention expectation, and monitoring/escalation language."
CO-RA-005,State Licensure & Regulatory Compliance,HH1-1A.01,9-state-regulatory-compliance-monitoring,State Regulatory Compliance Monitoring,| Step | Responsible Party | Action | Timeframe | | :---- | :---- | :---- | :---- | | 6.2.1 | Compliance Officer | Monitor California HCAI regulatory updates per CO-RA-001 Appendix A monitoring schedule. | Monthly. | | 6.2.2 | Compliance Officer | Conduct an annual state licensure compliance review verifying: (a) staffing requirements; (b) supervision ratios; (c) reporting obligations; (d) patient,CORRIDOR_CONTEXT,HIGH,Corridor context token overlap (2 token hits). Survey-note to section-title overlap (3). Shared policy-context signal: compliance.
CO-RA-005,State Licensure & Regulatory Compliance,HH1-1A,9-state-regulatory-compliance-monitoring,State Regulatory Compliance Monitoring,| Step | Responsible Party | Action | Timeframe | | :---- | :---- | :---- | :---- | | 6.2.1 | Compliance Officer | Monitor California HCAI regulatory updates per CO-RA-001 Appendix A monitoring schedule. | Monthly. | | 6.2.2 | Compliance Officer | Conduct an annual state licensure compliance review verifying: (a) staffing requirements; (b) supervision ratios; (c) reporting obligations; (d) patient,CORRIDOR_CONTEXT,HIGH,Corridor context token overlap (2 token hits). Survey-note to section-title overlap (3). Shared policy-context signal: compliance.
CO-RA-005,State Licensure & Regulatory Compliance,HH1-1C,9-state-regulatory-compliance-monitoring,State Regulatory Compliance Monitoring,| Step | Responsible Party | Action | Timeframe | | :---- | :---- | :---- | :---- | | 6.2.1 | Compliance Officer | Monitor California HCAI regulatory updates per CO-RA-001 Appendix A monitoring schedule. | Monthly. | | 6.2.2 | Compliance Officer | Conduct an annual state licensure compliance review verifying: (a) staffing requirements; (b) supervision ratios; (c) reporting obligations; (d) patient,CORRIDOR_CONTEXT,HIGH,Corridor context token overlap (2 token hits). Survey-note to section-title overlap (3). Shared policy-context signal: compliance.
CO-RA-006,Accreditation Standards Compliance,HH1-12A.01,5-policy-statement,4. Policy Statement,"4.1 If Care Indeed Home Health Care, Inc. holds or pursues accreditation from an approved accrediting organization (e.g., ACHC, CHAP, Joint Commission), the agency shall maintain continuous compliance with all applicable accreditation standards. 4.2 The Compliance Officer shall maintain an Accreditation Standards Compliance Matrix mapping accreditation requirements to agency policies and monitoring mechanisms. 4.3 The agency shall prepare for acc",ACHC_CONTEXT,HIGH,"HH standard appears directly in canonical section text. [FinalFix: relocated from reference-section ""24-references"" to substantive section ""5-policy-statement""]"
CO-RA-006,Accreditation Standards Compliance,HH1-1A.01,5-policy-statement,4. Policy Statement,"- HH1-1A.01: Compliance Officer and policy governance team execute and monitor governance accountability, licensing oversight, and operational control execution. Work steps are tracked with defined owner accountability, required completion timing, and exception escalation; survey evidence is retained in governance records, role documents, approval logs, and oversight meeting evidence.",POLICY_CONTEXT,HIGH,"Corridor context token overlap (2 token hits). Shared policy-context signal: compliance. [FinalFix: relocated from policy-header-section ""2-policy-header"" to substantive section ""5-policy-statement""] Section hardened with explicit HH1-1A.01 operational workflow, accountable owner, evidence retention expectation, and monitoring/escalation language."
CO-RA-006,Accreditation Standards Compliance,HH1-1A,5-policy-statement,4. Policy Statement,"- HH1-1A: Compliance Officer and policy governance team execute and monitor governance accountability, licensing oversight, and operational control execution. Work steps are tracked with defined owner accountability, required completion timing, and exception escalation; survey evidence is retained in governance records, role documents, approval logs, and oversight meeting evidence.",POLICY_CONTEXT,HIGH,"Corridor context token overlap (2 token hits). Shared policy-context signal: compliance. [FinalFix: relocated from policy-header-section ""2-policy-header"" to substantive section ""5-policy-statement""] Section hardened with explicit HH1-1A operational workflow, accountable owner, evidence retention expectation, and monitoring/escalation language."
CO-RA-006,Accreditation Standards Compliance,HH1-1C,5-policy-statement,4. Policy Statement,"- HH1-1C: Compliance Officer and policy governance team execute and monitor governance accountability, licensing oversight, and operational control execution. Work steps are tracked with defined owner accountability, required completion timing, and exception escalation; survey evidence is retained in governance records, role documents, approval logs, and oversight meeting evidence.",POLICY_CONTEXT,HIGH,"Corridor context token overlap (2 token hits). Shared policy-context signal: compliance. [FinalFix: relocated from policy-header-section ""2-policy-header"" to substantive section ""5-policy-statement""] Section hardened with explicit HH1-1C operational workflow, accountable owner, evidence retention expectation, and monitoring/escalation language."
CO-RA-006,Accreditation Standards Compliance,HH1-9A.01,3-purpose,2. Purpose,"- HH1-9A.01: Compliance Officer and policy governance team execute and monitor contract/vendor governance controls and documented oversight. Work steps are tracked with defined owner accountability, required completion timing, and exception escalation; survey evidence is retained in governance records, role documents, approval logs, and oversight meeting evidence.",POLICY_CONTEXT,HIGH,"Corridor context token overlap (2 token hits). Shared policy-context signal: compliance. [FinalFix: relocated from policy-header-section ""2-policy-header"" to substantive section ""3-purpose""] Section hardened with explicit HH1-9A.01 operational workflow, accountable owner, evidence retention expectation, and monitoring/escalation language."
CO-RA-007,Sanctions & Enforcement Response,HH1-1A.01,4-scope,3. Scope,"Applies to the Governing Body, Administrator, Compliance Officer, Director of Nursing, legal counsel, and all personnel involved in responding to enforcement actions.  ---",ACHC_CONTEXT,HIGH,"Corridor context token overlap (2 token hits). Shared policy-context signal: compliance. [FinalFix: relocated from policy-header-section ""2-policy-header"" to substantive section ""4-scope""]"
CO-RA-007,Sanctions & Enforcement Response,HH1-1A,4-scope,3. Scope,"Applies to the Governing Body, Administrator, Compliance Officer, Director of Nursing, legal counsel, and all personnel involved in responding to enforcement actions.  ---",ACHC_CONTEXT,HIGH,"Corridor context token overlap (2 token hits). Shared policy-context signal: compliance. [FinalFix: relocated from policy-header-section ""2-policy-header"" to substantive section ""4-scope""]"
CO-RA-007,Sanctions & Enforcement Response,HH1-1C,4-scope,3. Scope,"Applies to the Governing Body, Administrator, Compliance Officer, Director of Nursing, legal counsel, and all personnel involved in responding to enforcement actions.  ---",ACHC_CONTEXT,HIGH,"Corridor context token overlap (2 token hits). Shared policy-context signal: compliance. [FinalFix: relocated from policy-header-section ""2-policy-header"" to substantive section ""4-scope""]"
EN-LC-001,Policy Lifecycle Control & Version Management,HH1-1A.01,9-policy-approval,Policy Approval,"| Step | Responsible Party | Action | Timeframe | | :---- | :---- | :---- | :---- | | 6.2.1 | Compliance Officer | Route the reviewed draft to the appropriate approval authority per GV-PM-001: (a) REQUIRED-tier policies: Administrator approval; Governing Body notification for policies affecting patient rights, clinical standards, or compliance program; (b) ESSENTIAL-tier: Administrator approval; (c) RECOMMENDED/GOOD TO HAVE: Domain Steward approv",ACHC_CONTEXT,HIGH,"HH standard appears directly in canonical section text. [FinalFix: relocated from reference-section ""24-references"" to substantive section ""9-policy-approval""]"
EN-LC-001,Policy Lifecycle Control & Version Management,HH2-2A,3-purpose,2. Purpose,"- HH2-2A: Executive leadership and enterprise governance owners execute and monitor advance directive communication, documentation, and non-discrimination process. Work steps are tracked with defined owner accountability, required completion timing, and exception escalation; survey evidence is retained in patient/staff communications, acknowledgments, complaint/compliance logs, and documented follow-up.",POLICY_CONTEXT,HIGH,"Corridor context token overlap (2 token hits). Section hardened with explicit HH2-2A operational workflow, accountable owner, evidence retention expectation, and monitoring/escalation language."
EN-LC-001,Policy Lifecycle Control & Version Management,HH2-5A,3-purpose,2. Purpose,"- HH2-5A: Executive leadership and enterprise governance owners execute and monitor HIPAA privacy safeguards, minimum necessary handling, and access control. Work steps are tracked with defined owner accountability, required completion timing, and exception escalation; survey evidence is retained in patient/staff communications, acknowledgments, complaint/compliance logs, and documented follow-up.",POLICY_CONTEXT,HIGH,"Corridor context token overlap (2 token hits). Section hardened with explicit HH2-5A operational workflow, accountable owner, evidence retention expectation, and monitoring/escalation language."
FN-BC-001,Medicare Billing & Claims Submission,HH2-2A,3-purpose,2. Purpose,"- HH2-2A: Finance leadership and revenue-cycle controls execute and monitor advance directive communication, documentation, and non-discrimination process. Work steps are tracked with defined owner accountability, required completion timing, and exception escalation; survey evidence is retained in patient/staff communications, acknowledgments, complaint/compliance logs, and documented follow-up.",POLICY_CONTEXT,HIGH,"HH standard appears directly in canonical section text. [FinalFix: relocated from reference-section ""24-references"" to substantive section ""3-purpose""] Section hardened with explicit HH2-2A operational workflow, accountable owner, evidence retention expectation, and monitoring/escalation language."
FN-BC-003,Patient Billing & Financial Responsibility,HH2-2A,3-purpose,2. Purpose,"This policy establishes comprehensive standards for patient billing, financial responsibility notification, Advance Beneficiary Notice of Noncoverage (ABN) issuance, billing statement management, and collection of patient financial obligations at Care Indeed Home Health Care, Inc. Under 42 CFR § 484.50(a)(3), patients must be informed of expected payment sources and any charges for which the patient may be responsible. Patients have a fundamental",ACHC_CONTEXT,HIGH,"HH standard appears directly in canonical section text. [FinalFix: relocated from reference-section ""24-references"" to substantive section ""3-purpose""]"
GV-EA-001,Interagency Agreements & Contracts,HH1-10A,4-scope,3. Scope,"This policy applies to: All contracts for services provided to or on behalf of Care Indeed Home Health Care, Inc. by third parties, including but not limited to: clinical staffing agencies, therapy contractors, DME suppliers, billing companies, laboratory services, social work contractors, and IT vendors All interagency service agreements with hospitals, skilled nursing facilities, physician practices, and community organizations All Business Ass",ACHC_CONTEXT,HIGH,"HH standard appears directly in canonical section text. [FinalFix: relocated from reference-section ""24-references"" to substantive section ""4-scope""]"
GV-GB-001,Governing Body Authority & Responsibilities,HH1-1A,12-6-2-3-policy-and-compliance-oversight,6.2.3 — Policy and Compliance Oversight,ible Party | Action | Timeframe | | :---- | :---- | :---- | :---- | | 6.2.3.1 | Governing Body | Approve all REQUIRED-tier policies prior to implementation and ensure a defined policy review cycle exi,CORRIDOR_CONTEXT,HIGH,Corridor context token overlap (2 token hits). Survey-note to section-title overlap (2).
GV-GB-001,Governing Body Authority & Responsibilities,HH1-2A,12-6-2-3-policy-and-compliance-oversight,6.2.3 — Policy and Compliance Oversight,ible Party | Action | Timeframe | | :---- | :---- | :---- | :---- | | 6.2.3.1 | Governing Body | Approve all REQUIRED-tier policies prior to implementation and ensure a defined policy review cycle exi,CORRIDOR_CONTEXT,HIGH,Corridor context token overlap (2 token hits). Survey-note to section-title overlap (2).
GV-GB-001,Governing Body Authority & Responsibilities,HH1-5A.01,12-6-2-3-policy-and-compliance-oversight,6.2.3 — Policy and Compliance Oversight,ible Party | Action | Timeframe | | :---- | :---- | :---- | :---- | | 6.2.3.1 | Governing Body | Approve all REQUIRED-tier policies prior to implementation and ensure a defined policy review cycle exi,CORRIDOR_CONTEXT,HIGH,Corridor context token overlap (2 token hits). Survey-note to section-title overlap (2).
GV-GB-003,Conflict of Interest Disclosure,HH1-4A.01,5-policy-statement,4. Policy Statement,"- HH1-4A.01: Governing Body and Administrator execute and monitor documented operational controls, accountable ownership, and auditable evidence maintenance. Work steps are tracked with defined owner accountability, required completion timing, and exception escalation; survey evidence is retained in governance records, role documents, approval logs, and oversight meeting evidence.",POLICY_CONTEXT,HIGH,"Corridor context token overlap (2 token hits). Shared policy-context signal: scope. Section hardened with explicit HH1-4A.01 operational workflow, accountable owner, evidence retention expectation, and monitoring/escalation language."
GV-OG-001,Organizational Structure & Reporting,HH1-1A,16-common-failure-points,Common Failure Points,| Failure Point | Risk | Mitigation | | :---- | :---- | :---- | | No organizational chart exists or the chart is outdated. | Surveyor will cite as a deficiency under 42 CFR § 484.105 (organization and administration). | Maintain a current chart; update within 14 calendar days of any change; review annually with Governing Body. | | Organizational chart does not show Governing Body at the top of the hierarchy. | Surveyor may cite failure to demonst,ACHC_CONTEXT,HIGH,"Corridor context token overlap (3 token hits). [FinalFix: relocated from reference-section ""24-references"" to substantive section ""16-common-failure-points""]"
GV-OG-002,Administrator Qualifications & Responsibilities,HH1-5A.01,9-appointment-of-the-administrator,Appointment of the Administrator,| Step | Responsible Party | Action | Timeframe | | :---- | :---- | :---- | :---- | | 6.2.1 | Governing Body | Formally appoint the Administrator through a documented action recorded in Governing Body meeting minutes per GV-GB-002. The appointment documentation must include: (a) the individual's name; (b) effective date of appointment; (c) qualifications verified; (d) scope of delegated authority ,CORRIDOR_CONTEXT,HIGH,Corridor context token overlap (2 token hits). Survey-note to section-title overlap (2).
GV-OG-002,Administrator Qualifications & Responsibilities,HH1-5A,9-appointment-of-the-administrator,Appointment of the Administrator,| Step | Responsible Party | Action | Timeframe | | :---- | :---- | :---- | :---- | | 6.2.1 | Governing Body | Formally appoint the Administrator through a documented action recorded in Governing Body meeting minutes per GV-GB-002. The appointment documentation must include: (a) the individual's name; (b) effective date of appointment; (c) qualifications verified; (d) scope of delegated authority ,CORRIDOR_CONTEXT,HIGH,Corridor context token overlap (2 token hits). Survey-note to section-title overlap (2).
GV-OG-002,Administrator Qualifications & Responsibilities,HH1-6B,9-appointment-of-the-administrator,Appointment of the Administrator,| Step | Responsible Party | Action | Timeframe | | :---- | :---- | :---- | :---- | | 6.2.1 | Governing Body | Formally appoint the Administrator through a documented action recorded in Governing Body meeting minutes per GV-GB-002. The appointment documentation must include: (a) the individual's name; (b) effective date of appointment; (c) qualifications verified; (d) scope of delegated authority ,CORRIDOR_CONTEXT,HIGH,Corridor context token overlap (2 token hits). Survey-note to section-title overlap (2).
GV-OG-004,Strategic Planning & Annual Goals,HH1-6A,3-purpose,2. Purpose,"This policy requires the Governing Body and the Administrator of Care Indeed Home Health Care, Inc. to establish, document, and review annual strategic goals and operational objectives that guide the direction of the agency. Strategic planning ensures the agency operates with purpose and direction, aligns resources with priorities, and proactively addresses opportunities and threats in the regulatory, clinical, financial, and operational environm",ACHC_CONTEXT,HIGH,"HH standard appears directly in canonical section text. [FinalFix: relocated from reference-section ""24-references"" to substantive section ""3-purpose""]"
GV-OG-004,Strategic Planning & Annual Goals,HH1-6B,3-purpose,2. Purpose,"This policy requires the Governing Body and the Administrator of Care Indeed Home Health Care, Inc. to establish, document, and review annual strategic goals and operational objectives that guide the direction of the agency. Strategic planning ensures the agency operates with purpose and direction, aligns resources with priorities, and proactively addresses opportunities and threats in the regulatory, clinical, financial, and operational environm",ACHC_CONTEXT,HIGH,"HH standard appears directly in canonical section text. [FinalFix: relocated from reference-section ""24-references"" to substantive section ""3-purpose""]"
GV-PM-001,Policy Development & Approval Process,HH1-1A.01,3-purpose,2. Purpose,"This policy establishes the standardized process for developing, reviewing, approving, and disseminating agency policies at Care Indeed Home Health Care, Inc. A consistent, documented policy development process ensures that all agency policies are evidence-based, regulatory-compliant, operationally sound, and approved by the appropriate authority before implementation. CMS Conditions of Participation require that the governing body ensures the de",ACHC_CONTEXT,HIGH,"HH standard appears directly in canonical section text. [FinalFix: relocated from reference-section ""24-references"" to substantive section ""3-purpose""]"
HR-EH-101,"Employee Health, Exposure & Occupational Clearance",HH1-1A.01,7-procedures,6. Procedures,"| Step | Responsible Party | Action | Timeframe | | :---- | :---- | :---- | :---- | | 1 | HR Director / Infection Control Coordinator | Review policy requirements and confirm role-based responsibilities for HR-EH-101. | Prior to implementation and at annual review. | | 2 | Assigned Staff | Execute employee health, exposure & occupational clearance activities using approved tools, forms, and docume",ACHC_CONTEXT,HIGH,Survey notes reference section 6.
HR-EH-101,"Employee Health, Exposure & Occupational Clearance",HH7-1A,7-procedures,6. Procedures,"| Step | Responsible Party | Action | Timeframe | | :---- | :---- | :---- | :---- | | 1 | HR Director / Infection Control Coordinator | Review policy requirements and confirm role-based responsibilities for HR-EH-101. | Prior to implementation and at annual review. | | 2 | Assigned Staff | Execute employee health, exposure & occupational clearance activities using approved tools, forms, and docume",ACHC_CONTEXT,HIGH,Survey notes reference section 6.
HR-EH-101,"Employee Health, Exposure & Occupational Clearance",HH7-7A.01,7-procedures,6. Procedures,"| Step | Responsible Party | Action | Timeframe | | :---- | :---- | :---- | :---- | | 1 | HR Director / Infection Control Coordinator | Review policy requirements and confirm role-based responsibilities for HR-EH-101. | Prior to implementation and at annual review. | | 2 | Assigned Staff | Execute employee health, exposure & occupational clearance activities using approved tools, forms, and docume",ACHC_CONTEXT,HIGH,Survey notes reference section 6.
HR-ER-009,Mandatory Abuse Reporting by Staff,HH2-3A.01,5-who-must-report,4. Who Must Report,"- HH2-3A.01: HR Director and supervisory chain execute and monitor documented operational controls, accountable ownership, and auditable evidence maintenance. Work steps are tracked with defined owner accountability, required completion timing, and exception escalation; survey evidence is retained in patient/staff communications, acknowledgments, complaint/compliance logs, and documented follow-up.",POLICY_CONTEXT,HIGH,"Section defines the mandatory reporter identification and triggering obligation — directly supporting HH2-3A.01 (abuse/neglect identification and mandatory reporting duty). WIC §15600 and EADACPA cited in Purpose. Section hardened with explicit HH2-3A.01 operational workflow, accountable owner, evidence retention expectation, and monitoring/escalation language."
HR-ER-009,Mandatory Abuse Reporting by Staff,HH2-3A.02,7-reporting-procedures,6. Reporting Procedures,"- HH2-3A.02: HR Director and supervisory chain execute and monitor documented operational controls, accountable ownership, and auditable evidence maintenance. Work steps are tracked with defined owner accountability, required completion timing, and exception escalation; survey evidence is retained in patient/staff communications, acknowledgments, complaint/compliance logs, and documented follow-up.",POLICY_CONTEXT,HIGH,"Section defines the reporting procedure steps (who reports, when, how) — directly supporting HH2-3A.02 (timely reporting to APS/law enforcement). Corridor row 2-037: Assessment of Possible Abuse/Neglect. Section hardened with explicit HH2-3A.02 operational workflow, accountable owner, evidence retention expectation, and monitoring/escalation language."
HR-ER-009,Mandatory Abuse Reporting by Staff,HH2-3A.03,29-training,8. Training,"- HH2-3A.03: HR Director and supervisory chain execute and monitor documented operational controls, accountable ownership, and auditable evidence maintenance. Work steps are tracked with defined owner accountability, required completion timing, and exception escalation; survey evidence is retained in patient/staff communications, acknowledgments, complaint/compliance logs, and documented follow-up.",POLICY_CONTEXT,HIGH,"Section explicitly requires annual mandatory abuse recognition and reporting training — directly supporting HH2-3A.03 (mandatory reporter training requirements). References HR-TD-001 for training cadence. Section hardened with explicit HH2-3A.03 operational workflow, accountable owner, evidence retention expectation, and monitoring/escalation language."
HR-JD-000,Governing Body Structure & Responsibilities,HH1-1A,30-procedures,5. Procedures,"- HH1-1A: HR Director and supervisory chain execute and monitor governance accountability, licensing oversight, and operational control execution. Work steps are tracked with defined owner accountability, required completion timing, and exception escalation; survey evidence is retained in governance records, role documents, approval logs, and oversight meeting evidence.",POLICY_CONTEXT,HIGH,"Corridor context token overlap (2 token hits). Shared policy-context signal: compliance. Section hardened with explicit HH1-1A operational workflow, accountable owner, evidence retention expectation, and monitoring/escalation language."
HR-JD-000,Governing Body Structure & Responsibilities,HH1-1B,30-procedures,5. Procedures,"- HH1-1B: HR Director and supervisory chain execute and monitor governance accountability, licensing oversight, and operational control execution. Work steps are tracked with defined owner accountability, required completion timing, and exception escalation; survey evidence is retained in governance records, role documents, approval logs, and oversight meeting evidence.",POLICY_CONTEXT,HIGH,"Corridor context token overlap (2 token hits). Shared policy-context signal: compliance. Section hardened with explicit HH1-1B operational workflow, accountable owner, evidence retention expectation, and monitoring/escalation language."
HR-JD-000,Governing Body Structure & Responsibilities,HH1-2A.03,30-procedures,5. Procedures,"- HH1-2A.03: HR Director and supervisory chain execute and monitor governing body role clarity and documented orientation/confidentiality obligations. Work steps are tracked with defined owner accountability, required completion timing, and exception escalation; survey evidence is retained in governance records, role documents, approval logs, and oversight meeting evidence.",POLICY_CONTEXT,HIGH,"Corridor context token overlap (2 token hits). Shared policy-context signal: compliance. Section hardened with explicit HH1-2A.03 operational workflow, accountable owner, evidence retention expectation, and monitoring/escalation language."
HR-JD-000,Governing Body Structure & Responsibilities,HH1-2A,30-procedures,5. Procedures,"- HH1-2A: HR Director and supervisory chain execute and monitor governing body role clarity and documented orientation/confidentiality obligations. Work steps are tracked with defined owner accountability, required completion timing, and exception escalation; survey evidence is retained in governance records, role documents, approval logs, and oversight meeting evidence.",POLICY_CONTEXT,HIGH,"Corridor context token overlap (2 token hits). Shared policy-context signal: compliance. Section hardened with explicit HH1-2A operational workflow, accountable owner, evidence retention expectation, and monitoring/escalation language."
HR-JD-000,Governing Body Structure & Responsibilities,HH1-5A.01,30-procedures,5. Procedures,"- HH1-5A.01: HR Director and supervisory chain execute and monitor administrator/clinical manager qualification, annual performance accountability, and role authority. Work steps are tracked with defined owner accountability, required completion timing, and exception escalation; survey evidence is retained in governance records, role documents, approval logs, and oversight meeting evidence.",POLICY_CONTEXT,HIGH,"Corridor context token overlap (2 token hits). Shared policy-context signal: compliance. Section hardened with explicit HH1-5A.01 operational workflow, accountable owner, evidence retention expectation, and monitoring/escalation language."
HR-JD-001,Administrator,HH1-5A.01,4-minimum-qualifications,3. Minimum Qualifications,"- HH1-5A.01: HR Director and supervisory chain execute and monitor administrator/clinical manager qualification, annual performance accountability, and role authority. Work steps are tracked with defined owner accountability, required completion timing, and exception escalation; survey evidence is retained in governance records, role documents, approval logs, and oversight meeting evidence.",POLICY_CONTEXT,HIGH,"Corridor context token overlap (3 token hits). [FinalFix: relocated from policy-header-section ""2-policy-header"" to substantive section ""4-minimum-qualifications""] Section hardened with explicit HH1-5A.01 operational workflow, accountable owner, evidence retention expectation, and monitoring/escalation language."
HR-JD-001,Administrator,HH1-5A,4-minimum-qualifications,3. Minimum Qualifications,"| Requirement | Specification | | :---- | :---- | | Education | Bachelor's degree in healthcare administration, nursing, business, public health, or related field required. Master's degree preferred. | | Experience | Minimum 2 years of supervisory or management experience in a Medicare-certified home health agency or comparable healthcare setting. | | Licensure | California Home Health Agency Administrator designation or RN license preferred. No ",ACHC_CONTEXT,HIGH,"HH standard appears directly in canonical section text. [FinalFix: relocated from reference-section ""24-regulatory-references"" to substantive section ""4-minimum-qualifications""]"
HR-JD-001,Administrator,HH1-6B,5-essential-job-functions,4. Essential Job Functions,"- HH1-6B: HR Director and supervisory chain execute and monitor organizational hierarchy, reporting relationships, and delegated authority continuity. Work steps are tracked with defined owner accountability, required completion timing, and exception escalation; survey evidence is retained in governance records, role documents, approval logs, and oversight meeting evidence.",POLICY_CONTEXT,HIGH,"Corridor context token overlap (3 token hits). [FinalFix: relocated from policy-header-section ""2-policy-header"" to substantive section ""5-essential-job-functions""] Section hardened with explicit HH1-6B operational workflow, accountable owner, evidence retention expectation, and monitoring/escalation language."
HR-JD-003,Director of Nursing / Clinical Manager,HH1-5A.01,4-minimum-qualifications,3. Minimum Qualifications,"- HH1-5A.01: HR Director and supervisory chain execute and monitor administrator/clinical manager qualification, annual performance accountability, and role authority. Work steps are tracked with defined owner accountability, required completion timing, and exception escalation; survey evidence is retained in governance records, role documents, approval logs, and oversight meeting evidence.",POLICY_CONTEXT,HIGH,"Section specifies DON minimum qualifications (education, experience, licensure) per 42 CFR §484.115(b) — supporting HH1-5A.01 (administrator qualification standards are defined and documented). Corridor row 1-006. Section hardened with explicit HH1-5A.01 operational workflow, accountable owner, evidence retention expectation, and monitoring/escalation language."
HR-JD-003,Director of Nursing / Clinical Manager,HH1-5A,4-minimum-qualifications,3. Minimum Qualifications,"- HH1-5A: HR Director and supervisory chain execute and monitor administrator/clinical manager qualification, annual performance accountability, and role authority. Work steps are tracked with defined owner accountability, required completion timing, and exception escalation; survey evidence is retained in governance records, role documents, approval logs, and oversight meeting evidence.",POLICY_CONTEXT,HIGH,"Section defines DON qualification standards per 42 CFR §484.115(b) — directly supporting HH1-5A (agency has a qualified administrator/clinical manager). Corridor row 1-006: Administrative Qualifications. Section hardened with explicit HH1-5A operational workflow, accountable owner, evidence retention expectation, and monitoring/escalation language."
HR-JD-003,Director of Nursing / Clinical Manager,HH1-6A,5-essential-job-functions,4. Essential Job Functions,"- HH1-6A: HR Director and supervisory chain execute and monitor organizational hierarchy, reporting relationships, and delegated authority continuity. Work steps are tracked with defined owner accountability, required completion timing, and exception escalation; survey evidence is retained in governance records, role documents, approval logs, and oversight meeting evidence.",POLICY_CONTEXT,HIGH,"Section defines DON supervisory scope over all clinical disciplines — supporting HH1-6A (organizational structure and reporting relationships are defined). DON direct reports documented per HR-JD-000 org chart. Corridor row 1-015. Section hardened with explicit HH1-6A operational workflow, accountable owner, evidence retention expectation, and monitoring/escalation language."
HR-JD-003,Director of Nursing / Clinical Manager,HH1-6B,5-essential-job-functions,4. Essential Job Functions,"- HH1-6B: HR Director and supervisory chain execute and monitor organizational hierarchy, reporting relationships, and delegated authority continuity. Work steps are tracked with defined owner accountability, required completion timing, and exception escalation; survey evidence is retained in governance records, role documents, approval logs, and oversight meeting evidence.",POLICY_CONTEXT,HIGH,"Section defines DON lines of authority upward (reports to Administrator/Governing Body) and downward (over all clinical staff) — directly supporting HH1-6B (lines of authority are defined). Corridor row 1-015: Use of Organizational Chart. Section hardened with explicit HH1-6B operational workflow, accountable owner, evidence retention expectation, and monitoring/escalation language."
HR-JD-004,Clinical Designee,HH1-5A.01,4-minimum-qualifications,3. Minimum Qualifications,"- HH1-5A.01: HR Director and supervisory chain execute and monitor administrator/clinical manager qualification, annual performance accountability, and role authority. Work steps are tracked with defined owner accountability, required completion timing, and exception escalation; survey evidence is retained in governance records, role documents, approval logs, and oversight meeting evidence.",POLICY_CONTEXT,HIGH,"Corridor context token overlap (2 token hits). Shared policy-context signal: scope. Section hardened with explicit HH1-5A.01 operational workflow, accountable owner, evidence retention expectation, and monitoring/escalation language."
HR-JD-004,Clinical Designee,HH1-5A,4-minimum-qualifications,3. Minimum Qualifications,"- HH1-5A: HR Director and supervisory chain execute and monitor administrator/clinical manager qualification, annual performance accountability, and role authority. Work steps are tracked with defined owner accountability, required completion timing, and exception escalation; survey evidence is retained in governance records, role documents, approval logs, and oversight meeting evidence.",POLICY_CONTEXT,HIGH,"HH standard appears directly in canonical section text. [FinalFix: relocated from reference-section ""24-cross-referenced-policies"" to substantive section ""4-minimum-qualifications""] Section hardened with explicit HH1-5A operational workflow, accountable owner, evidence retention expectation, and monitoring/escalation language."
HR-JD-005,Registered Nurse (RN),HH1-1A.01,6-documentation-requirements,6. Documentation Requirements,"- HH1-1A.01: HR Director and supervisory chain execute and monitor governance accountability, licensing oversight, and operational control execution. Work steps are tracked with defined owner accountability, required completion timing, and exception escalation; survey evidence is retained in governance records, role documents, approval logs, and oversight meeting evidence.",POLICY_CONTEXT,HIGH,"Shared policy-context signal: scope. [Pass 3: relocated to higher-scoring section (score 3)] Section hardened with explicit HH1-1A.01 operational workflow, accountable owner, evidence retention expectation, and monitoring/escalation language."
HR-JD-005,Registered Nurse (RN),HH2-12A.01,3-scope,3. Scope,"- HH2-12A.01: HR Director and supervisory chain execute and monitor patient abuse prevention safeguards and rights-protective behavior standards. Work steps are tracked with defined owner accountability, required completion timing, and exception escalation; survey evidence is retained in patient/staff communications, acknowledgments, complaint/compliance logs, and documented follow-up.",POLICY_CONTEXT,HIGH,"Shared policy-context signal: scope. Section hardened with explicit HH2-12A.01 operational workflow, accountable owner, evidence retention expectation, and monitoring/escalation language."
HR-JD-005,Registered Nurse (RN),HH2-1A.01,3-scope,3. Scope,"- HH2-1A.01: HR Director and supervisory chain execute and monitor patient rights communication, informed participation, and respectful care obligations. Work steps are tracked with defined owner accountability, required completion timing, and exception escalation; survey evidence is retained in patient/staff communications, acknowledgments, complaint/compliance logs, and documented follow-up.",POLICY_CONTEXT,HIGH,"Shared policy-context signal: scope. Section hardened with explicit HH2-1A.01 operational workflow, accountable owner, evidence retention expectation, and monitoring/escalation language."
HR-JD-005,Registered Nurse (RN),HH5-11A,2-purpose,2. Purpose,"- HH5-11A: HR Director and supervisory chain execute and monitor clinical documentation completeness, supervision, and record integrity. Work steps are tracked with defined owner accountability, required completion timing, and exception escalation; survey evidence is retained in clinical documentation artifacts, workflow timestamps, supervisory review evidence, and audit outcomes.",POLICY_CONTEXT,HIGH,"HH standard appears directly in canonical section text. [FinalFix: relocated from reference-section ""8-references"" to substantive section ""2-purpose""] Section hardened with explicit HH5-11A operational workflow, accountable owner, evidence retention expectation, and monitoring/escalation language."
HR-JD-005,Registered Nurse (RN),HH5-11F,3-scope,3. Scope,"- HH5-11F: HR Director and supervisory chain execute and monitor clinical documentation completeness, supervision, and record integrity. Work steps are tracked with defined owner accountability, required completion timing, and exception escalation; survey evidence is retained in clinical documentation artifacts, workflow timestamps, supervisory review evidence, and audit outcomes.",POLICY_CONTEXT,HIGH,"Shared policy-context signal: scope. Section hardened with explicit HH5-11F operational workflow, accountable owner, evidence retention expectation, and monitoring/escalation language."
HR-JD-006,Licensed Vocational Nurse (LVN),HH2-1A.01,3-scope,3. Scope,"- HH2-1A.01: HR Director and supervisory chain execute and monitor patient rights communication, informed participation, and respectful care obligations. Work steps are tracked with defined owner accountability, required completion timing, and exception escalation; survey evidence is retained in patient/staff communications, acknowledgments, complaint/compliance logs, and documented follow-up.",POLICY_CONTEXT,HIGH,"Shared policy-context signal: scope. Section hardened with explicit HH2-1A.01 operational workflow, accountable owner, evidence retention expectation, and monitoring/escalation language."
HR-JD-006,Licensed Vocational Nurse (LVN),HH5-11A,2-purpose,2. Purpose,"- HH5-11A: HR Director and supervisory chain execute and monitor clinical documentation completeness, supervision, and record integrity. Work steps are tracked with defined owner accountability, required completion timing, and exception escalation; survey evidence is retained in clinical documentation artifacts, workflow timestamps, supervisory review evidence, and audit outcomes.",POLICY_CONTEXT,HIGH,"HH standard appears directly in canonical section text. [FinalFix: relocated from reference-section ""8-references"" to substantive section ""2-purpose""] Section hardened with explicit HH5-11A operational workflow, accountable owner, evidence retention expectation, and monitoring/escalation language."
HR-JD-006,Licensed Vocational Nurse (LVN),HH5-11F,3-scope,3. Scope,"- HH5-11F: HR Director and supervisory chain execute and monitor clinical documentation completeness, supervision, and record integrity. Work steps are tracked with defined owner accountability, required completion timing, and exception escalation; survey evidence is retained in clinical documentation artifacts, workflow timestamps, supervisory review evidence, and audit outcomes.",POLICY_CONTEXT,HIGH,"Shared policy-context signal: scope. Section hardened with explicit HH5-11F operational workflow, accountable owner, evidence retention expectation, and monitoring/escalation language."
HR-JD-007,Home Health Aide (HHA),HH5-11F,5-essential-job-functions,4. Essential Job Functions,"4.1 Provides personal care services as directed in the plan of care: bathing, grooming, oral hygiene, dressing, ambulation assistance, transferring, range of motion exercises (passive), bowel/bladder care. 4.2 Assists with light homemaker activities as authorized in the plan of care: light housekeeping, laundry, meal preparation, medication reminders (not administration). 4.3 Documents all service",ACHC_CONTEXT,HIGH,Survey notes reference section 4. Corridor context token overlap (3 token hits).
HR-JD-007,Home Health Aide (HHA),HH5-2A.01,5-essential-job-functions,4. Essential Job Functions,"4.1 Provides personal care services as directed in the plan of care: bathing, grooming, oral hygiene, dressing, ambulation assistance, transferring, range of motion exercises (passive), bowel/bladder care. 4.2 Assists with light homemaker activities as authorized in the plan of care: light housekeeping, laundry, meal preparation, medication reminders (not administration). 4.3 Documents all service",ACHC_CONTEXT,HIGH,Survey notes reference section 4. Corridor context token overlap (3 token hits).
HR-JD-008,Medical Social Worker (MSW),HH2-1A.01,3-scope,3. Scope,"- HH2-1A.01: HR Director and supervisory chain execute and monitor patient rights communication, informed participation, and respectful care obligations. Work steps are tracked with defined owner accountability, required completion timing, and exception escalation; survey evidence is retained in patient/staff communications, acknowledgments, complaint/compliance logs, and documented follow-up.",POLICY_CONTEXT,HIGH,"Shared policy-context signal: scope. Section hardened with explicit HH2-1A.01 operational workflow, accountable owner, evidence retention expectation, and monitoring/escalation language."
HR-JD-008,Medical Social Worker (MSW),HH5-11A,2-purpose,2. Purpose,"- HH5-11A: HR Director and supervisory chain execute and monitor clinical documentation completeness, supervision, and record integrity. Work steps are tracked with defined owner accountability, required completion timing, and exception escalation; survey evidence is retained in clinical documentation artifacts, workflow timestamps, supervisory review evidence, and audit outcomes.",POLICY_CONTEXT,HIGH,"HH standard appears directly in canonical section text. [FinalFix: relocated from reference-section ""8-references"" to substantive section ""2-purpose""] Section hardened with explicit HH5-11A operational workflow, accountable owner, evidence retention expectation, and monitoring/escalation language."
HR-JD-009,Physical Therapist (PT),HH2-1A.01,4-policy-statement,4. Policy Statement,"1. HR-JD-009 is mandatory for applicable staff and operational workflows. 2. Activities under this policy must align to ACHC, CMS CoP, and California Title 22 requirements. 3. Nonconformance requires immediate corrective action and documented escalation.",ACHC_CONTEXT,HIGH,Survey notes reference section 4.
HR-JD-009,Physical Therapist (PT),HH5-11A,2-purpose,2. Purpose,"- HH5-11A: HR Director and supervisory chain execute and monitor clinical documentation completeness, supervision, and record integrity. Work steps are tracked with defined owner accountability, required completion timing, and exception escalation; survey evidence is retained in clinical documentation artifacts, workflow timestamps, supervisory review evidence, and audit outcomes.",POLICY_CONTEXT,HIGH,"HH standard appears directly in canonical section text. [FinalFix: relocated from reference-section ""8-references"" to substantive section ""2-purpose""] Section hardened with explicit HH5-11A operational workflow, accountable owner, evidence retention expectation, and monitoring/escalation language."
HR-JD-010,Occupational Therapist (OT),HH2-1A.01,3-scope,3. Scope,"- HH2-1A.01: HR Director and supervisory chain execute and monitor patient rights communication, informed participation, and respectful care obligations. Work steps are tracked with defined owner accountability, required completion timing, and exception escalation; survey evidence is retained in patient/staff communications, acknowledgments, complaint/compliance logs, and documented follow-up.",POLICY_CONTEXT,HIGH,"Shared policy-context signal: scope. Section hardened with explicit HH2-1A.01 operational workflow, accountable owner, evidence retention expectation, and monitoring/escalation language."
HR-JD-010,Occupational Therapist (OT),HH5-11A,2-purpose,2. Purpose,"- HH5-11A: HR Director and supervisory chain execute and monitor clinical documentation completeness, supervision, and record integrity. Work steps are tracked with defined owner accountability, required completion timing, and exception escalation; survey evidence is retained in clinical documentation artifacts, workflow timestamps, supervisory review evidence, and audit outcomes.",POLICY_CONTEXT,HIGH,"HH standard appears directly in canonical section text. [FinalFix: relocated from reference-section ""8-references"" to substantive section ""2-purpose""] Section hardened with explicit HH5-11A operational workflow, accountable owner, evidence retention expectation, and monitoring/escalation language."
HR-JD-011,Speech-Language Pathologist (SLP),HH2-1A.01,3-position-summary,2. Position Summary,"- HH2-1A.01: HR Director and supervisory chain execute and monitor patient rights communication, informed participation, and respectful care obligations. Work steps are tracked with defined owner accountability, required completion timing, and exception escalation; survey evidence is retained in patient/staff communications, acknowledgments, complaint/compliance logs, and documented follow-up.",POLICY_CONTEXT,HIGH,"Corridor context token overlap (3 token hits). [FinalFix: relocated from reference-section ""24-regulatory-references"" to substantive section ""3-position-summary""] Section hardened with explicit HH2-1A.01 operational workflow, accountable owner, evidence retention expectation, and monitoring/escalation language."
HR-JD-011,Speech-Language Pathologist (SLP),HH5-11A,5-essential-job-functions,4. Essential Job Functions,"- HH5-11A: HR Director and supervisory chain execute and monitor clinical documentation completeness, supervision, and record integrity. Work steps are tracked with defined owner accountability, required completion timing, and exception escalation; survey evidence is retained in clinical documentation artifacts, workflow timestamps, supervisory review evidence, and audit outcomes.",POLICY_CONTEXT,HIGH,"Corridor context token overlap (3 token hits). [FinalFix: relocated from reference-section ""24-regulatory-references"" to substantive section ""5-essential-job-functions""] Section hardened with explicit HH5-11A operational workflow, accountable owner, evidence retention expectation, and monitoring/escalation language."
HR-TA-003,OIG/SAM Exclusion Screening,HH2-9A.01,3-purpose,2. Purpose,"- HH2-9A.01: HR Director and supervisory chain execute and monitor compliance program execution, issue escalation, and corrective-action tracking. Work steps are tracked with defined owner accountability, required completion timing, and exception escalation; survey evidence is retained in patient/staff communications, acknowledgments, complaint/compliance logs, and documented follow-up.",POLICY_CONTEXT,HIGH,"Corridor context token overlap (3 token hits). Shared policy-context signal: compliance. [FinalFix: relocated from reference-section ""24-references"" to substantive section ""3-purpose""] Section hardened with explicit HH2-9A.01 operational workflow, accountable owner, evidence retention expectation, and monitoring/escalation language."
HR-TA-004,Licensure & Certification Verification,HH1-5A.01,3-purpose,2. Purpose,"This policy establishes mandatory requirements for verifying and continuously monitoring the professional licensure, certification, and registration status of all clinical and licensed personnel employed by or contracted with Care Indeed Home Health Care, Inc. Verification of licensure is required by 42 CFR § 484.105 and § 484.115 (Personnel Qualifications), California Health and Safety Code home health agency licensing requirements, and applicab",ACHC_CONTEXT,HIGH,"Survey-note to section-title overlap (2). [Pass 3: relocated to higher-scoring section (score 15)] [Pass 7: upgraded LOW→MEDIUM — section contains 3 regulatory references matching HH standard domain] [FinalFix: relocated from reference-section ""24-references"" to substantive section ""3-purpose""]"
HR-TA-004,Licensure & Certification Verification,HH1-5A,3-purpose,2. Purpose,"This policy establishes mandatory requirements for verifying and continuously monitoring the professional licensure, certification, and registration status of all clinical and licensed personnel employed by or contracted with Care Indeed Home Health Care, Inc. Verification of licensure is required by 42 CFR § 484.105 and § 484.115 (Personnel Qualifications), California Health and Safety Code home health agency licensing requirements, and applicab",ACHC_CONTEXT,HIGH,"Survey-note to section-title overlap (2). [Pass 3: relocated to higher-scoring section (score 15)] [Pass 7: upgraded LOW→MEDIUM — section contains 3 regulatory references matching HH standard domain] [FinalFix: relocated from reference-section ""24-references"" to substantive section ""3-purpose""]"
HR-TA-005,Employee Orientation & Onboarding,HH5-11F,9-general-agency-orientation-all-staff-days-1-5,General Agency Orientation (All Staff — Days 1-5),"| Step | Responsible Party | Action | Timeframe | | :---- | :---- | :---- | :---- | | 6.2.1 | HR Director | Conduct General Agency Orientation covering all topics listed on Appendix A. Orientation may be delivered in-person, via structured e-learning modules, or a combination, but must include opportunity for questions and interaction. | Completed within first 5 business days. | | 6.2.2 | HR Direc",CORRIDOR_CONTEXT,HIGH,Corridor context token overlap (2 token hits). Survey-note to section-title overlap (2).
HR-TA-006,Job Description & Role Definition,HH1-6A,5-policy-statements,4. Policy Statements,"- HH1-6A: HR Director and supervisory chain execute and monitor organizational hierarchy, reporting relationships, and delegated authority continuity. Work steps are tracked with defined owner accountability, required completion timing, and exception escalation; survey evidence is retained in governance records, role documents, approval logs, and oversight meeting evidence.",POLICY_CONTEXT,HIGH,"Section 4.5 explicitly requires maintaining a current organizational chart showing all positions and reporting relationships — directly supporting HH1-6A (agency organizational structure is defined and maintained). Corridor row 1-015: Use of Organizational Chart. Section hardened with explicit HH1-6A operational workflow, accountable owner, evidence retention expectation, and monitoring/escalation language."
HR-TA-006,Job Description & Role Definition,HH1-6B,5-policy-statements,4. Policy Statements,"- HH1-6B: HR Director and supervisory chain execute and monitor organizational hierarchy, reporting relationships, and delegated authority continuity. Work steps are tracked with defined owner accountability, required completion timing, and exception escalation; survey evidence is retained in governance records, role documents, approval logs, and oversight meeting evidence.",POLICY_CONTEXT,HIGH,"Section 4.5 requires org chart defining reporting relationships (lines of authority) and 4.6 links job descriptions to HR-JD series — directly supporting HH1-6B (lines of authority are defined). Corridor row 1-015. Section hardened with explicit HH1-6B operational workflow, accountable owner, evidence retention expectation, and monitoring/escalation language."
HR-TD-001,Annual Mandatory Training Requirements,HH1-1A.01,9-mandatory-training-topics,Mandatory Training Topics,"The following training topics are required annually for ALL employees unless otherwise noted:  | # | Training Topic | Regulatory Basis | Applicable Staff | Competency Assessment Required? | | :---- | :---- | :---- | :---- | :---- | | 1 | Corporate Compliance Program & Code of Conduct | OIG Guidance; CO-CP-001, CO-CP-004, CO-CP-008 | All | Yes — quiz | | 2 | Fraud, Waste & Abuse Prevention | OIG; C",CORRIDOR_CONTEXT,HIGH,Corridor context token overlap (2 token hits). Survey-note to section-title overlap (2). Shared policy-context signal: compliance.
HR-TD-001,Annual Mandatory Training Requirements,HH6-1A,9-mandatory-training-topics,Mandatory Training Topics,"The following training topics are required annually for ALL employees unless otherwise noted:  | # | Training Topic | Regulatory Basis | Applicable Staff | Competency Assessment Required? | | :---- | :---- | :---- | :---- | :---- | | 1 | Corporate Compliance Program & Code of Conduct | OIG Guidance; CO-CP-001, CO-CP-004, CO-CP-008 | All | Yes — quiz | | 2 | Fraud, Waste & Abuse Prevention | OIG; C",CORRIDOR_CONTEXT,HIGH,Corridor context token overlap (2 token hits). Survey-note to section-title overlap (2). Shared policy-context signal: compliance.
HR-TD-001,Annual Mandatory Training Requirements,HH6-1D.01,9-mandatory-training-topics,Mandatory Training Topics,"The following training topics are required annually for ALL employees unless otherwise noted:  | # | Training Topic | Regulatory Basis | Applicable Staff | Competency Assessment Required? | | :---- | :---- | :---- | :---- | :---- | | 1 | Corporate Compliance Program & Code of Conduct | OIG Guidance; CO-CP-001, CO-CP-004, CO-CP-008 | All | Yes — quiz | | 2 | Fraud, Waste & Abuse Prevention | OIG; C",CORRIDOR_CONTEXT,HIGH,Corridor context token overlap (2 token hits). Survey-note to section-title overlap (2). Shared policy-context signal: compliance.
HR-TD-001,Annual Mandatory Training Requirements,HH7-1A,9-mandatory-training-topics,Mandatory Training Topics,"The following training topics are required annually for ALL employees unless otherwise noted:  | # | Training Topic | Regulatory Basis | Applicable Staff | Competency Assessment Required? | | :---- | :---- | :---- | :---- | :---- | | 1 | Corporate Compliance Program & Code of Conduct | OIG Guidance; CO-CP-001, CO-CP-004, CO-CP-008 | All | Yes — quiz | | 2 | Fraud, Waste & Abuse Prevention | OIG; C",CORRIDOR_CONTEXT,HIGH,Corridor context token overlap (2 token hits). Survey-note to section-title overlap (2). Shared policy-context signal: compliance.
HR-TD-003,Clinical Staff Competency Evaluation,HH5-11F,5-policy-statements,4. Policy Statements,"- HH5-11F: HR Director and supervisory chain execute and monitor clinical documentation completeness, supervision, and record integrity. Work steps are tracked with defined owner accountability, required completion timing, and exception escalation; survey evidence is retained in clinical documentation artifacts, workflow timestamps, supervisory review evidence, and audit outcomes.",POLICY_CONTEXT,HIGH,"Corridor context token overlap (4 token hits). Shared policy-context signal: scope. Section hardened with explicit HH5-11F operational workflow, accountable owner, evidence retention expectation, and monitoring/escalation language."
HR-TD-005,Emergency Preparedness Training & Drills,HH7-2A.01,8-annual-emergency-preparedness-training,Annual Emergency Preparedness Training,"| Step | Responsible Party | Action | Timeframe | | :---- | :---- | :---- | :---- | | 6.1.1 | HR Director / Risk Manager | Include emergency preparedness training in the Annual Mandatory Training Calendar (HR-TD-001, Appendix A). Content must cover: (a) agency Emergency Operations Plan overview (OP-FM-005); (b) staff roles and responsibilities during emergencies; (c) patient communication and prio",CORRIDOR_CONTEXT,HIGH,Corridor context token overlap (2 token hits). Survey-note to section-title overlap (3).
HR-TD-005,Emergency Preparedness Training & Drills,HH7-2B.01,8-annual-emergency-preparedness-training,Annual Emergency Preparedness Training,"| Step | Responsible Party | Action | Timeframe | | :---- | :---- | :---- | :---- | | 6.1.1 | HR Director / Risk Manager | Include emergency preparedness training in the Annual Mandatory Training Calendar (HR-TD-001, Appendix A). Content must cover: (a) agency Emergency Operations Plan overview (OP-FM-005); (b) staff roles and responsibilities during emergencies; (c) patient communication and prio",CORRIDOR_CONTEXT,HIGH,Corridor context token overlap (2 token hits). Survey-note to section-title overlap (3).
HR-TD-005,Emergency Preparedness Training & Drills,HH7-3A,8-annual-emergency-preparedness-training,Annual Emergency Preparedness Training,"| Step | Responsible Party | Action | Timeframe | | :---- | :---- | :---- | :---- | | 6.1.1 | HR Director / Risk Manager | Include emergency preparedness training in the Annual Mandatory Training Calendar (HR-TD-001, Appendix A). Content must cover: (a) agency Emergency Operations Plan overview (OP-FM-005); (b) staff roles and responsibilities during emergencies; (c) patient communication and prio",CORRIDOR_CONTEXT,HIGH,Corridor context token overlap (2 token hits). Survey-note to section-title overlap (3).
HR-TD-005,Emergency Preparedness Training & Drills,HH7-3B,8-annual-emergency-preparedness-training,Annual Emergency Preparedness Training,"| Step | Responsible Party | Action | Timeframe | | :---- | :---- | :---- | :---- | | 6.1.1 | HR Director / Risk Manager | Include emergency preparedness training in the Annual Mandatory Training Calendar (HR-TD-001, Appendix A). Content must cover: (a) agency Emergency Operations Plan overview (OP-FM-005); (b) staff roles and responsibilities during emergencies; (c) patient communication and prio",CORRIDOR_CONTEXT,HIGH,Corridor context token overlap (2 token hits). Survey-note to section-title overlap (3).
HR-TR-101,"Workforce Training, Competency & Policy Acknowledgment",HH1-1A.01,7-procedures,6. Procedures,"- HH1-1A.01: HR Director and supervisory chain execute and monitor governance accountability, licensing oversight, and operational control execution. Work steps are tracked with defined owner accountability, required completion timing, and exception escalation; survey evidence is retained in governance records, role documents, approval logs, and oversight meeting evidence.",POLICY_CONTEXT,HIGH,"Corridor context token overlap (2 token hits). Shared policy-context signal: procedure. Section hardened with explicit HH1-1A.01 operational workflow, accountable owner, evidence retention expectation, and monitoring/escalation language."
HR-TR-101,"Workforce Training, Competency & Policy Acknowledgment",HH2-2A,7-procedures,6. Procedures,"- HH2-2A: HR Director and supervisory chain execute and monitor advance directive communication, documentation, and non-discrimination process. Work steps are tracked with defined owner accountability, required completion timing, and exception escalation; survey evidence is retained in patient/staff communications, acknowledgments, complaint/compliance logs, and documented follow-up.",POLICY_CONTEXT,HIGH,"Corridor context token overlap (2 token hits). Shared policy-context signal: procedure. Section hardened with explicit HH2-2A operational workflow, accountable owner, evidence retention expectation, and monitoring/escalation language."
HR-TR-101,"Workforce Training, Competency & Policy Acknowledgment",HH2-5A,7-procedures,6. Procedures,"- HH2-5A: HR Director and supervisory chain execute and monitor HIPAA privacy safeguards, minimum necessary handling, and access control. Work steps are tracked with defined owner accountability, required completion timing, and exception escalation; survey evidence is retained in patient/staff communications, acknowledgments, complaint/compliance logs, and documented follow-up.",POLICY_CONTEXT,HIGH,"Corridor context token overlap (2 token hits). Shared policy-context signal: procedure. Section hardened with explicit HH2-5A operational workflow, accountable owner, evidence retention expectation, and monitoring/escalation language."
HR-WM-002,Contractor & Per Diem Staff Management,HH1-10A,5-policy-statements,3. Policy Statements,"- HH1-10A: HR Director and supervisory chain execute and monitor contracted service accountability and insurance/risk validation. Work steps are tracked with defined owner accountability, required completion timing, and exception escalation; survey evidence is retained in governance records, role documents, approval logs, and oversight meeting evidence.",POLICY_CONTEXT,HIGH,"Corridor context token overlap (8 token hits). Shared policy-context signal: scope. Section hardened with explicit HH1-10A operational workflow, accountable owner, evidence retention expectation, and monitoring/escalation language."
HR-WM-003,Employee Health & Immunization Requirements,HH1-1A.01,3-purpose,2. Purpose,"- HH1-1A.01: HR Director and supervisory chain execute and monitor governance accountability, licensing oversight, and operational control execution. Work steps are tracked with defined owner accountability, required completion timing, and exception escalation; survey evidence is retained in governance records, role documents, approval logs, and oversight meeting evidence.",POLICY_CONTEXT,HIGH,"Corridor context token overlap (3 token hits). Section hardened with explicit HH1-1A.01 operational workflow, accountable owner, evidence retention expectation, and monitoring/escalation language."
HR-WM-003,Employee Health & Immunization Requirements,HH7-1A,3-purpose,2. Purpose,"- HH7-1A: HR Director and supervisory chain execute and monitor infection control and staff safety program implementation with active surveillance. Work steps are tracked with defined owner accountability, required completion timing, and exception escalation; survey evidence is retained in safety logs, drill/test records, incident documentation, and remediation verification.",POLICY_CONTEXT,HIGH,"Corridor context token overlap (3 token hits). Section hardened with explicit HH7-1A operational workflow, accountable owner, evidence retention expectation, and monitoring/escalation language."
HR-WM-003,Employee Health & Immunization Requirements,HH7-2A.01,3-purpose,2. Purpose,"- HH7-2A.01: HR Director and supervisory chain execute and monitor occupational safety controls, hazard prevention, and work-practice enforcement. Work steps are tracked with defined owner accountability, required completion timing, and exception escalation; survey evidence is retained in safety logs, drill/test records, incident documentation, and remediation verification.",POLICY_CONTEXT,HIGH,"Corridor context token overlap (3 token hits). Section hardened with explicit HH7-2A.01 operational workflow, accountable owner, evidence retention expectation, and monitoring/escalation language."
HR-WM-003,Employee Health & Immunization Requirements,HH7-2B.01,3-purpose,2. Purpose,"- HH7-2B.01: HR Director and supervisory chain execute and monitor occupational safety controls, hazard prevention, and work-practice enforcement. Work steps are tracked with defined owner accountability, required completion timing, and exception escalation; survey evidence is retained in safety logs, drill/test records, incident documentation, and remediation verification.",POLICY_CONTEXT,HIGH,"Corridor context token overlap (3 token hits). Section hardened with explicit HH7-2B.01 operational workflow, accountable owner, evidence retention expectation, and monitoring/escalation language."
HR-WM-003,Employee Health & Immunization Requirements,HH7-7A.01,3-purpose,2. Purpose,"- HH7-7A.01: HR Director and supervisory chain execute and monitor OSHA injury/illness log maintenance and trend response process. Work steps are tracked with defined owner accountability, required completion timing, and exception escalation; survey evidence is retained in safety logs, drill/test records, incident documentation, and remediation verification.",POLICY_CONTEXT,HIGH,"Corridor context token overlap (3 token hits). Section hardened with explicit HH7-7A.01 operational workflow, accountable owner, evidence retention expectation, and monitoring/escalation language."
HR-WM-003,Employee Health & Immunization Requirements,HH7-9A.01,3-purpose,2. Purpose,"- HH7-9A.01: HR Director and supervisory chain execute and monitor equipment quality-control logging and safe-use verification. Work steps are tracked with defined owner accountability, required completion timing, and exception escalation; survey evidence is retained in safety logs, drill/test records, incident documentation, and remediation verification.",POLICY_CONTEXT,HIGH,"Corridor context token overlap (3 token hits). Section hardened with explicit HH7-9A.01 operational workflow, accountable owner, evidence retention expectation, and monitoring/escalation language."
HR-WM-004,Workplace Safety & Injury Prevention,HH1-1A.01,32-documentation-requirements,6. Documentation Requirements,| Requirement | Responsible Party | Record Location | Retention | | :---- | :---- | :---- | :---- | | Evidence of workplace safety & injury prevention execution | Assigned Staff | EHR / Policy workflow records | Minimum 7 years | | Variance and corrective action records | Compliance Officer / Designee | QAPI and compliance files | Minimum 7 years | | Policy acknowledgment and training records | HR,ACHC_CONTEXT,HIGH,Survey notes reference section 6. Corridor context token overlap (2 token hits).
HR-WM-004,Workplace Safety & Injury Prevention,HH7-1A,32-documentation-requirements,6. Documentation Requirements,| Requirement | Responsible Party | Record Location | Retention | | :---- | :---- | :---- | :---- | | Evidence of workplace safety & injury prevention execution | Assigned Staff | EHR / Policy workflow records | Minimum 7 years | | Variance and corrective action records | Compliance Officer / Designee | QAPI and compliance files | Minimum 7 years | | Policy acknowledgment and training records | HR,ACHC_CONTEXT,HIGH,Survey notes reference section 6. Corridor context token overlap (2 token hits).
HR-WM-004,Workplace Safety & Injury Prevention,HH7-2A.01,32-documentation-requirements,6. Documentation Requirements,| Requirement | Responsible Party | Record Location | Retention | | :---- | :---- | :---- | :---- | | Evidence of workplace safety & injury prevention execution | Assigned Staff | EHR / Policy workflow records | Minimum 7 years | | Variance and corrective action records | Compliance Officer / Designee | QAPI and compliance files | Minimum 7 years | | Policy acknowledgment and training records | HR,ACHC_CONTEXT,HIGH,Survey notes reference section 6. Corridor context token overlap (2 token hits).
HR-WM-004,Workplace Safety & Injury Prevention,HH7-2B.01,32-documentation-requirements,6. Documentation Requirements,| Requirement | Responsible Party | Record Location | Retention | | :---- | :---- | :---- | :---- | | Evidence of workplace safety & injury prevention execution | Assigned Staff | EHR / Policy workflow records | Minimum 7 years | | Variance and corrective action records | Compliance Officer / Designee | QAPI and compliance files | Minimum 7 years | | Policy acknowledgment and training records | HR,ACHC_CONTEXT,HIGH,Survey notes reference section 6. Corridor context token overlap (2 token hits).
HR-WM-004,Workplace Safety & Injury Prevention,HH7-6A.01,32-documentation-requirements,6. Documentation Requirements,| Requirement | Responsible Party | Record Location | Retention | | :---- | :---- | :---- | :---- | | Evidence of workplace safety & injury prevention execution | Assigned Staff | EHR / Policy workflow records | Minimum 7 years | | Variance and corrective action records | Compliance Officer / Designee | QAPI and compliance files | Minimum 7 years | | Policy acknowledgment and training records | HR,ACHC_CONTEXT,HIGH,Survey notes reference section 6. Corridor context token overlap (2 token hits).
HR-WM-004,Workplace Safety & Injury Prevention,HH7-6B.01,32-documentation-requirements,6. Documentation Requirements,| Requirement | Responsible Party | Record Location | Retention | | :---- | :---- | :---- | :---- | | Evidence of workplace safety & injury prevention execution | Assigned Staff | EHR / Policy workflow records | Minimum 7 years | | Variance and corrective action records | Compliance Officer / Designee | QAPI and compliance files | Minimum 7 years | | Policy acknowledgment and training records | HR,ACHC_CONTEXT,HIGH,Survey notes reference section 6. Corridor context token overlap (2 token hits).
HR-WM-004,Workplace Safety & Injury Prevention,HH7-7A.01,32-documentation-requirements,6. Documentation Requirements,| Requirement | Responsible Party | Record Location | Retention | | :---- | :---- | :---- | :---- | | Evidence of workplace safety & injury prevention execution | Assigned Staff | EHR / Policy workflow records | Minimum 7 years | | Variance and corrective action records | Compliance Officer / Designee | QAPI and compliance files | Minimum 7 years | | Policy acknowledgment and training records | HR,ACHC_CONTEXT,HIGH,Survey notes reference section 6. Corridor context token overlap (2 token hits).
IT-DR-001,Data Backup & Recovery,HH5-1B,12-surveyor-expectations,Surveyor Expectations,"- HH5-1B: IT Security Officer and system administrators execute and monitor admission/intake privacy and workflow control integrity. Work steps are tracked with defined owner accountability, required completion timing, and exception escalation; survey evidence is retained in clinical documentation artifacts, workflow timestamps, supervisory review evidence, and audit outcomes.",POLICY_CONTEXT,HIGH,"Corridor context token overlap (2 token hits). Section hardened with explicit HH5-1B operational workflow, accountable owner, evidence retention expectation, and monitoring/escalation language."
IT-DR-002,Disaster Recovery & IT Continuity,HH5-1B,10-emergency-mode-operation-plan,Emergency Mode Operation Plan,"- HH5-1B: IT Security Officer and system administrators execute and monitor admission/intake privacy and workflow control integrity. Work steps are tracked with defined owner accountability, required completion timing, and exception escalation; survey evidence is retained in clinical documentation artifacts, workflow timestamps, supervisory review evidence, and audit outcomes.",POLICY_CONTEXT,HIGH,"Corridor context token overlap (2 token hits). Shared policy-context signal: procedure. [FinalFix: relocated from reference-section ""24-regulatory-references"" to substantive section ""10-emergency-mode-operation-plan""] Section hardened with explicit HH5-1B operational workflow, accountable owner, evidence retention expectation, and monitoring/escalation language."
IT-DR-003,Audit Log Management & Monitoring,HH5-1B,10-audit-log-review,Audit Log Review,| Step | Responsible Party | Action | Timeframe | | :---- | :---- | :---- | :---- | | 6.3.1 | IT Director / CISO | Conduct regular audit log reviews per the review schedule in Appendix C: (a) EHR and clinical applications — weekly; (b) all other ePHI systems — monthly; (c) privileged accounts (all systems) — weekly. Document each review in the System Activity Review Log per IT-SC-001 Appendix E. |,CORRIDOR_CONTEXT,HIGH,Corridor context token overlap (2 token hits). Survey-note to section-title overlap (2). Shared policy-context signal: audit.
IT-DR-004,Cloud Services & Data Storage,HH5-1B,9-shadow-it-detection-and-remediation,Shadow IT Detection and Remediation,"- HH5-1B: IT Security Officer and system administrators execute and monitor admission/intake privacy and workflow control integrity. Work steps are tracked with defined owner accountability, required completion timing, and exception escalation; survey evidence is retained in clinical documentation artifacts, workflow timestamps, supervisory review evidence, and audit outcomes.",POLICY_CONTEXT,HIGH,"Corridor context token overlap (2 token hits). Section hardened with explicit HH5-1B operational workflow, accountable owner, evidence retention expectation, and monitoring/escalation language."
IT-DR-005,Security Incident Response,HH5-1B,8-incident-identification-and-reporting,Incident Identification and Reporting,| Step | Responsible Party | Action | Timeframe | | :---- | :---- | :---- | :---- | | 6.1.1 | Any Workforce Member / Contractor | Report any of the following to the IT Director / CISO immediately: (a) suspected or confirmed unauthorized access to a system or ePHI; (b) malware infection or ransomware notification; (c) lost or stolen device containing agency data; (d) phishing email that was clicked,CORRIDOR_CONTEXT,HIGH,Corridor context token overlap (2 token hits). Survey-note to section-title overlap (3).
IT-SA-001,Electronic Health Record System Management,HH2-5A,10-ehr-data-integrity-and-quality,EHR Data Integrity and Quality,| Step | Responsible Party | Action | Timeframe | | :---- | :---- | :---- | :---- | | 6.3.1 | IT Director / CISO | Conduct quarterly EHR data integrity checks per the Data Integrity Verification Checklist (Appendix B) including: (a) record count reconciliation between EHR and billing system; (b) verification that audit trail is intact (no gaps); (c) verification that no records have been deleted w,CORRIDOR_CONTEXT,HIGH,Corridor context token overlap (2 token hits). Survey-note to section-title overlap (2).
IT-SA-001,Electronic Health Record System Management,HH5-1B,10-ehr-data-integrity-and-quality,EHR Data Integrity and Quality,| Step | Responsible Party | Action | Timeframe | | :---- | :---- | :---- | :---- | | 6.3.1 | IT Director / CISO | Conduct quarterly EHR data integrity checks per the Data Integrity Verification Checklist (Appendix B) including: (a) record count reconciliation between EHR and billing system; (b) verification that audit trail is intact (no gaps); (c) verification that no records have been deleted w,CORRIDOR_CONTEXT,HIGH,Corridor context token overlap (2 token hits). Survey-note to section-title overlap (2).
IT-SA-004,Vendor & Third-Party Security Assessment,HH2-5C.01,6-definitions,5. Definitions,"- HH2-5C.01: IT Security Officer and system administrators execute and monitor HIPAA privacy safeguards, minimum necessary handling, and access control. Work steps are tracked with defined owner accountability, required completion timing, and exception escalation; survey evidence is retained in patient/staff communications, acknowledgments, complaint/compliance logs, and documented follow-up.",POLICY_CONTEXT,HIGH,"Corridor context token overlap (2 token hits). Shared policy-context signal: compliance. Section hardened with explicit HH2-5C.01 operational workflow, accountable owner, evidence retention expectation, and monitoring/escalation language."
IT-SA-005,Physical Security of IT Assets,HH5-1B,8-server-room-network-infrastructure-security,Server Room / Network Infrastructure Security,"| Step | Responsible Party | Action | Timeframe | | :---- | :---- | :---- | :---- | | 6.1.1 | IT Director / CISO | Ensure the server room or network closet is secured with a key lock, keypad, or electronic access control allowing entry only to authorized IT personnel. Document authorized personnel in Appendix B. | Continuous; access list reviewed quarterly. | | 6.1.2 | IT Director / CISO | Maintai",CORRIDOR_CONTEXT,HIGH,Corridor context token overlap (3 token hits). Survey-note to section-title overlap (2).
IT-SC-001,Information Security Program,HH5-1B,11-sanction-policy,Sanction Policy,| Step | Responsible Party | Action | Timeframe | | :---- | :---- | :---- | :---- | | 6.4.1 | IT Director / CISO | Maintain a documented sanction policy (integrated with HR-ER-002) defining consequences for workforce members who violate information security policies. Sanctions shall be applied consistently and shall be proportionate to the severity of the violation. | Continuous. | | 6.4.2 | IT Di,CORRIDOR_CONTEXT,HIGH,Corridor context token overlap (2 token hits). Survey-note to section-title overlap (2). Shared policy-context signal: compliance.
IT-SC-002,Access Control & User Authentication,HH5-1B,12-password-and-authentication-management,Password and Authentication Management,"| Step | Responsible Party | Action | Timeframe | | :---- | :---- | :---- | :---- | | 6.5.1 | IT Director / CISO | Configure and enforce password standards per Section 4.6 on all agency systems through technical controls (Active Directory, application settings, etc.). | At system deployment; validated quarterly. | | 6.5.2 | IT Director / CISO | Deploy and maintain MFA for all systems and access sc",CORRIDOR_CONTEXT,HIGH,Corridor context token overlap (4 token hits). Survey-note to section-title overlap (3).
IT-SC-003,Data Encryption Standards,HH5-1B,8-encryption-at-rest,Encryption at Rest,"- HH5-1B: IT Security Officer and system administrators execute and monitor admission/intake privacy and workflow control integrity. Work steps are tracked with defined owner accountability, required completion timing, and exception escalation; survey evidence is retained in clinical documentation artifacts, workflow timestamps, supervisory review evidence, and audit outcomes.",POLICY_CONTEXT,HIGH,"Survey-note to section-title overlap (2). Section hardened with explicit HH5-1B operational workflow, accountable owner, evidence retention expectation, and monitoring/escalation language."
IT-SC-004,Network Security & Firewall Management,HH5-1B,12-wireless-network-security,Wireless Network Security,| Step | Responsible Party | Action | Timeframe | | :---- | :---- | :---- | :---- | | 6.5.1 | IT Director / CISO | All agency wireless networks shall use WPA3 encryption (or WPA2-Enterprise minimum). | At deployment; verified quarterly. | | 6.5.2 | IT Director / CISO | Conduct wireless network assessments quarterly to identify: (a) rogue access points; (b) misconfigured access points; (c) unauthor,CORRIDOR_CONTEXT,HIGH,Corridor context token overlap (2 token hits). Survey-note to section-title overlap (2).
IT-SC-005,Endpoint Security & Malware Protection,HH5-1B,8-endpoint-protection-deployment,Endpoint Protection Deployment,"- HH5-1B: IT Security Officer and system administrators execute and monitor admission/intake privacy and workflow control integrity. Work steps are tracked with defined owner accountability, required completion timing, and exception escalation; survey evidence is retained in clinical documentation artifacts, workflow timestamps, supervisory review evidence, and audit outcomes.",POLICY_CONTEXT,HIGH,"Survey-note to section-title overlap (3). Section hardened with explicit HH5-1B operational workflow, accountable owner, evidence retention expectation, and monitoring/escalation language."
IT-SC-006,Data Classification & Handling,HH5-1B,31-appendices,APPENDICES,"- HH5-1B: IT Security Officer and system administrators execute and monitor admission/intake privacy and workflow control integrity. Work steps are tracked with defined owner accountability, required completion timing, and exception escalation; survey evidence is retained in clinical documentation artifacts, workflow timestamps, supervisory review evidence, and audit outcomes.",POLICY_CONTEXT,HIGH,"Corridor context token overlap (3 token hits). Shared policy-context signal: procedure. Section hardened with explicit HH5-1B operational workflow, accountable owner, evidence retention expectation, and monitoring/escalation language."
IT-UP-001,Mobile Device & BYOD Security,HH5-1B,10-acceptable-use-all-mobile-devices,Acceptable Use — All Mobile Devices,| Step | Responsible Party | Action | Timeframe | | :---- | :---- | :---- | :---- | | 6.3.1 | All Workforce Members | Use mobile devices to access agency systems only through the agency-approved VPN or within the secure MDM-managed container. Direct access to agency resources over public Wi-Fi without VPN is prohibited. | Continuous. | | 6.3.2 | All Workforce Members | Never use personal or non-ap,CORRIDOR_CONTEXT,HIGH,Corridor context token overlap (3 token hits). Survey-note to section-title overlap (2).
IT-UP-002,Internet & Email Acceptable Use,HH5-1B,3-purpose,2. Purpose,"- HH5-1B: IT Security Officer and system administrators execute and monitor admission/intake privacy and workflow control integrity. Work steps are tracked with defined owner accountability, required completion timing, and exception escalation; survey evidence is retained in clinical documentation artifacts, workflow timestamps, supervisory review evidence, and audit outcomes.",POLICY_CONTEXT,HIGH,"Corridor context token overlap (2 token hits). [FinalFix: relocated from reference-section ""24-regulatory-references"" to substantive section ""3-purpose""] Section hardened with explicit HH5-1B operational workflow, accountable owner, evidence retention expectation, and monitoring/escalation language."
IT-UP-004,Security Awareness Training,HH5-1B,10-security-awareness-training-curriculum-required-content,Security Awareness Training Curriculum — Required Content,"### The Security Awareness Training Curriculum (Appendix A) shall include all of the following content areas at minimum. Role-specific supplemental content shall be added for clinical staff, billing staff, IT administrators, and leadership per Section 6.4. ### Topic Area 1 — HIPAA Foundations (45 CFR § 164.308(a)(5) — General Content)  | # | Required Training Topic | Delivery Format | Competency A",CORRIDOR_CONTEXT,HIGH,Corridor context token overlap (3 token hits). Survey-note to section-title overlap (3).
OP-FM-001,Office Operations & Facility Management,HH1-1A.01,22-documentation-requirements,6. Documentation Requirements,"- HH1-1A.01: Operations Director and scheduling/office workflows execute and monitor governance accountability, licensing oversight, and operational control execution. Work steps are tracked with defined owner accountability, required completion timing, and exception escalation; survey evidence is retained in governance records, role documents, approval logs, and oversight meeting evidence.",POLICY_CONTEXT,HIGH,"Policy establishes agency-level commitment to OSHA/fire safety/ADA compliance in office operations — indirectly supporting HH1-1A.01 (governing body operational performance oversight). Direct governing body language absent. Corridor row 6-018: Environmental Safety Program. [Pass 3: relocated to higher-scoring section (score 6)] [FinalFix: relocated from policy-header-section ""2-policy-header"" to substantive section ""22-documentation-requirements""] Section hardened with explicit HH1-1A.01 operational workflow, accountable owner, evidence retention expectation, and monitoring/escalation language."
OP-FM-001,Office Operations & Facility Management,HH7-1A,7-procedures,3. Procedures,"- HH7-1A: Operations Director and scheduling/office workflows execute and monitor infection control and staff safety program implementation with active surveillance. Work steps are tracked with defined owner accountability, required completion timing, and exception escalation; survey evidence is retained in safety logs, drill/test records, incident documentation, and remediation verification.",POLICY_CONTEXT,HIGH,"Section 3.1 and 3.4 define environmental safety maintenance and quarterly inspection requirements — directly supporting HH7-1A (environmental safety program for the office facility). Corridor row 6-018: Environmental Safety Program. Section hardened with explicit HH7-1A operational workflow, accountable owner, evidence retention expectation, and monitoring/escalation language."
OP-FM-001,Office Operations & Facility Management,HH7-1D,7-procedures,3. Procedures,"- HH7-1D: Operations Director and scheduling/office workflows execute and monitor infection control and staff safety program implementation with active surveillance. Work steps are tracked with defined owner accountability, required completion timing, and exception escalation; survey evidence is retained in safety logs, drill/test records, incident documentation, and remediation verification.",POLICY_CONTEXT,HIGH,"Section 3.4 requires quarterly safety inspection with documented checklist — directly supporting HH7-1D (safety risk assessment, inspection, and corrective action process). Corridor row 6-018. Section hardened with explicit HH7-1D operational workflow, accountable owner, evidence retention expectation, and monitoring/escalation language."
OP-FM-001,Office Operations & Facility Management,HH7-2A.01,5-policy-statements,2. Policy Statements,"- HH7-2A.01: Operations Director and scheduling/office workflows execute and monitor occupational safety controls, hazard prevention, and work-practice enforcement. Work steps are tracked with defined owner accountability, required completion timing, and exception escalation; survey evidence is retained in safety logs, drill/test records, incident documentation, and remediation verification.",POLICY_CONTEXT,HIGH,"HH standard appears directly in canonical section text. [FinalFix: relocated from reference-section ""23-references"" to substantive section ""5-policy-statements""] Section hardened with explicit HH7-2A.01 operational workflow, accountable owner, evidence retention expectation, and monitoring/escalation language."
OP-FM-001,Office Operations & Facility Management,HH7-2B.01,5-policy-statements,2. Policy Statements,"- HH7-2B.01: Operations Director and scheduling/office workflows execute and monitor occupational safety controls, hazard prevention, and work-practice enforcement. Work steps are tracked with defined owner accountability, required completion timing, and exception escalation; survey evidence is retained in safety logs, drill/test records, incident documentation, and remediation verification.",POLICY_CONTEXT,HIGH,"Procedures cover general office safety maintenance; HH7-2B.01 (employee safety orientation for office environment) is indirectly supported. No explicit new-employee orientation language in this policy. Corridor row 6-018: Environmental Safety Program. [Pass 3: relocated to higher-scoring section (score 10)] [Pass 7: upgraded LOW→MEDIUM — section contains 2 regulatory references matching HH standard domain] Section hardened with explicit HH7-2B.01 operational workflow, accountable owner, evidence retention expectation, and monitoring/escalation language."
OP-FM-001,Office Operations & Facility Management,HH7-6A.01,3-purpose,1. Purpose,"- HH7-6A.01: Operations Director and scheduling/office workflows execute and monitor hazard communication, SDS access, and spill/waste handling controls. Work steps are tracked with defined owner accountability, required completion timing, and exception escalation; survey evidence is retained in safety logs, drill/test records, incident documentation, and remediation verification.",POLICY_CONTEXT,HIGH,"Compliance checklist addresses secure destruction (item 13) as closest analogue to HH7-6A.01 (waste and biohazard management). No explicit biohazard waste language; mapping is partial. Corridor row 6-018: Environmental Safety Program. [Pass 3: relocated to higher-scoring section (score 2)] [FinalFix: relocated from reference-section ""23-references"" to substantive section ""3-purpose""] Section hardened with explicit HH7-6A.01 operational workflow, accountable owner, evidence retention expectation, and monitoring/escalation language."
OP-FM-001,Office Operations & Facility Management,HH7-6B.01,3-purpose,1. Purpose,"- HH7-6B.01: Operations Director and scheduling/office workflows execute and monitor hazard communication, SDS access, and spill/waste handling controls. Work steps are tracked with defined owner accountability, required completion timing, and exception escalation; survey evidence is retained in safety logs, drill/test records, incident documentation, and remediation verification.",POLICY_CONTEXT,HIGH,"Procedures address physical safety maintenance; HH7-6B.01 (spill and hazardous material cleanup procedures) is indirectly supported through general facility safety. No explicit spill management language. Corridor row 6-018. [Pass 3: relocated to higher-scoring section (score 2)] [FinalFix: relocated from reference-section ""23-references"" to substantive section ""3-purpose""] Section hardened with explicit HH7-6B.01 operational workflow, accountable owner, evidence retention expectation, and monitoring/escalation language."
OP-FM-001,Office Operations & Facility Management,HH7-7A.01,7-procedures,3. Procedures,"- HH7-7A.01: Operations Director and scheduling/office workflows execute and monitor OSHA injury/illness log maintenance and trend response process. Work steps are tracked with defined owner accountability, required completion timing, and exception escalation; survey evidence is retained in safety logs, drill/test records, incident documentation, and remediation verification.",POLICY_CONTEXT,HIGH,"Section 3.1/3.2 require emergency exit signage and emergency contact postings — directly supporting HH7-7A.01 (emergency preparedness planning for office environment). Checklist items 2 and 14 confirm. Corridor row 6-018. Section hardened with explicit HH7-7A.01 operational workflow, accountable owner, evidence retention expectation, and monitoring/escalation language."
OP-FM-001,Office Operations & Facility Management,HH7-9A.01,5-policy-statements,2. Policy Statements,"- HH7-9A.01: Operations Director and scheduling/office workflows execute and monitor equipment quality-control logging and safe-use verification. Work steps are tracked with defined owner accountability, required completion timing, and exception escalation; survey evidence is retained in safety logs, drill/test records, incident documentation, and remediation verification.",POLICY_CONTEXT,HIGH,"Section 2.4 explicitly requires OSHA workplace safety standards compliance — directly supporting HH7-9A.01 (overall office/occupational safety requirements). Corridor row 6-018: Environmental Safety Program. Section hardened with explicit HH7-9A.01 operational workflow, accountable owner, evidence retention expectation, and monitoring/escalation language."
QA-AE-001,Adverse Event Identification & Reporting,HH2-4A,6-definitions,5. Definitions,| Term | Definition | | :---- | :---- | | Adverse Event | An undesirable event that occurs during or as a result of care provided by the agency that results in harm to the patient. Includes events that were preventable and those that were not. | | Near-Miss | An event that had the potential to cause harm but did not reach the patient or did not result in harm due to timely intervention or chance. ,ACHC_CONTEXT,HIGH,Survey notes reference section 5. Corridor context token overlap (4 token hits).
QA-AE-001,Adverse Event Identification & Reporting,HH6-6A,6-definitions,5. Definitions,| Term | Definition | | :---- | :---- | | Adverse Event | An undesirable event that occurs during or as a result of care provided by the agency that results in harm to the patient. Includes events that were preventable and those that were not. | | Near-Miss | An event that had the potential to cause harm but did not reach the patient or did not result in harm due to timely intervention or chance. ,ACHC_CONTEXT,HIGH,Survey notes reference section 5. Corridor context token overlap (4 token hits).
QA-AE-001,Adverse Event Identification & Reporting,HH7-7A.01,6-definitions,5. Definitions,| Term | Definition | | :---- | :---- | | Adverse Event | An undesirable event that occurs during or as a result of care provided by the agency that results in harm to the patient. Includes events that were preventable and those that were not. | | Near-Miss | An event that had the potential to cause harm but did not reach the patient or did not result in harm due to timely intervention or chance. ,ACHC_CONTEXT,HIGH,Survey notes reference section 5. Corridor context token overlap (4 token hits).
QA-AE-002,Root Cause Analysis Process,HH6-6A,6-definitions,5. Definitions,"| Term | Definition | | :---- | :---- | | Root Cause Analysis (RCA) | A structured, retrospective analysis that identifies the fundamental cause(s) of an adverse event or systemic failure by systematically examining the sequence of events, contributing factors, and underlying system conditions. | | Root Cause | The most fundamental reason an event occurred — the factor that, if corrected, would pr",ACHC_CONTEXT,HIGH,Survey notes reference section 5. Corridor context token overlap (3 token hits).
QA-AE-003,Corrective Action Plan Development & Tracking,HH6-6A,3-purpose,2. Purpose,"- HH6-6A: QAPI leader and governing body quality oversight execute and monitor patient variance monitoring and corrective intervention governance. Work steps are tracked with defined owner accountability, required completion timing, and exception escalation; survey evidence is retained in QAPI workpapers, trend logs, governing body minutes, and corrective-action closure records.",POLICY_CONTEXT,HIGH,"Corridor context token overlap (3 token hits). Section hardened with explicit HH6-6A operational workflow, accountable owner, evidence retention expectation, and monitoring/escalation language."
QA-AE-004,Patient Safety Program,HH6-1A,16-common-failure-points,Common Failure Points,"| Failure Point | Risk | Mitigation | | :---- | :---- | :---- | | ""Patient safety program"" is just the adverse event reporting policy. | Surveyor cites lack of proactive program. | Establish proactive components per Section 6.3. | | No evidence of safety culture activities. | Surveyor questions organizational commitment to safety. | Conduct safety culture assessment and huddles per Section 6.4. | | Safety indicators exist but are identical to gen",ACHC_CONTEXT,HIGH,"HH standard appears directly in canonical section text. [FinalFix: relocated from reference-section ""21-references"" to substantive section ""16-common-failure-points""]"
QA-AE-004,Patient Safety Program,HH6-1B.01,16-common-failure-points,Common Failure Points,"| Failure Point | Risk | Mitigation | | :---- | :---- | :---- | | ""Patient safety program"" is just the adverse event reporting policy. | Surveyor cites lack of proactive program. | Establish proactive components per Section 6.3. | | No evidence of safety culture activities. | Surveyor questions organizational commitment to safety. | Conduct safety culture assessment and huddles per Section 6.4. | | Safety indicators exist but are identical to gen",ACHC_CONTEXT,HIGH,"Corridor context token overlap (2 token hits). [FinalFix: relocated from policy-header-section ""2-policy-header"" to substantive section ""16-common-failure-points""]"
QA-AE-004,Patient Safety Program,HH6-6A,3-purpose,2. Purpose,"- HH6-6A: QAPI leader and governing body quality oversight execute and monitor patient variance monitoring and corrective intervention governance. Work steps are tracked with defined owner accountability, required completion timing, and exception escalation; survey evidence is retained in QAPI workpapers, trend logs, governing body minutes, and corrective-action closure records.",POLICY_CONTEXT,HIGH,"Corridor context token overlap (2 token hits). [FinalFix: relocated from policy-header-section ""2-policy-header"" to substantive section ""3-purpose""] Section hardened with explicit HH6-6A operational workflow, accountable owner, evidence retention expectation, and monitoring/escalation language."
QA-PG-001,QAPI Program Establishment & Governance,HH6-1A,8-qapi-program-establishment,QAPI Program Establishment,| Step | Responsible Party | Action | Timeframe | | :---- | :---- | :---- | :---- | | 6.1.1 | Governing Body | Formally establish the QAPI program through a resolution or directive documented in Governing Body minutes. The establishing action must identify: (a) the program's scope (agency-wide); (b) the designated QAPI Coordinator; (c) authorization for the QAPI Committee; (d) the initial resource allocation including dedicated QAPI Coordinator t,ACHC_CONTEXT,HIGH,"HH standard appears directly in canonical section text. [FinalFix: relocated from reference-section ""24-references"" to substantive section ""8-qapi-program-establishment""]"
QA-PG-001,QAPI Program Establishment & Governance,HH6-1B.01,8-qapi-program-establishment,QAPI Program Establishment,| Step | Responsible Party | Action | Timeframe | | :---- | :---- | :---- | :---- | | 6.1.1 | Governing Body | Formally establish the QAPI program through a resolution or directive documented in Governing Body minutes. The establishing action must identify: (a) the program's scope (agency-wide); (b) the designated QAPI Coordinator; (c) authorization for the QAPI Committee; (d) the initial resource allocation including dedicated QAPI Coordinator t,ACHC_CONTEXT,HIGH,"Survey-note to section-title overlap (4). [Pass 3: relocated to higher-scoring section (score 7)] [Pass 6: deep rescan relocated to better section (score 15)] [Pass 7: upgraded LOW→MEDIUM — section contains 3 regulatory references matching HH standard domain] [FinalFix: relocated from reference-section ""24-references"" to substantive section ""8-qapi-program-establishment""]"
QA-PG-001,QAPI Program Establishment & Governance,HH6-1C,8-qapi-program-establishment,QAPI Program Establishment,| Step | Responsible Party | Action | Timeframe | | :---- | :---- | :---- | :---- | | 6.1.1 | Governing Body | Formally establish the QAPI program through a resolution or directive documented in Governing Body minutes. The establishing action must identify: (a) the program's scope (agency-wide); (b) the designated QAPI Coordinator; (c) authorization for the QAPI Committee; (d) the initial resource allocation including dedicated QAPI Coordinator t,ACHC_CONTEXT,HIGH,"Survey-note to section-title overlap (4). [Pass 3: relocated to higher-scoring section (score 7)] [Pass 6: deep rescan relocated to better section (score 15)] [Pass 7: upgraded LOW→MEDIUM — section contains 3 regulatory references matching HH standard domain] [FinalFix: relocated from reference-section ""24-references"" to substantive section ""8-qapi-program-establishment""]"
QA-PG-001,QAPI Program Establishment & Governance,HH6-1D.01,8-qapi-program-establishment,QAPI Program Establishment,| Step | Responsible Party | Action | Timeframe | | :---- | :---- | :---- | :---- | | 6.1.1 | Governing Body | Formally establish the QAPI program through a resolution or directive documented in Governing Body minutes. The establishing action must identify: (a) the program's scope (agency-wide); (b) the designated QAPI Coordinator; (c) authorization for the QAPI Committee; (d) the initial resource allocation including dedicated QAPI Coordinator t,ACHC_CONTEXT,HIGH,"Survey-note to section-title overlap (4). [Pass 3: relocated to higher-scoring section (score 7)] [Pass 6: deep rescan relocated to better section (score 15)] [Pass 7: upgraded LOW→MEDIUM — section contains 3 regulatory references matching HH standard domain] [FinalFix: relocated from reference-section ""24-references"" to substantive section ""8-qapi-program-establishment""]"
QA-PG-001,QAPI Program Establishment & Governance,HH6-3A.01,10-governing-body-qapi-oversight,Governing Body QAPI Oversight,"- HH6-3A.01: QAPI leader and governing body quality oversight execute and monitor annual QAPI reporting, trend synthesis, and action closure documentation. Work steps are tracked with defined owner accountability, required completion timing, and exception escalation; survey evidence is retained in QAPI workpapers, trend logs, governing body minutes, and corrective-action closure records.",POLICY_CONTEXT,HIGH,"Survey-note to section-title overlap (4). Section hardened with explicit HH6-3A.01 operational workflow, accountable owner, evidence retention expectation, and monitoring/escalation language."
QA-PG-001,QAPI Program Establishment & Governance,HH6-4A.01,10-governing-body-qapi-oversight,Governing Body QAPI Oversight,"- HH6-4A.01: QAPI leader and governing body quality oversight execute and monitor performance indicator monitoring, administrative function surveillance, and variance follow-up. Work steps are tracked with defined owner accountability, required completion timing, and exception escalation; survey evidence is retained in QAPI workpapers, trend logs, governing body minutes, and corrective-action closure records.",POLICY_CONTEXT,HIGH,"Survey-note to section-title overlap (4). Section hardened with explicit HH6-4A.01 operational workflow, accountable owner, evidence retention expectation, and monitoring/escalation language."
QA-PG-001,QAPI Program Establishment & Governance,HH6-5A,10-governing-body-qapi-oversight,Governing Body QAPI Oversight,"- HH6-5A: QAPI leader and governing body quality oversight execute and monitor high-risk/high-volume/problem-prone prioritization with measurable improvement cycles. Work steps are tracked with defined owner accountability, required completion timing, and exception escalation; survey evidence is retained in QAPI workpapers, trend logs, governing body minutes, and corrective-action closure records.",POLICY_CONTEXT,HIGH,"Survey-note to section-title overlap (4). Section hardened with explicit HH6-5A operational workflow, accountable owner, evidence retention expectation, and monitoring/escalation language."
QA-PG-002,QAPI Plan Development & Annual Review,HH6-1A,9-required-qapi-plan-content,Required QAPI Plan Content,"The QAPI plan must include all of the following elements:  | Section | Required Content | Detail | | :---- | :---- | :---- | | 1. Plan Header | Plan year, version, approval date, approved by, QAPI Coordinator name, effective date. | Aligned with policy header standards. | | 2. Program Mission & Goals | Statement of the QAPI program's mission and the specific quality improvement goals for the plan year. | Goals must be measurable, time-bound, and ",ACHC_CONTEXT,HIGH,"HH standard appears directly in canonical section text. [FinalFix: relocated from reference-section ""24-references"" to substantive section ""9-required-qapi-plan-content""]"
QA-PG-002,QAPI Plan Development & Annual Review,HH6-4A.04,11-annual-qapi-plan-evaluation,Annual QAPI Plan Evaluation,| Step | Responsible Party | Action | Timeframe | | :---- | :---- | :---- | :---- | | 6.4.1 | QAPI Coordinator | Conduct the formal year-end evaluation of the current QAPI plan. The evaluation must assess: (a) achievement status for each goal (Met / Partially Met / Not Met); (b) outcome of each PIP (Completed / Sustained / Ongoing / Discontinued with rationale); (c) quality indicator trend analysi,CORRIDOR_CONTEXT,HIGH,Corridor context token overlap (2 token hits). Survey-note to section-title overlap (4).
QA-PG-002,QAPI Plan Development & Annual Review,HH6-4A.05,11-annual-qapi-plan-evaluation,Annual QAPI Plan Evaluation,| Step | Responsible Party | Action | Timeframe | | :---- | :---- | :---- | :---- | | 6.4.1 | QAPI Coordinator | Conduct the formal year-end evaluation of the current QAPI plan. The evaluation must assess: (a) achievement status for each goal (Met / Partially Met / Not Met); (b) outcome of each PIP (Completed / Sustained / Ongoing / Discontinued with rationale); (c) quality indicator trend analysi,CORRIDOR_CONTEXT,HIGH,Corridor context token overlap (2 token hits). Survey-note to section-title overlap (4).
QA-PG-003,QAPI Committee Structure & Meeting Requirements,HH6-1A,9-meeting-scheduling-and-preparation,Meeting Scheduling and Preparation,| Step | Responsible Party | Action | Timeframe | | :---- | :---- | :---- | :---- | | 6.2.1 | QAPI Coordinator | Establish the annual meeting schedule (12 regular monthly meetings) and distribute to all standing members and standing invitees by December 15 of the preceding year. Meetings shall be scheduled at a consistent day and time to maximize attendance. | Annual schedule distributed by December 15. | | 6.2.2 | QAPI Coordinator | Prepare and ,ACHC_CONTEXT,HIGH,"HH standard appears directly in canonical section text. [FinalFix: relocated from reference-section ""24-references"" to substantive section ""9-meeting-scheduling-and-preparation""]"
QA-PG-003,QAPI Committee Structure & Meeting Requirements,HH6-1B.01,8-committee-composition-and-appointment,Committee Composition and Appointment,"- HH6-1B.01: QAPI leader and governing body quality oversight execute and monitor QAPI program ownership, staff participation, and governing body integration. Work steps are tracked with defined owner accountability, required completion timing, and exception escalation; survey evidence is retained in QAPI workpapers, trend logs, governing body minutes, and corrective-action closure records.",POLICY_CONTEXT,HIGH,"Survey-note to section-title overlap (2). Shared policy-context signal: scope. Section hardened with explicit HH6-1B.01 operational workflow, accountable owner, evidence retention expectation, and monitoring/escalation language."
QA-PG-003,QAPI Committee Structure & Meeting Requirements,HH6-1C,8-committee-composition-and-appointment,Committee Composition and Appointment,"- HH6-1C: QAPI leader and governing body quality oversight execute and monitor QAPI program ownership, staff participation, and governing body integration. Work steps are tracked with defined owner accountability, required completion timing, and exception escalation; survey evidence is retained in QAPI workpapers, trend logs, governing body minutes, and corrective-action closure records.",POLICY_CONTEXT,HIGH,"Survey-note to section-title overlap (2). Shared policy-context signal: scope. Section hardened with explicit HH6-1C operational workflow, accountable owner, evidence retention expectation, and monitoring/escalation language."
QA-PG-003,QAPI Committee Structure & Meeting Requirements,HH6-5A,8-committee-composition-and-appointment,Committee Composition and Appointment,"- HH6-5A: QAPI leader and governing body quality oversight execute and monitor high-risk/high-volume/problem-prone prioritization with measurable improvement cycles. Work steps are tracked with defined owner accountability, required completion timing, and exception escalation; survey evidence is retained in QAPI workpapers, trend logs, governing body minutes, and corrective-action closure records.",POLICY_CONTEXT,HIGH,"Survey-note to section-title overlap (2). Shared policy-context signal: scope. Section hardened with explicit HH6-5A operational workflow, accountable owner, evidence retention expectation, and monitoring/escalation language."
QA-PI-001,Performance Improvement Project Management,HH6-1A,29-training-requirements,10. Training Requirements,"10.1 All PIP Leads shall receive training on PIP methodology (PDSA), charter development, data collection, and reporting within 14 calendar days of PIP assignment. 10.2 All QAPI Committee members shall receive annual training on PIP review and evaluation expectations. 10.3 Policy acknowledgment within 14 calendar days per standard.  ---",ACHC_CONTEXT,HIGH,"HH standard appears directly in canonical section text. [FinalFix: relocated from reference-section ""24-references"" to substantive section ""29-training-requirements""]"
QA-PI-001,Performance Improvement Project Management,HH6-1B.01,29-training-requirements,10. Training Requirements,"10.1 All PIP Leads shall receive training on PIP methodology (PDSA), charter development, data collection, and reporting within 14 calendar days of PIP assignment. 10.2 All QAPI Committee members shall receive annual training on PIP review and evaluation expectations. 10.3 Policy acknowledgment within 14 calendar days per standard.  ---",ACHC_CONTEXT,HIGH,"Corridor context token overlap (2 token hits). [FinalFix: relocated from policy-header-section ""2-policy-header"" to substantive section ""29-training-requirements""]"
QA-PI-001,Performance Improvement Project Management,HH6-1C,29-training-requirements,10. Training Requirements,"10.1 All PIP Leads shall receive training on PIP methodology (PDSA), charter development, data collection, and reporting within 14 calendar days of PIP assignment. 10.2 All QAPI Committee members shall receive annual training on PIP review and evaluation expectations. 10.3 Policy acknowledgment within 14 calendar days per standard.  ---",ACHC_CONTEXT,HIGH,"Corridor context token overlap (2 token hits). [FinalFix: relocated from policy-header-section ""2-policy-header"" to substantive section ""29-training-requirements""]"
QA-PI-001,Performance Improvement Project Management,HH6-1D.01,29-training-requirements,10. Training Requirements,"10.1 All PIP Leads shall receive training on PIP methodology (PDSA), charter development, data collection, and reporting within 14 calendar days of PIP assignment. 10.2 All QAPI Committee members shall receive annual training on PIP review and evaluation expectations. 10.3 Policy acknowledgment within 14 calendar days per standard.  ---",ACHC_CONTEXT,HIGH,"Corridor context token overlap (2 token hits). [FinalFix: relocated from policy-header-section ""2-policy-header"" to substantive section ""29-training-requirements""]"
QA-PI-002,Quality Indicator Monitoring & Reporting,HH6-1A,8-quality-indicator-selection-and-dashboard-design,Quality Indicator Selection and Dashboard Design,"| Step | Responsible Party | Action | Timeframe | | :---- | :---- | :---- | :---- | | 6.1.1 | QAPI Coordinator | Establish the Quality Indicator Dashboard with indicators covering the following mandatory categories. For each indicator, define: (a) indicator name; (b) category; (c) data source; (d) calculation methodology; (e) reporting frequency; (f) performance threshold; (g) national benchmark (if available); (h) responsible data collector. | E",ACHC_CONTEXT,HIGH,"HH standard appears directly in canonical section text. [FinalFix: relocated from reference-section ""21-references"" to substantive section ""8-quality-indicator-selection-and-dashboard-design""]"
QA-PI-002,Quality Indicator Monitoring & Reporting,HH6-4A,8-quality-indicator-selection-and-dashboard-design,Quality Indicator Selection and Dashboard Design,"- HH6-4A: QAPI leader and governing body quality oversight execute and monitor performance indicator monitoring, administrative function surveillance, and variance follow-up. Work steps are tracked with defined owner accountability, required completion timing, and exception escalation; survey evidence is retained in QAPI workpapers, trend logs, governing body minutes, and corrective-action closure records.",POLICY_CONTEXT,HIGH,"Survey-note to section-title overlap (2). Section hardened with explicit HH6-4A operational workflow, accountable owner, evidence retention expectation, and monitoring/escalation language."
QA-PI-002,Quality Indicator Monitoring & Reporting,HH7-9A.01,4-scope,3. Scope,"- HH7-9A.01: QAPI leader and governing body quality oversight execute and monitor equipment quality-control logging and safe-use verification. Work steps are tracked with defined owner accountability, required completion timing, and exception escalation; survey evidence is retained in safety logs, drill/test records, incident documentation, and remediation verification.",POLICY_CONTEXT,HIGH,"Survey-note to section-title overlap (2). [Pass 3: relocated to higher-scoring section (score 5)] Section hardened with explicit HH7-9A.01 operational workflow, accountable owner, evidence retention expectation, and monitoring/escalation language."
QA-PI-003,Clinical Outcome Benchmarking,HH6-3A.01,8-benchmark-data-sources-and-collection,Benchmark Data Sources and Collection,"- HH6-3A.01: QAPI leader and governing body quality oversight execute and monitor annual QAPI reporting, trend synthesis, and action closure documentation. Work steps are tracked with defined owner accountability, required completion timing, and exception escalation; survey evidence is retained in QAPI workpapers, trend logs, governing body minutes, and corrective-action closure records.",POLICY_CONTEXT,HIGH,"Survey-note to section-title overlap (2). Section hardened with explicit HH6-3A.01 operational workflow, accountable owner, evidence retention expectation, and monitoring/escalation language."
QA-PI-004,Data-Driven Decision Making,HH6-4A,4-scope,3. Scope,"- HH6-4A: QAPI leader and governing body quality oversight execute and monitor performance indicator monitoring, administrative function surveillance, and variance follow-up. Work steps are tracked with defined owner accountability, required completion timing, and exception escalation; survey evidence is retained in QAPI workpapers, trend logs, governing body minutes, and corrective-action closure records.",POLICY_CONTEXT,HIGH,"Shared policy-context signal: scope. Section hardened with explicit HH6-4A operational workflow, accountable owner, evidence retention expectation, and monitoring/escalation language."
QA-PI-005,Staff Competency Integration with QAPI,HH6-1A,14-common-failure-points,Common Failure Points,| Failure Point | Risk | Mitigation | | :---- | :---- | :---- | | Competency evaluation is siloed in HR with no QAPI visibility. | Competency gaps not linked to quality outcomes; missed improvement opportunities. | Mandate quarterly reporting to QAPI per this policy. | | Individual deficiencies addressed but systemic patterns ignored. | Underlying systems issues persist despite individual remediation. | Require systemic pattern analysis and syste,ACHC_CONTEXT,HIGH,"HH standard appears directly in canonical section text. [FinalFix: relocated from reference-section ""21-references"" to substantive section ""14-common-failure-points""]"
QA-PI-005,Staff Competency Integration with QAPI,HH6-1D.01,14-common-failure-points,Common Failure Points,"- HH6-1D.01: QAPI leader and governing body quality oversight execute and monitor QAPI program ownership, staff participation, and governing body integration. Work steps are tracked with defined owner accountability, required completion timing, and exception escalation; survey evidence is retained in QAPI workpapers, trend logs, governing body minutes, and corrective-action closure records.",POLICY_CONTEXT,HIGH,"Survey-note to section-title overlap (2). [Pass 3: relocated to higher-scoring section (score 12)] [Pass 7: upgraded LOW→MEDIUM — section contains 3 regulatory references matching HH standard domain] Section hardened with explicit HH6-1D.01 operational workflow, accountable owner, evidence retention expectation, and monitoring/escalation language."
QA-PI-006,Visit Utilization & LUPA Risk Management Program,HH6-1A,29-training-requirements,10. Training Requirements,"10.1 All LUPA Prevention Team members shall receive orientation to this policy, the LUPA Risk Dashboard, root cause classification methodology, and intervention protocols within 14 calendar days of appointment. Orientation shall be conducted by the QAPI Coordinator or CFO designee. 10.2 All clinical staff (RNs, LVNs, therapists, MSWs, HHAs) shall receive training during annual mandatory training (per HR-TD-001) on: (a) the relationship between vi",ACHC_CONTEXT,HIGH,"HH standard appears directly in canonical section text. [FinalFix: relocated from reference-section ""24-references"" to substantive section ""29-training-requirements""]"
QA-PI-006,Visit Utilization & LUPA Risk Management Program,HH6-4A,20-compliance-monitoring,8. Compliance Monitoring,"- HH6-4A: QAPI leader and governing body quality oversight execute and monitor performance indicator monitoring, administrative function surveillance, and variance follow-up. Work steps are tracked with defined owner accountability, required completion timing, and exception escalation; survey evidence is retained in QAPI workpapers, trend logs, governing body minutes, and corrective-action closure records.",POLICY_CONTEXT,HIGH,"Survey-note to section-title overlap (2). Shared policy-context signal: compliance. Section hardened with explicit HH6-4A operational workflow, accountable owner, evidence retention expectation, and monitoring/escalation language."
QA-PI-007,Staff Competency Impact on Patient Outcomes,HH6-1A,3-purpose,2. Purpose,"This policy requires Care Indeed Home Health Care, Inc. to establish a measurable linkage between staff competency evaluation results and patient outcome data. While QA-PI-005 establishes the integration of competency data into the QAPI program for pattern identification and system-level response, this policy goes further by mandating specific metrics that demonstrate training effectiveness, quantify the relationship between competency performanc",ACHC_CONTEXT,HIGH,"HH standard appears directly in canonical section text. [FinalFix: relocated from reference-section ""24-references"" to substantive section ""3-purpose""]"
QA-PI-007,Staff Competency Impact on Patient Outcomes,HH6-1D.01,3-purpose,2. Purpose,"This policy requires Care Indeed Home Health Care, Inc. to establish a measurable linkage between staff competency evaluation results and patient outcome data. While QA-PI-005 establishes the integration of competency data into the QAPI program for pattern identification and system-level response, this policy goes further by mandating specific metrics that demonstrate training effectiveness, quantify the relationship between competency performanc",ACHC_CONTEXT,HIGH,"Survey-note to section-title overlap (3). [Pass 3: relocated to higher-scoring section (score 10)] [Pass 6: deep rescan relocated to better section (score 19)] [Pass 7: upgraded LOW→MEDIUM — section contains 3 regulatory references matching HH standard domain] [FinalFix: relocated from reference-section ""24-references"" to substantive section ""3-purpose""]"
QA-SM-001,Utilization Review & Management,HH6-1A,29-training-requirements,10. Training Requirements,"10.1 All clinical supervisors and the DON shall receive training on utilization review methodology, case-level review standards, and documentation of medical necessity within 14 calendar days of assignment. Training must cover: (a) UR criteria and outlier thresholds; (b) how to conduct a case-level review; (c) medical necessity documentation standards; (d) escalation pathways. 10.2 All clinical staff (RNs, LVNs, therapists, MSWs) shall receive tr",ACHC_CONTEXT,HIGH,"HH standard appears directly in canonical section text. [FinalFix: relocated from reference-section ""24-references"" to substantive section ""29-training-requirements""]"
QA-SM-001,Utilization Review & Management,HH6-1B.01,29-training-requirements,10. Training Requirements,"10.1 All clinical supervisors and the DON shall receive training on utilization review methodology, case-level review standards, and documentation of medical necessity within 14 calendar days of assignment. Training must cover: (a) UR criteria and outlier thresholds; (b) how to conduct a case-level review; (c) medical necessity documentation standards; (d) escalation pathways. 10.2 All clinical staff (RNs, LVNs, therapists, MSWs) shall receive tr",ACHC_CONTEXT,HIGH,"Corridor context token overlap (2 token hits). Shared policy-context signal: compliance. [FinalFix: relocated from reference-section ""24-references"" to substantive section ""29-training-requirements""]"
QA-SM-002,Infection Surveillance & Trending,HH7-1D.01,7-procedures,6. Procedures,"| Step | Responsible Party | Action | Timeframe | | :---- | :---- | :---- | :---- | | 1 | QAPI Coordinator | Review policy requirements and confirm role-based responsibilities for QA-SM-002. | Prior to implementation and at annual review. | | 2 | Assigned Staff | Execute infection surveillance & trending activities using approved tools, forms, and documentation standards. | At point of care/operat",ACHC_CONTEXT,HIGH,Survey notes reference section 6.
QA-SM-002,Infection Surveillance & Trending,HH7-1D,7-procedures,6. Procedures,"| Step | Responsible Party | Action | Timeframe | | :---- | :---- | :---- | :---- | | 1 | QAPI Coordinator | Review policy requirements and confirm role-based responsibilities for QA-SM-002. | Prior to implementation and at annual review. | | 2 | Assigned Staff | Execute infection surveillance & trending activities using approved tools, forms, and documentation standards. | At point of care/operat",ACHC_CONTEXT,HIGH,Survey notes reference section 6.
QA-SM-002,Infection Surveillance & Trending,HH7-2A.01,7-procedures,6. Procedures,"| Step | Responsible Party | Action | Timeframe | | :---- | :---- | :---- | :---- | | 1 | QAPI Coordinator | Review policy requirements and confirm role-based responsibilities for QA-SM-002. | Prior to implementation and at annual review. | | 2 | Assigned Staff | Execute infection surveillance & trending activities using approved tools, forms, and documentation standards. | At point of care/operat",ACHC_CONTEXT,HIGH,Survey notes reference section 6.
QA-SM-002,Infection Surveillance & Trending,HH7-2B.01,7-procedures,6. Procedures,"| Step | Responsible Party | Action | Timeframe | | :---- | :---- | :---- | :---- | | 1 | QAPI Coordinator | Review policy requirements and confirm role-based responsibilities for QA-SM-002. | Prior to implementation and at annual review. | | 2 | Assigned Staff | Execute infection surveillance & trending activities using approved tools, forms, and documentation standards. | At point of care/operat",ACHC_CONTEXT,HIGH,Survey notes reference section 6.
QA-SM-003,Patient Satisfaction Survey & Analysis,HH6-4A.05,10-supplemental-patient-satisfaction-monitoring,Supplemental Patient Satisfaction Monitoring,| Step | Responsible Party | Action | Timeframe | | :---- | :---- | :---- | :---- | | 6.3.1 | DON / Clinical Supervisors | Conduct Post-Discharge Satisfaction Calls for all discharged patients within 7 calendar days of discharge using the standardized call script (Appendix C). The call must address: (a) overall satisfaction with care; (b) communication experience with clinical staff; (c) whether c,CORRIDOR_CONTEXT,HIGH,Corridor context token overlap (3 token hits). Survey-note to section-title overlap (2).
QA-SM-004,Home Health Compare & Star Rating Monitoring,HH6-3A.01,11-comprehensive-star-rating-improvement-plan,Comprehensive Star Rating Improvement Plan,"- HH6-3A.01: QAPI leader and governing body quality oversight execute and monitor annual QAPI reporting, trend synthesis, and action closure documentation. Work steps are tracked with defined owner accountability, required completion timing, and exception escalation; survey evidence is retained in QAPI workpapers, trend logs, governing body minutes, and corrective-action closure records.",POLICY_CONTEXT,HIGH,"Survey-note to section-title overlap (3). Section hardened with explicit HH6-3A.01 operational workflow, accountable owner, evidence retention expectation, and monitoring/escalation language."
QA-SM-004,Home Health Compare & Star Rating Monitoring,HH6-4A.04,11-comprehensive-star-rating-improvement-plan,Comprehensive Star Rating Improvement Plan,"- HH6-4A.04: QAPI leader and governing body quality oversight execute and monitor performance indicator monitoring, administrative function surveillance, and variance follow-up. Work steps are tracked with defined owner accountability, required completion timing, and exception escalation; survey evidence is retained in QAPI workpapers, trend logs, governing body minutes, and corrective-action closure records.",POLICY_CONTEXT,HIGH,"Survey-note to section-title overlap (3). Section hardened with explicit HH6-4A.04 operational workflow, accountable owner, evidence retention expectation, and monitoring/escalation language."
QA-SM-005,Policy Effectiveness Monitoring and Outcome Validation,HH6-1A,11-incident-correlation-analysis,Incident Correlation Analysis,"| Step | Responsible Party | Action | Timeframe | | :---- | :---- | :---- | :---- | | 6.4.1 | QAPI Coordinator | Semiannually, conduct an Incident Correlation Analysis reviewing all adverse events and near-misses reported in the prior 6 months per QA-AE-001. For each incident category, determine: (a) whether the incident could have been prevented if the related policy had been followed; (b) whether the related policy was in fact followed (review ",ACHC_CONTEXT,HIGH,"HH standard appears directly in canonical section text. [FinalFix: relocated from reference-section ""24-references"" to substantive section ""11-incident-correlation-analysis""]"
QA-SM-005,Policy Effectiveness Monitoring and Outcome Validation,HH6-4A,10-outcome-indicator-monitoring,Outcome Indicator Monitoring,"- HH6-4A: QAPI leader and governing body quality oversight execute and monitor performance indicator monitoring, administrative function surveillance, and variance follow-up. Work steps are tracked with defined owner accountability, required completion timing, and exception escalation; survey evidence is retained in QAPI workpapers, trend logs, governing body minutes, and corrective-action closure records.",POLICY_CONTEXT,HIGH,"Survey-note to section-title overlap (3). Shared policy-context signal: compliance. Section hardened with explicit HH6-4A operational workflow, accountable owner, evidence retention expectation, and monitoring/escalation language."
RM-EP-001,Emergency Preparedness Program — Governing Policy,HH7-2A.01,11-emergency-communication-plan,Emergency Communication Plan,"| Step | Responsible Party | Action | Timeframe | | :---- | :---- | :---- | :---- | | 6.4.1 | Administrator | Maintain a current, printed Emergency Contact Directory (Appendix D) that is distributed to all supervisors and updated at least annually (or within 14 days of any contact change). The directory must contain: (a) All agency staff with primary and secondary phone contact methods; (b) Govern",CORRIDOR_CONTEXT,HIGH,Corridor context token overlap (3 token hits). Survey-note to section-title overlap (3).
RM-EP-001,Emergency Preparedness Program — Governing Policy,HH7-2B.01,11-emergency-communication-plan,Emergency Communication Plan,"| Step | Responsible Party | Action | Timeframe | | :---- | :---- | :---- | :---- | | 6.4.1 | Administrator | Maintain a current, printed Emergency Contact Directory (Appendix D) that is distributed to all supervisors and updated at least annually (or within 14 days of any contact change). The directory must contain: (a) All agency staff with primary and secondary phone contact methods; (b) Govern",CORRIDOR_CONTEXT,HIGH,Corridor context token overlap (3 token hits). Survey-note to section-title overlap (3).
RM-EP-001,Emergency Preparedness Program — Governing Policy,HH7-3A,4-scope,3. Scope,"This program applies to:  * All employees, contractors, volunteers, and students of Care Indeed Home Health Care, Inc. * All patients actively enrolled in care with the agency, from the date of admission through the date of discharge * All operational sites: main office, any satellite/branch offices, and the full geographic service area in which home visits are conducted * All emergency and disaster scenarios identified in the Risk Assessment (Se",ACHC_CONTEXT,HIGH,"HH standard appears directly in canonical section text. [FinalFix: relocated from reference-section ""24-references"" to substantive section ""4-scope""]"
RM-EP-001,Emergency Preparedness Program — Governing Policy,HH7-3B,4-scope,3. Scope,"This program applies to:  * All employees, contractors, volunteers, and students of Care Indeed Home Health Care, Inc. * All patients actively enrolled in care with the agency, from the date of admission through the date of discharge * All operational sites: main office, any satellite/branch offices, and the full geographic service area in which home visits are conducted * All emergency and disaster scenarios identified in the Risk Assessment (Se",ACHC_CONTEXT,HIGH,"HH standard appears directly in canonical section text. [FinalFix: relocated from reference-section ""24-references"" to substantive section ""4-scope""]"
RM-EP-001,Emergency Preparedness Program — Governing Policy,HH7-3C,4-scope,3. Scope,"This program applies to:  * All employees, contractors, volunteers, and students of Care Indeed Home Health Care, Inc. * All patients actively enrolled in care with the agency, from the date of admission through the date of discharge * All operational sites: main office, any satellite/branch offices, and the full geographic service area in which home visits are conducted * All emergency and disaster scenarios identified in the Risk Assessment (Se",ACHC_CONTEXT,HIGH,"HH standard appears directly in canonical section text. [FinalFix: relocated from reference-section ""24-references"" to substantive section ""4-scope""]"
RM-EP-001,Emergency Preparedness Program — Governing Policy,HH7-3D,4-scope,3. Scope,"This program applies to:  * All employees, contractors, volunteers, and students of Care Indeed Home Health Care, Inc. * All patients actively enrolled in care with the agency, from the date of admission through the date of discharge * All operational sites: main office, any satellite/branch offices, and the full geographic service area in which home visits are conducted * All emergency and disaster scenarios identified in the Risk Assessment (Se",ACHC_CONTEXT,HIGH,"HH standard appears directly in canonical section text. [FinalFix: relocated from reference-section ""24-references"" to substantive section ""4-scope""]"
RM-EP-001,Emergency Preparedness Program — Governing Policy,HH7-3E,4-scope,3. Scope,"This program applies to:  * All employees, contractors, volunteers, and students of Care Indeed Home Health Care, Inc. * All patients actively enrolled in care with the agency, from the date of admission through the date of discharge * All operational sites: main office, any satellite/branch offices, and the full geographic service area in which home visits are conducted * All emergency and disaster scenarios identified in the Risk Assessment (Se",ACHC_CONTEXT,HIGH,"HH standard appears directly in canonical section text. [FinalFix: relocated from reference-section ""24-references"" to substantive section ""4-scope""]"
RM-EP-002,Emergency Preparedness Training & Testing Program,HH7-2A.01,3-purpose,1. Purpose,"- HH7-2A.01: Risk Manager and safety program owners execute and monitor occupational safety controls, hazard prevention, and work-practice enforcement. Work steps are tracked with defined owner accountability, required completion timing, and exception escalation; survey evidence is retained in safety logs, drill/test records, incident documentation, and remediation verification.",POLICY_CONTEXT,HIGH,"Corridor context token overlap (2 token hits). [FinalFix: relocated from policy-header-section ""2-policy-header"" to substantive section ""3-purpose""] Section hardened with explicit HH7-2A.01 operational workflow, accountable owner, evidence retention expectation, and monitoring/escalation language."
RM-EP-002,Emergency Preparedness Training & Testing Program,HH7-2B.01,3-purpose,1. Purpose,"- HH7-2B.01: Risk Manager and safety program owners execute and monitor occupational safety controls, hazard prevention, and work-practice enforcement. Work steps are tracked with defined owner accountability, required completion timing, and exception escalation; survey evidence is retained in safety logs, drill/test records, incident documentation, and remediation verification.",POLICY_CONTEXT,HIGH,"Corridor context token overlap (2 token hits). [FinalFix: relocated from policy-header-section ""2-policy-header"" to substantive section ""3-purpose""] Section hardened with explicit HH7-2B.01 operational workflow, accountable owner, evidence retention expectation, and monitoring/escalation language."
RM-EP-002,Emergency Preparedness Training & Testing Program,HH7-3A,5-policy-statements,3. Policy Statements,"- HH7-3A: Risk Manager and safety program owners execute and monitor emergency preparedness planning, communication, training, and testing readiness. Work steps are tracked with defined owner accountability, required completion timing, and exception escalation; survey evidence is retained in safety logs, drill/test records, incident documentation, and remediation verification.",POLICY_CONTEXT,HIGH,"Corridor context token overlap (2 token hits). [FinalFix: relocated from policy-header-section ""2-policy-header"" to substantive section ""5-policy-statements""] Section hardened with explicit HH7-3A operational workflow, accountable owner, evidence retention expectation, and monitoring/escalation language."
RM-EP-002,Emergency Preparedness Training & Testing Program,HH7-3B,5-policy-statements,3. Policy Statements,"- HH7-3B: Risk Manager and safety program owners execute and monitor emergency preparedness planning, communication, training, and testing readiness. Work steps are tracked with defined owner accountability, required completion timing, and exception escalation; survey evidence is retained in safety logs, drill/test records, incident documentation, and remediation verification.",POLICY_CONTEXT,HIGH,"Corridor context token overlap (2 token hits). [FinalFix: relocated from policy-header-section ""2-policy-header"" to substantive section ""5-policy-statements""] Section hardened with explicit HH7-3B operational workflow, accountable owner, evidence retention expectation, and monitoring/escalation language."
RM-EP-003,Patient Emergency Communication Plan,HH7-2A.01,3-purpose,1. Purpose,"- HH7-2A.01: Risk Manager and safety program owners execute and monitor occupational safety controls, hazard prevention, and work-practice enforcement. Work steps are tracked with defined owner accountability, required completion timing, and exception escalation; survey evidence is retained in safety logs, drill/test records, incident documentation, and remediation verification.",POLICY_CONTEXT,HIGH,"Corridor context token overlap (3 token hits). [FinalFix: relocated from policy-header-section ""2-policy-header"" to substantive section ""3-purpose""] Section hardened with explicit HH7-2A.01 operational workflow, accountable owner, evidence retention expectation, and monitoring/escalation language."
RM-EP-003,Patient Emergency Communication Plan,HH7-2B.01,3-purpose,1. Purpose,"- HH7-2B.01: Risk Manager and safety program owners execute and monitor occupational safety controls, hazard prevention, and work-practice enforcement. Work steps are tracked with defined owner accountability, required completion timing, and exception escalation; survey evidence is retained in safety logs, drill/test records, incident documentation, and remediation verification.",POLICY_CONTEXT,HIGH,"Corridor context token overlap (3 token hits). [FinalFix: relocated from policy-header-section ""2-policy-header"" to substantive section ""3-purpose""] Section hardened with explicit HH7-2B.01 operational workflow, accountable owner, evidence retention expectation, and monitoring/escalation language."
RM-EP-003,Patient Emergency Communication Plan,HH7-3C,5-policy-statements,3. Policy Statements,"3.1 Patient Risk Assessment: At admission, the admitting RN shall complete a Patient Emergency Risk Assessment as part of the standard intake process. The assessment shall document: (a) Electrical-dependent equipment in use (oxygen concentrator, ventilator, suction machine, hospital bed, lifts); (b) Mobility status: ambulatory, wheelchair-dependent, bed-bound, ability to self-evacuate; (c) Communication limitations: language, hearing, vision, cog",ACHC_CONTEXT,HIGH,"HH standard appears directly in canonical section text. [FinalFix: relocated from reference-section ""20-compliance-regulatory-references"" to substantive section ""5-policy-statements""]"
RM-EP-003,Patient Emergency Communication Plan,HH7-3D,5-policy-statements,3. Policy Statements,"3.1 Patient Risk Assessment: At admission, the admitting RN shall complete a Patient Emergency Risk Assessment as part of the standard intake process. The assessment shall document: (a) Electrical-dependent equipment in use (oxygen concentrator, ventilator, suction machine, hospital bed, lifts); (b) Mobility status: ambulatory, wheelchair-dependent, bed-bound, ability to self-evacuate; (c) Communication limitations: language, hearing, vision, cog",ACHC_CONTEXT,HIGH,"HH standard appears directly in canonical section text. [FinalFix: relocated from reference-section ""20-compliance-regulatory-references"" to substantive section ""5-policy-statements""]"
RM-ER-002,Incident Reporting & Investigation,HH2-4A,7-procedures,5. Procedures,"- HH2-4A: Risk Manager and safety program owners execute and monitor documented operational controls, accountable ownership, and auditable evidence maintenance. Work steps are tracked with defined owner accountability, required completion timing, and exception escalation; survey evidence is retained in patient/staff communications, acknowledgments, complaint/compliance logs, and documented follow-up.",POLICY_CONTEXT,HIGH,"Corridor context token overlap (2 token hits). Shared policy-context signal: procedure. Section hardened with explicit HH2-4A operational workflow, accountable owner, evidence retention expectation, and monitoring/escalation language."
RM-ER-002,Incident Reporting & Investigation,HH6-6A,7-procedures,5. Procedures,"- HH6-6A: Risk Manager and safety program owners execute and monitor patient variance monitoring and corrective intervention governance. Work steps are tracked with defined owner accountability, required completion timing, and exception escalation; survey evidence is retained in QAPI workpapers, trend logs, governing body minutes, and corrective-action closure records.",POLICY_CONTEXT,HIGH,"Corridor context token overlap (2 token hits). Shared policy-context signal: procedure. Section hardened with explicit HH6-6A operational workflow, accountable owner, evidence retention expectation, and monitoring/escalation language."
RM-ER-002,Incident Reporting & Investigation,HH7-7A.01,7-procedures,5. Procedures,"- HH7-7A.01: Risk Manager and safety program owners execute and monitor OSHA injury/illness log maintenance and trend response process. Work steps are tracked with defined owner accountability, required completion timing, and exception escalation; survey evidence is retained in safety logs, drill/test records, incident documentation, and remediation verification.",POLICY_CONTEXT,HIGH,"Corridor context token overlap (2 token hits). Shared policy-context signal: procedure. Section hardened with explicit HH7-7A.01 operational workflow, accountable owner, evidence retention expectation, and monitoring/escalation language."
RM-ER-005,Risk Trending & Pattern Analysis,HH1-1A.01,20-compliance-monitoring-and-measurement,7. Compliance Monitoring and Measurement,"- HH1-1A.01: Risk Manager and safety program owners execute and monitor governance accountability, licensing oversight, and operational control execution. Work steps are tracked with defined owner accountability, required completion timing, and exception escalation; survey evidence is retained in governance records, role documents, approval logs, and oversight meeting evidence.",POLICY_CONTEXT,HIGH,"Corridor context token overlap (2 token hits). Section hardened with explicit HH1-1A.01 operational workflow, accountable owner, evidence retention expectation, and monitoring/escalation language."
RM-ER-005,Risk Trending & Pattern Analysis,HH7-1A,20-compliance-monitoring-and-measurement,7. Compliance Monitoring and Measurement,"- HH7-1A: Risk Manager and safety program owners execute and monitor infection control and staff safety program implementation with active surveillance. Work steps are tracked with defined owner accountability, required completion timing, and exception escalation; survey evidence is retained in safety logs, drill/test records, incident documentation, and remediation verification.",POLICY_CONTEXT,HIGH,"Corridor context token overlap (2 token hits). Section hardened with explicit HH7-1A operational workflow, accountable owner, evidence retention expectation, and monitoring/escalation language."
RM-ER-005,Risk Trending & Pattern Analysis,HH7-1D.01,20-compliance-monitoring-and-measurement,7. Compliance Monitoring and Measurement,"- HH7-1D.01: Risk Manager and safety program owners execute and monitor infection control and staff safety program implementation with active surveillance. Work steps are tracked with defined owner accountability, required completion timing, and exception escalation; survey evidence is retained in safety logs, drill/test records, incident documentation, and remediation verification.",POLICY_CONTEXT,HIGH,"Corridor context token overlap (2 token hits). Section hardened with explicit HH7-1D.01 operational workflow, accountable owner, evidence retention expectation, and monitoring/escalation language."
RM-ER-005,Risk Trending & Pattern Analysis,HH7-1D,20-compliance-monitoring-and-measurement,7. Compliance Monitoring and Measurement,"- HH7-1D: Risk Manager and safety program owners execute and monitor infection control and staff safety program implementation with active surveillance. Work steps are tracked with defined owner accountability, required completion timing, and exception escalation; survey evidence is retained in safety logs, drill/test records, incident documentation, and remediation verification.",POLICY_CONTEXT,HIGH,"Corridor context token overlap (2 token hits). Section hardened with explicit HH7-1D operational workflow, accountable owner, evidence retention expectation, and monitoring/escalation language."
RM-ER-005,Risk Trending & Pattern Analysis,HH7-2A.01,8-data-collection-and-aggregation,Data Collection and Aggregation,"- HH7-2A.01: Risk Manager and safety program owners execute and monitor occupational safety controls, hazard prevention, and work-practice enforcement. Work steps are tracked with defined owner accountability, required completion timing, and exception escalation; survey evidence is retained in safety logs, drill/test records, incident documentation, and remediation verification.",POLICY_CONTEXT,HIGH,"HH standard appears directly in canonical section text. [FinalFix: relocated from reference-section ""24-regulatory-references-and-cross-referenced-policies"" to substantive section ""8-data-collection-and-aggregation""] Section hardened with explicit HH7-2A.01 operational workflow, accountable owner, evidence retention expectation, and monitoring/escalation language."
RM-ER-005,Risk Trending & Pattern Analysis,HH7-2B.01,8-data-collection-and-aggregation,Data Collection and Aggregation,"- HH7-2B.01: Risk Manager and safety program owners execute and monitor occupational safety controls, hazard prevention, and work-practice enforcement. Work steps are tracked with defined owner accountability, required completion timing, and exception escalation; survey evidence is retained in safety logs, drill/test records, incident documentation, and remediation verification.",POLICY_CONTEXT,HIGH,"HH standard appears directly in canonical section text. [FinalFix: relocated from reference-section ""24-regulatory-references-and-cross-referenced-policies"" to substantive section ""8-data-collection-and-aggregation""] Section hardened with explicit HH7-2B.01 operational workflow, accountable owner, evidence retention expectation, and monitoring/escalation language."
RM-ER-005,Risk Trending & Pattern Analysis,HH7-6A.01,20-compliance-monitoring-and-measurement,7. Compliance Monitoring and Measurement,"- HH7-6A.01: Risk Manager and safety program owners execute and monitor hazard communication, SDS access, and spill/waste handling controls. Work steps are tracked with defined owner accountability, required completion timing, and exception escalation; survey evidence is retained in safety logs, drill/test records, incident documentation, and remediation verification.",POLICY_CONTEXT,HIGH,"Corridor context token overlap (2 token hits). Section hardened with explicit HH7-6A.01 operational workflow, accountable owner, evidence retention expectation, and monitoring/escalation language."
RM-ER-005,Risk Trending & Pattern Analysis,HH7-6B.01,20-compliance-monitoring-and-measurement,7. Compliance Monitoring and Measurement,"- HH7-6B.01: Risk Manager and safety program owners execute and monitor hazard communication, SDS access, and spill/waste handling controls. Work steps are tracked with defined owner accountability, required completion timing, and exception escalation; survey evidence is retained in safety logs, drill/test records, incident documentation, and remediation verification.",POLICY_CONTEXT,HIGH,"Corridor context token overlap (2 token hits). Section hardened with explicit HH7-6B.01 operational workflow, accountable owner, evidence retention expectation, and monitoring/escalation language."
RM-ER-005,Risk Trending & Pattern Analysis,HH7-7A.01,20-compliance-monitoring-and-measurement,7. Compliance Monitoring and Measurement,"- HH7-7A.01: Risk Manager and safety program owners execute and monitor OSHA injury/illness log maintenance and trend response process. Work steps are tracked with defined owner accountability, required completion timing, and exception escalation; survey evidence is retained in safety logs, drill/test records, incident documentation, and remediation verification.",POLICY_CONTEXT,HIGH,"Corridor context token overlap (2 token hits). Section hardened with explicit HH7-7A.01 operational workflow, accountable owner, evidence retention expectation, and monitoring/escalation language."
RM-ER-005,Risk Trending & Pattern Analysis,HH7-9A.01,20-compliance-monitoring-and-measurement,7. Compliance Monitoring and Measurement,"- HH7-9A.01: Risk Manager and safety program owners execute and monitor equipment quality-control logging and safe-use verification. Work steps are tracked with defined owner accountability, required completion timing, and exception escalation; survey evidence is retained in safety logs, drill/test records, incident documentation, and remediation verification.",POLICY_CONTEXT,HIGH,"Corridor context token overlap (2 token hits). Section hardened with explicit HH7-9A.01 operational workflow, accountable owner, evidence retention expectation, and monitoring/escalation language."
RM-OS-001,Cal/OSHA Injury & Illness Prevention Program (IIPP),HH1-1A.01,11-workplace-hazard-identification-and-evaluation,Workplace Hazard Identification and Evaluation,"- HH1-1A.01: Risk Manager and safety program owners execute and monitor governance accountability, licensing oversight, and operational control execution. Work steps are tracked with defined owner accountability, required completion timing, and exception escalation; survey evidence is retained in governance records, role documents, approval logs, and oversight meeting evidence.",POLICY_CONTEXT,HIGH,"Corridor context token overlap (2 token hits). Section hardened with explicit HH1-1A.01 operational workflow, accountable owner, evidence retention expectation, and monitoring/escalation language."
RM-OS-001,Cal/OSHA Injury & Illness Prevention Program (IIPP),HH7-1A,11-workplace-hazard-identification-and-evaluation,Workplace Hazard Identification and Evaluation,"- HH7-1A: Risk Manager and safety program owners execute and monitor infection control and staff safety program implementation with active surveillance. Work steps are tracked with defined owner accountability, required completion timing, and exception escalation; survey evidence is retained in safety logs, drill/test records, incident documentation, and remediation verification.",POLICY_CONTEXT,HIGH,"Corridor context token overlap (2 token hits). Section hardened with explicit HH7-1A operational workflow, accountable owner, evidence retention expectation, and monitoring/escalation language."
RM-OS-001,Cal/OSHA Injury & Illness Prevention Program (IIPP),HH7-1D,11-workplace-hazard-identification-and-evaluation,Workplace Hazard Identification and Evaluation,"- HH7-1D: Risk Manager and safety program owners execute and monitor infection control and staff safety program implementation with active surveillance. Work steps are tracked with defined owner accountability, required completion timing, and exception escalation; survey evidence is retained in safety logs, drill/test records, incident documentation, and remediation verification.",POLICY_CONTEXT,HIGH,"Corridor context token overlap (2 token hits). Section hardened with explicit HH7-1D operational workflow, accountable owner, evidence retention expectation, and monitoring/escalation language."
RM-OS-001,Cal/OSHA Injury & Illness Prevention Program (IIPP),HH7-2A.01,10-employee-safety-communication-system,Employee Safety Communication System,"| Step | Responsible Party | Action | Timeframe | | :---- | :---- | :---- | :---- | | 6.3.1 | Risk Manager | Conduct safety-focused staff meetings or safety huddles with all employees at least quarterly. Topics shall include: hazard alerts, incident summaries (de-identified), regulatory updates, and safety improvement initiatives. Document attendance and topics. | Quarterly; documentation retained. | | 6.3.2 | Risk Manager | Maintain a safety com",ACHC_CONTEXT,HIGH,"HH standard appears directly in canonical section text. [FinalFix: relocated from reference-section ""24-references"" to substantive section ""10-employee-safety-communication-system""]"
RM-OS-001,Cal/OSHA Injury & Illness Prevention Program (IIPP),HH7-2B.01,10-employee-safety-communication-system,Employee Safety Communication System,"| Step | Responsible Party | Action | Timeframe | | :---- | :---- | :---- | :---- | | 6.3.1 | Risk Manager | Conduct safety-focused staff meetings or safety huddles with all employees at least quarterly. Topics shall include: hazard alerts, incident summaries (de-identified), regulatory updates, and safety improvement initiatives. Document attendance and topics. | Quarterly; documentation retained. | | 6.3.2 | Risk Manager | Maintain a safety com",ACHC_CONTEXT,HIGH,"HH standard appears directly in canonical section text. [FinalFix: relocated from reference-section ""24-references"" to substantive section ""10-employee-safety-communication-system""]"
RM-OS-001,Cal/OSHA Injury & Illness Prevention Program (IIPP),HH7-5A.01,4-scope,3. Scope,"- HH7-5A.01: Risk Manager and safety program owners execute and monitor fire/power safety test execution and documented outcomes. Work steps are tracked with defined owner accountability, required completion timing, and exception escalation; survey evidence is retained in safety logs, drill/test records, incident documentation, and remediation verification.",POLICY_CONTEXT,HIGH,"HH standard appears directly in canonical section text. [FinalFix: relocated from reference-section ""24-references"" to substantive section ""4-scope""] Section hardened with explicit HH7-5A.01 operational workflow, accountable owner, evidence retention expectation, and monitoring/escalation language."
RM-OS-001,Cal/OSHA Injury & Illness Prevention Program (IIPP),HH7-6A.01,6-definitions,4. Definitions,"- HH7-6A.01: Risk Manager and safety program owners execute and monitor hazard communication, SDS access, and spill/waste handling controls. Work steps are tracked with defined owner accountability, required completion timing, and exception escalation; survey evidence is retained in safety logs, drill/test records, incident documentation, and remediation verification.",POLICY_CONTEXT,HIGH,"HH standard appears directly in canonical section text. [FinalFix: relocated from reference-section ""24-references"" to substantive section ""6-definitions""] Section hardened with explicit HH7-6A.01 operational workflow, accountable owner, evidence retention expectation, and monitoring/escalation language."
RM-OS-001,Cal/OSHA Injury & Illness Prevention Program (IIPP),HH7-6B.01,6-definitions,4. Definitions,"- HH7-6B.01: Risk Manager and safety program owners execute and monitor hazard communication, SDS access, and spill/waste handling controls. Work steps are tracked with defined owner accountability, required completion timing, and exception escalation; survey evidence is retained in safety logs, drill/test records, incident documentation, and remediation verification.",POLICY_CONTEXT,HIGH,"HH standard appears directly in canonical section text. [FinalFix: relocated from reference-section ""24-references"" to substantive section ""6-definitions""] Section hardened with explicit HH7-6B.01 operational workflow, accountable owner, evidence retention expectation, and monitoring/escalation language."
RM-OS-001,Cal/OSHA Injury & Illness Prevention Program (IIPP),HH7-7A.01,11-workplace-hazard-identification-and-evaluation,Workplace Hazard Identification and Evaluation,"- HH7-7A.01: Risk Manager and safety program owners execute and monitor OSHA injury/illness log maintenance and trend response process. Work steps are tracked with defined owner accountability, required completion timing, and exception escalation; survey evidence is retained in safety logs, drill/test records, incident documentation, and remediation verification.",POLICY_CONTEXT,HIGH,"Corridor context token overlap (2 token hits). Section hardened with explicit HH7-7A.01 operational workflow, accountable owner, evidence retention expectation, and monitoring/escalation language."
RM-OS-001,Cal/OSHA Injury & Illness Prevention Program (IIPP),HH7-9A.01,11-workplace-hazard-identification-and-evaluation,Workplace Hazard Identification and Evaluation,"- HH7-9A.01: Risk Manager and safety program owners execute and monitor equipment quality-control logging and safe-use verification. Work steps are tracked with defined owner accountability, required completion timing, and exception escalation; survey evidence is retained in safety logs, drill/test records, incident documentation, and remediation verification.",POLICY_CONTEXT,HIGH,"Corridor context token overlap (2 token hits). Section hardened with explicit HH7-9A.01 operational workflow, accountable owner, evidence retention expectation, and monitoring/escalation language."
RM-OS-002,Airborne Transmissible Disease (ATD) Exposure Control Plan,HH1-1A.01,10-respiratory-protection-program,Respiratory Protection Program,"- HH1-1A.01: Risk Manager and safety program owners execute and monitor governance accountability, licensing oversight, and operational control execution. Work steps are tracked with defined owner accountability, required completion timing, and exception escalation; survey evidence is retained in governance records, role documents, approval logs, and oversight meeting evidence.",POLICY_CONTEXT,HIGH,"Section 5.1 and 5.8 establish agency commitment to maintaining and annually reviewing the ATD ECP — indirectly supporting HH1-1A.01 (governing body oversight of operational compliance programs). Direct governing body language absent. Corridor row 6-002: Record Keeping. [Pass 3: relocated to higher-scoring section (score 6)] [FinalFix: relocated from policy-header-section ""2-policy-header"" to substantive section ""10-respiratory-protection-program""] Section hardened with explicit HH1-1A.01 operational workflow, accountable owner, evidence retention expectation, and monitoring/escalation language."
RM-OS-002,Airborne Transmissible Disease (ATD) Exposure Control Plan,HH7-1A,9-atd-precaution-procedures-all-field-visits,ATD Precaution Procedures — All Field Visits,"- HH7-1A: Risk Manager and safety program owners execute and monitor infection control and staff safety program implementation with active surveillance. Work steps are tracked with defined owner accountability, required completion timing, and exception escalation; survey evidence is retained in safety logs, drill/test records, incident documentation, and remediation verification.",POLICY_CONTEXT,HIGH,"Section establishes comprehensive ATD precaution procedures for all field visits in an ATD-susceptible workplace (8 CCR §5199) — directly supporting HH7-1A (environmental safety program, occupational safety standards). Corridor row 6-002. Section hardened with explicit HH7-1A operational workflow, accountable owner, evidence retention expectation, and monitoring/escalation language."
RM-OS-003,Bloodborne Pathogen (BBP) Exposure Control Plan,HH7-2A.01,6-definitions,4. Definitions,"| Term | Definition | | :---- | :---- | | Bloodborne Pathogens | Pathogenic microorganisms present in human blood that can cause disease in humans. The term also applies to any body fluid visibly contaminated with blood; all body fluids involving uncertainty about blood content; semen, vaginal secretions, cerebrospinal fluid, synovial fluid, pleural fluid, peritoneal fluid, pericardial fluid, amniotic fluid; and other OPIM. | | OPIM | Other Poten",ACHC_CONTEXT,HIGH,"HH standard appears directly in canonical section text. [FinalFix: relocated from reference-section ""24-references"" to substantive section ""6-definitions""]"
RM-OS-003,Bloodborne Pathogen (BBP) Exposure Control Plan,HH7-2B.01,6-definitions,4. Definitions,"| Term | Definition | | :---- | :---- | | Bloodborne Pathogens | Pathogenic microorganisms present in human blood that can cause disease in humans. The term also applies to any body fluid visibly contaminated with blood; all body fluids involving uncertainty about blood content; semen, vaginal secretions, cerebrospinal fluid, synovial fluid, pleural fluid, peritoneal fluid, pericardial fluid, amniotic fluid; and other OPIM. | | OPIM | Other Poten",ACHC_CONTEXT,HIGH,"HH standard appears directly in canonical section text. [FinalFix: relocated from reference-section ""24-references"" to substantive section ""6-definitions""]"
RM-OS-101,Cal/OSHA Occupational Safety Program (IIPP),HH1-1A.01,12-hazard-communication,Hazard Communication,| Step | Responsible Party | Action | Timeframe | | :---- | :---- | :---- | :---- | | 6.5.1 | Risk Manager | Maintain a Hazard Communication Program per 8 CCR § 5194 including: (a) chemical inventory; (b) SDS collection for all hazardous chemicals; (c) container labeling per GHS; (d) employee training. | Maintained continuously. | | 6.5.2 | Risk Manager | Train all employees on chemical hazards at,CORRIDOR_CONTEXT,HIGH,Corridor context token overlap (2 token hits). Survey-note to section-title overlap (2). Shared policy-context signal: procedure.
RM-OS-101,Cal/OSHA Occupational Safety Program (IIPP),HH7-1A,12-hazard-communication,Hazard Communication,| Step | Responsible Party | Action | Timeframe | | :---- | :---- | :---- | :---- | | 6.5.1 | Risk Manager | Maintain a Hazard Communication Program per 8 CCR § 5194 including: (a) chemical inventory; (b) SDS collection for all hazardous chemicals; (c) container labeling per GHS; (d) employee training. | Maintained continuously. | | 6.5.2 | Risk Manager | Train all employees on chemical hazards at,CORRIDOR_CONTEXT,HIGH,Corridor context token overlap (2 token hits). Survey-note to section-title overlap (2). Shared policy-context signal: procedure.
RM-OS-101,Cal/OSHA Occupational Safety Program (IIPP),HH7-2A.01,3-purpose,2. Purpose,"This policy establishes the comprehensive Cal/OSHA occupational safety and health program for Care Indeed Home Health Care, Inc. as required by the California Injury and Illness Prevention Program (IIPP) standard (Cal. Code Regs., tit. 8, § 3203). This policy integrates all Cal/OSHA requirements applicable to a home health agency operating in California, including but not limited to: IIPP core elements, Workplace Violence Prevention (SB 553; Cal.",ACHC_CONTEXT,HIGH,"HH standard appears directly in canonical section text. [FinalFix: relocated from reference-section ""24-references"" to substantive section ""3-purpose""]"
RM-OS-101,Cal/OSHA Occupational Safety Program (IIPP),HH7-2B.01,3-purpose,2. Purpose,"This policy establishes the comprehensive Cal/OSHA occupational safety and health program for Care Indeed Home Health Care, Inc. as required by the California Injury and Illness Prevention Program (IIPP) standard (Cal. Code Regs., tit. 8, § 3203). This policy integrates all Cal/OSHA requirements applicable to a home health agency operating in California, including but not limited to: IIPP core elements, Workplace Violence Prevention (SB 553; Cal.",ACHC_CONTEXT,HIGH,"HH standard appears directly in canonical section text. [FinalFix: relocated from reference-section ""24-references"" to substantive section ""3-purpose""]"
RM-OS-101,Cal/OSHA Occupational Safety Program (IIPP),HH7-6A.01,5-policy-statements,4. Policy Statements,"- HH7-6A.01: Risk Manager and safety program owners execute and monitor hazard communication, SDS access, and spill/waste handling controls. Work steps are tracked with defined owner accountability, required completion timing, and exception escalation; survey evidence is retained in safety logs, drill/test records, incident documentation, and remediation verification.",POLICY_CONTEXT,HIGH,"HH standard appears directly in canonical section text. [FinalFix: relocated from reference-section ""24-references"" to substantive section ""5-policy-statements""] Section hardened with explicit HH7-6A.01 operational workflow, accountable owner, evidence retention expectation, and monitoring/escalation language."
RM-OS-101,Cal/OSHA Occupational Safety Program (IIPP),HH7-6B.01,5-policy-statements,4. Policy Statements,"- HH7-6B.01: Risk Manager and safety program owners execute and monitor hazard communication, SDS access, and spill/waste handling controls. Work steps are tracked with defined owner accountability, required completion timing, and exception escalation; survey evidence is retained in safety logs, drill/test records, incident documentation, and remediation verification.",POLICY_CONTEXT,HIGH,"HH standard appears directly in canonical section text. [FinalFix: relocated from reference-section ""24-references"" to substantive section ""5-policy-statements""] Section hardened with explicit HH7-6B.01 operational workflow, accountable owner, evidence retention expectation, and monitoring/escalation language."
RM-OS-101,Cal/OSHA Occupational Safety Program (IIPP),HH7-7A.01,12-hazard-communication,Hazard Communication,| Step | Responsible Party | Action | Timeframe | | :---- | :---- | :---- | :---- | | 6.5.1 | Risk Manager | Maintain a Hazard Communication Program per 8 CCR § 5194 including: (a) chemical inventory; (b) SDS collection for all hazardous chemicals; (c) container labeling per GHS; (d) employee training. | Maintained continuously. | | 6.5.2 | Risk Manager | Train all employees on chemical hazards at,CORRIDOR_CONTEXT,HIGH,Corridor context token overlap (2 token hits). Survey-note to section-title overlap (2). Shared policy-context signal: procedure.
RM-SS-001,Staff Safety & Personal Security,HH7-2A.01,6-definitions,3. Definitions,"- HH7-2A.01: Risk Manager and safety program owners execute and monitor occupational safety controls, hazard prevention, and work-practice enforcement. Work steps are tracked with defined owner accountability, required completion timing, and exception escalation; survey evidence is retained in safety logs, drill/test records, incident documentation, and remediation verification.",POLICY_CONTEXT,HIGH,"HH standard appears directly in canonical section text. [FinalFix: relocated from reference-section ""24-regulatory-references"" to substantive section ""6-definitions""] Section hardened with explicit HH7-2A.01 operational workflow, accountable owner, evidence retention expectation, and monitoring/escalation language."
RM-SS-001,Staff Safety & Personal Security,HH7-2B.01,10-high-risk-visit-procedures,High-Risk Visit Procedures,| Step | Responsible Party | Action | Timeframe | | :---- | :---- | :---- | :---- | | 5.3.1 | Supervisor | Assign High-Risk visits only during daylight hours unless clinically urgent. | Ongoing. | | 5.3.2 | Supervisor | Implement the buddy system for all High-Risk visits. Two staff members shall attend jointly. | For all High-Risk visits. | | 5.3.3 | Supervisor | Ensure all staff assigned to High-,CORRIDOR_CONTEXT,HIGH,Corridor context token overlap (2 token hits). Survey-note to section-title overlap (3). Shared policy-context signal: procedure.
RM-SS-001,Staff Safety & Personal Security,HH7-3A,10-high-risk-visit-procedures,High-Risk Visit Procedures,| Step | Responsible Party | Action | Timeframe | | :---- | :---- | :---- | :---- | | 5.3.1 | Supervisor | Assign High-Risk visits only during daylight hours unless clinically urgent. | Ongoing. | | 5.3.2 | Supervisor | Implement the buddy system for all High-Risk visits. Two staff members shall attend jointly. | For all High-Risk visits. | | 5.3.3 | Supervisor | Ensure all staff assigned to High-,CORRIDOR_CONTEXT,HIGH,Corridor context token overlap (2 token hits). Survey-note to section-title overlap (3). Shared policy-context signal: procedure.
RM-SS-001,Staff Safety & Personal Security,HH7-3B,10-high-risk-visit-procedures,High-Risk Visit Procedures,| Step | Responsible Party | Action | Timeframe | | :---- | :---- | :---- | :---- | | 5.3.1 | Supervisor | Assign High-Risk visits only during daylight hours unless clinically urgent. | Ongoing. | | 5.3.2 | Supervisor | Implement the buddy system for all High-Risk visits. Two staff members shall attend jointly. | For all High-Risk visits. | | 5.3.3 | Supervisor | Ensure all staff assigned to High-,CORRIDOR_CONTEXT,HIGH,Corridor context token overlap (2 token hits). Survey-note to section-title overlap (3). Shared policy-context signal: procedure.
RM-SS-001,Staff Safety & Personal Security,HH7-3C,10-high-risk-visit-procedures,High-Risk Visit Procedures,| Step | Responsible Party | Action | Timeframe | | :---- | :---- | :---- | :---- | | 5.3.1 | Supervisor | Assign High-Risk visits only during daylight hours unless clinically urgent. | Ongoing. | | 5.3.2 | Supervisor | Implement the buddy system for all High-Risk visits. Two staff members shall attend jointly. | For all High-Risk visits. | | 5.3.3 | Supervisor | Ensure all staff assigned to High-,CORRIDOR_CONTEXT,HIGH,Corridor context token overlap (2 token hits). Survey-note to section-title overlap (3). Shared policy-context signal: procedure.
RM-SS-001,Staff Safety & Personal Security,HH7-3D,10-high-risk-visit-procedures,High-Risk Visit Procedures,| Step | Responsible Party | Action | Timeframe | | :---- | :---- | :---- | :---- | | 5.3.1 | Supervisor | Assign High-Risk visits only during daylight hours unless clinically urgent. | Ongoing. | | 5.3.2 | Supervisor | Implement the buddy system for all High-Risk visits. Two staff members shall attend jointly. | For all High-Risk visits. | | 5.3.3 | Supervisor | Ensure all staff assigned to High-,CORRIDOR_CONTEXT,HIGH,Corridor context token overlap (2 token hits). Survey-note to section-title overlap (3). Shared policy-context signal: procedure.
RM-SS-001,Staff Safety & Personal Security,HH7-3E,10-high-risk-visit-procedures,High-Risk Visit Procedures,| Step | Responsible Party | Action | Timeframe | | :---- | :---- | :---- | :---- | | 5.3.1 | Supervisor | Assign High-Risk visits only during daylight hours unless clinically urgent. | Ongoing. | | 5.3.2 | Supervisor | Implement the buddy system for all High-Risk visits. Two staff members shall attend jointly. | For all High-Risk visits. | | 5.3.3 | Supervisor | Ensure all staff assigned to High-,CORRIDOR_CONTEXT,HIGH,Corridor context token overlap (2 token hits). Survey-note to section-title overlap (3). Shared policy-context signal: procedure.
RM-SS-001,Staff Safety & Personal Security,HH7-7A.01,10-high-risk-visit-procedures,High-Risk Visit Procedures,| Step | Responsible Party | Action | Timeframe | | :---- | :---- | :---- | :---- | | 5.3.1 | Supervisor | Assign High-Risk visits only during daylight hours unless clinically urgent. | Ongoing. | | 5.3.2 | Supervisor | Implement the buddy system for all High-Risk visits. Two staff members shall attend jointly. | For all High-Risk visits. | | 5.3.3 | Supervisor | Ensure all staff assigned to High-,CORRIDOR_CONTEXT,HIGH,Corridor context token overlap (2 token hits). Survey-note to section-title overlap (3). Shared policy-context signal: procedure.
RM-SS-002,Workplace Violence Prevention,HH7-2A.01,8-workplace-violence-prevention-plan-wvpp,Workplace Violence Prevention Plan (WVPP),| Step | Responsible Party | Action | Timeframe | | :---- | :---- | :---- | :---- | | 5.1.1 | Risk Manager | Develop and maintain a written Workplace Violence Prevention Plan (Appendix A) in compliance with Cal/OSHA requirements (Labor Code § 6401.9). The Plan shall include: (a) persons responsible for implementation; (b) procedures for employee involvement; (c) methods for coordination with other employers (if shared worksites); (d) procedures f,ACHC_CONTEXT,HIGH,"HH standard appears directly in canonical section text. [FinalFix: relocated from reference-section ""24-regulatory-references"" to substantive section ""8-workplace-violence-prevention-plan-wvpp""]"
RM-SS-002,Workplace Violence Prevention,HH7-2B.01,19-documentation-requirements,6. Documentation Requirements,| Requirement | Document/Record | Responsible Party | Location | Timeframe | | :---- | :---- | :---- | :---- | :---- | | Workplace Violence Prevention Plan | Appendix A | Risk Manager | Risk Management file; accessible to all staff | Reviewed annually; retained 5 years per Cal/OSHA. | | Workplace Violence Incident Log | Appendix B | Risk Manager | Risk Management file | Updated per incident; retai,CORRIDOR_CONTEXT,HIGH,Corridor context token overlap (2 token hits). Survey-note to section-title overlap (2).
RM-SS-002,Workplace Violence Prevention,HH7-3A,19-documentation-requirements,6. Documentation Requirements,| Requirement | Document/Record | Responsible Party | Location | Timeframe | | :---- | :---- | :---- | :---- | :---- | | Workplace Violence Prevention Plan | Appendix A | Risk Manager | Risk Management file; accessible to all staff | Reviewed annually; retained 5 years per Cal/OSHA. | | Workplace Violence Incident Log | Appendix B | Risk Manager | Risk Management file | Updated per incident; retai,CORRIDOR_CONTEXT,HIGH,Corridor context token overlap (2 token hits). Survey-note to section-title overlap (2).
RM-SS-002,Workplace Violence Prevention,HH7-3C,19-documentation-requirements,6. Documentation Requirements,| Requirement | Document/Record | Responsible Party | Location | Timeframe | | :---- | :---- | :---- | :---- | :---- | | Workplace Violence Prevention Plan | Appendix A | Risk Manager | Risk Management file; accessible to all staff | Reviewed annually; retained 5 years per Cal/OSHA. | | Workplace Violence Incident Log | Appendix B | Risk Manager | Risk Management file | Updated per incident; retai,CORRIDOR_CONTEXT,HIGH,Corridor context token overlap (2 token hits). Survey-note to section-title overlap (2).
RM-SS-002,Workplace Violence Prevention,HH7-7A.01,19-documentation-requirements,6. Documentation Requirements,| Requirement | Document/Record | Responsible Party | Location | Timeframe | | :---- | :---- | :---- | :---- | :---- | | Workplace Violence Prevention Plan | Appendix A | Risk Manager | Risk Management file; accessible to all staff | Reviewed annually; retained 5 years per Cal/OSHA. | | Workplace Violence Incident Log | Appendix B | Risk Manager | Risk Management file | Updated per incident; retai,CORRIDOR_CONTEXT,HIGH,Corridor context token overlap (2 token hits). Survey-note to section-title overlap (2).
RM-SS-003,Motor Vehicle Safety & Accident Reporting,HH7-2A.01,3-purpose,1. Purpose,"- HH7-2A.01: Risk Manager and safety program owners execute and monitor occupational safety controls, hazard prevention, and work-practice enforcement. Work steps are tracked with defined owner accountability, required completion timing, and exception escalation; survey evidence is retained in safety logs, drill/test records, incident documentation, and remediation verification.",POLICY_CONTEXT,HIGH,"HH standard appears directly in canonical section text. [FinalFix: relocated from reference-section ""24-regulatory-references"" to substantive section ""3-purpose""] Section hardened with explicit HH7-2A.01 operational workflow, accountable owner, evidence retention expectation, and monitoring/escalation language."
RM-SS-003,Motor Vehicle Safety & Accident Reporting,HH7-2B.01,10-motor-vehicle-accident-response,Motor Vehicle Accident Response,"| Step | Responsible Party | Action | Timeframe | | :---- | :---- | :---- | :---- | | 5.3.1 | Involved Driver | If involved in a motor vehicle accident while on agency business: (a) Stop the vehicle immediately. Do not leave the scene. (b) Check for injuries to self and others. (c) Call 911 if there are injuries, significant property damage, or road hazard. (d) Move vehicles out of traffic if safe",CORRIDOR_CONTEXT,HIGH,Corridor context token overlap (3 token hits). Survey-note to section-title overlap (3).
RM-SS-003,Motor Vehicle Safety & Accident Reporting,HH7-7A.01,10-motor-vehicle-accident-response,Motor Vehicle Accident Response,"| Step | Responsible Party | Action | Timeframe | | :---- | :---- | :---- | :---- | | 5.3.1 | Involved Driver | If involved in a motor vehicle accident while on agency business: (a) Stop the vehicle immediately. Do not leave the scene. (b) Check for injuries to self and others. (c) Call 911 if there are injuries, significant property damage, or road hazard. (d) Move vehicles out of traffic if safe",CORRIDOR_CONTEXT,HIGH,Corridor context token overlap (3 token hits). Survey-note to section-title overlap (3).